[2026-03-12 07:01:40] Watchdog check...
[2026-03-12 07:01:40] ❌ Gateway 无响应，重启中...
/Users/apple/.openclaw/workspace/bin/gateway-watchdog.sh: line 20: openclaw: command not found
[2026-03-12 07:01:42] ✅ Gateway 已重启
[2026-03-12 07:06:42] Watchdog check...
[2026-03-12 07:06:42] ❌ Gateway 无响应，重启中...
/Users/apple/.openclaw/workspace/bin/gateway-watchdog.sh: line 20: openclaw: command not found
[2026-03-12 07:06:44] ✅ Gateway 已重启
[2026-03-12 07:11:44] Watchdog check...
[2026-03-12 07:11:44] ❌ Gateway 无响应，重启中...
/Users/apple/.openclaw/workspace/bin/gateway-watchdog.sh: line 20: openclaw: command not found
[2026-03-12 07:11:46] ✅ Gateway 已重启
[2026-03-12 07:16:46] Watchdog check...
[2026-03-12 07:16:46] ❌ Gateway 无响应，重启中...
/Users/apple/.openclaw/workspace/bin/gateway-watchdog.sh: line 20: openclaw: command not found
[2026-03-12 07:16:48] ✅ Gateway 已重启
[2026-03-12 07:21:49] Watchdog check...
[2026-03-12 07:21:49] ❌ Gateway 无响应，重启中...
/Users/apple/.openclaw/workspace/bin/gateway-watchdog.sh: line 20: openclaw: command not found
[2026-03-12 07:21:51] ✅ Gateway 已重启
[2026-03-12 07:26:51] Watchdog check...
[2026-03-12 07:26:51] ❌ Gateway 无响应，重启中...
/Users/apple/.openclaw/workspace/bin/gateway-watchdog.sh: line 20: openclaw: command not found
[2026-03-12 07:26:53] ✅ Gateway 已重启
[2026-03-12 07:31:53] Watchdog check...
[2026-03-12 07:31:53] ❌ Gateway 无响应，重启中...
/Users/apple/.openclaw/workspace/bin/gateway-watchdog.sh: line 20: openclaw: command not found
[2026-03-12 07:31:55] ✅ Gateway 已重启
[2026-03-12 07:36:55] Watchdog check...
[2026-03-12 07:36:55] ❌ Gateway 无响应，重启中...
/Users/apple/.openclaw/workspace/bin/gateway-watchdog.sh: line 20: openclaw: command not found
[2026-03-12 07:36:57] ✅ Gateway 已重启
[2026-03-12 07:41:57] Watchdog check...
[2026-03-12 07:41:57] ❌ Gateway 无响应，重启中...
/Users/apple/.openclaw/workspace/bin/gateway-watchdog.sh: line 20: openclaw: command not found
[2026-03-12 07:41:59] ✅ Gateway 已重启
[2026-03-12 07:46:59] Watchdog check...
[2026-03-12 07:46:59] ❌ Gateway 无响应，重启中...
/Users/apple/.openclaw/workspace/bin/gateway-watchdog.sh: line 20: openclaw: command not found
[2026-03-12 07:47:02] ✅ Gateway 已重启
[2026-03-12 07:52:02] Watchdog check...
[2026-03-12 07:52:02] ❌ Gateway 无响应，重启中...
/Users/apple/.openclaw/workspace/bin/gateway-watchdog.sh: line 20: openclaw: command not found
[2026-03-12 07:52:04] ✅ Gateway 已重启
[2026-03-12 07:57:04] Watchdog check...
[2026-03-12 07:57:04] ❌ Gateway 无响应，重启中...
/Users/apple/.openclaw/workspace/bin/gateway-watchdog.sh: line 20: openclaw: command not found
[2026-03-12 07:57:06] ✅ Gateway 已重启
[2026-03-12 08:02:06] Watchdog check...
[2026-03-12 08:02:06] ❌ Gateway 无响应，重启中...
/Users/apple/.openclaw/workspace/bin/gateway-watchdog.sh: line 20: openclaw: command not found
[2026-03-12 08:02:08] ✅ Gateway 已重启
[2026-03-12 08:07:08] Watchdog check...
[2026-03-12 08:07:08] ❌ Gateway 无响应，重启中...
/Users/apple/.openclaw/workspace/bin/gateway-watchdog.sh: line 20: openclaw: command not found
[2026-03-12 08:07:10] ✅ Gateway 已重启
[2026-03-12 08:12:10] Watchdog check...
[2026-03-12 08:12:10] ❌ Gateway 无响应，重启中...
/Users/apple/.openclaw/workspace/bin/gateway-watchdog.sh: line 20: openclaw: command not found
[2026-03-12 08:12:12] ✅ Gateway 已重启
[2026-03-12 08:17:12] Watchdog check...
[2026-03-12 08:17:12] ❌ Gateway 无响应，重启中...
/Users/apple/.openclaw/workspace/bin/gateway-watchdog.sh: line 20: openclaw: command not found
[2026-03-12 08:17:14] ✅ Gateway 已重启
[2026-03-12 08:22:14] Watchdog check...
[2026-03-12 08:22:14] ❌ Gateway 无响应，重启中...
/Users/apple/.openclaw/workspace/bin/gateway-watchdog.sh: line 20: openclaw: command not found
[2026-03-12 08:22:16] ✅ Gateway 已重启
[2026-03-12 08:27:17] Watchdog check...
[2026-03-12 08:27:17] ❌ Gateway 无响应，重启中...
/Users/apple/.openclaw/workspace/bin/gateway-watchdog.sh: line 20: openclaw: command not found
[2026-03-12 08:27:19] ✅ Gateway 已重启
[2026-03-12 08:32:19] Watchdog check...
[2026-03-12 08:32:19] ❌ Gateway 无响应，重启中...
/Users/apple/.openclaw/workspace/bin/gateway-watchdog.sh: line 20: openclaw: command not found
[2026-03-12 08:32:21] ✅ Gateway 已重启
[2026-03-12 08:37:21] Watchdog check...
[2026-03-12 08:37:21] ❌ Gateway 无响应，重启中...
/Users/apple/.openclaw/workspace/bin/gateway-watchdog.sh: line 20: openclaw: command not found
[2026-03-12 08:37:23] ✅ Gateway 已重启
[2026-03-12 08:42:23] Watchdog check...
[2026-03-12 08:42:23] ❌ Gateway 无响应，重启中...
/Users/apple/.openclaw/workspace/bin/gateway-watchdog.sh: line 20: openclaw: command not found
[2026-03-12 08:42:25] ✅ Gateway 已重启
[2026-03-12 08:47:25] Watchdog check...
[2026-03-12 08:47:25] ❌ Gateway 无响应，重启中...
/Users/apple/.openclaw/workspace/bin/gateway-watchdog.sh: line 20: openclaw: command not found
[2026-03-12 08:47:27] ✅ Gateway 已重启
[2026-03-12 08:52:27] Watchdog check...
[2026-03-12 08:52:27] ❌ Gateway 无响应，重启中...
/Users/apple/.openclaw/workspace/bin/gateway-watchdog.sh: line 20: openclaw: command not found
[2026-03-12 08:52:29] ✅ Gateway 已重启
[2026-03-12 08:57:29] Watchdog check...
[2026-03-12 08:57:29] ❌ Gateway 无响应，重启中...
/Users/apple/.openclaw/workspace/bin/gateway-watchdog.sh: line 20: openclaw: command not found
[2026-03-12 08:57:32] ✅ Gateway 已重启
[2026-03-12 09:02:32] Watchdog check...
[2026-03-12 09:02:32] ❌ Gateway 无响应，重启中...
/Users/apple/.openclaw/workspace/bin/gateway-watchdog.sh: line 20: openclaw: command not found
[2026-03-12 09:02:34] ✅ Gateway 已重启
[2026-03-12 09:07:34] Watchdog check...
[2026-03-12 09:07:34] ❌ Gateway 无响应，重启中...
/Users/apple/.openclaw/workspace/bin/gateway-watchdog.sh: line 20: openclaw: command not found
[2026-03-12 09:07:36] ✅ Gateway 已重启
[2026-03-12 09:12:36] Watchdog check...
[2026-03-12 09:12:36] ❌ Gateway 无响应，重启中...
/Users/apple/.openclaw/workspace/bin/gateway-watchdog.sh: line 20: openclaw: command not found
[2026-03-12 09:12:38] ✅ Gateway 已重启
[2026-03-12 09:17:38] Watchdog check...
[2026-03-12 09:17:38] ❌ Gateway 无响应，重启中...
/Users/apple/.openclaw/workspace/bin/gateway-watchdog.sh: line 20: openclaw: command not found
[2026-03-12 09:17:40] ✅ Gateway 已重启
[2026-03-12 09:22:40] Watchdog check...
[2026-03-12 09:22:40] ❌ Gateway 无响应，重启中...
/Users/apple/.openclaw/workspace/bin/gateway-watchdog.sh: line 20: openclaw: command not found
[2026-03-12 09:22:42] ✅ Gateway 已重启
[2026-03-12 09:27:42] Watchdog check...
[2026-03-12 09:27:42] ❌ Gateway 无响应，重启中...
/Users/apple/.openclaw/workspace/bin/gateway-watchdog.sh: line 20: openclaw: command not found
[2026-03-12 09:27:44] ✅ Gateway 已重启
[2026-03-12 09:32:44] Watchdog check...
[2026-03-12 09:32:44] ❌ Gateway 无响应，重启中...
/Users/apple/.openclaw/workspace/bin/gateway-watchdog.sh: line 20: openclaw: command not found
[2026-03-12 09:32:46] ✅ Gateway 已重启
[2026-03-12 09:37:47] Watchdog check...
[2026-03-12 09:37:47] ❌ Gateway 无响应，重启中...
/Users/apple/.openclaw/workspace/bin/gateway-watchdog.sh: line 20: openclaw: command not found
[2026-03-12 09:37:49] ✅ Gateway 已重启
[2026-03-12 09:42:49] Watchdog check...
[2026-03-12 09:42:49] ❌ Gateway 无响应，重启中...
/Users/apple/.openclaw/workspace/bin/gateway-watchdog.sh: line 20: openclaw: command not found
[2026-03-12 09:42:51] ✅ Gateway 已重启
[2026-03-12 09:47:51] Watchdog check...
[2026-03-12 09:47:51] ❌ Gateway 无响应，重启中...
/Users/apple/.openclaw/workspace/bin/gateway-watchdog.sh: line 20: openclaw: command not found
[2026-03-12 09:47:53] ✅ Gateway 已重启
[2026-03-12 09:52:53] Watchdog check...
[2026-03-12 09:52:53] ❌ Gateway 无响应，重启中...
/Users/apple/.openclaw/workspace/bin/gateway-watchdog.sh: line 20: openclaw: command not found
[2026-03-12 09:52:55] ✅ Gateway 已重启
[2026-03-12 09:57:55] Watchdog check...
[2026-03-12 09:57:55] ❌ Gateway 无响应，重启中...
/Users/apple/.openclaw/workspace/bin/gateway-watchdog.sh: line 20: openclaw: command not found
[2026-03-12 09:57:57] ✅ Gateway 已重启
[2026-03-12 10:02:57] Watchdog check...
[2026-03-12 10:02:57] ❌ Gateway 无响应，重启中...
/Users/apple/.openclaw/workspace/bin/gateway-watchdog.sh: line 20: openclaw: command not found
[2026-03-12 10:02:59] ✅ Gateway 已重启
[2026-03-12 10:07:59] Watchdog check...
[2026-03-12 10:07:59] ❌ Gateway 无响应，重启中...
/Users/apple/.openclaw/workspace/bin/gateway-watchdog.sh: line 20: openclaw: command not found
[2026-03-12 10:08:02] ✅ Gateway 已重启
[2026-03-12 10:13:02] Watchdog check...
[2026-03-12 10:13:02] ❌ Gateway 无响应，重启中...
/Users/apple/.openclaw/workspace/bin/gateway-watchdog.sh: line 20: openclaw: command not found
[2026-03-12 10:13:04] ✅ Gateway 已重启
[2026-03-12 10:18:04] Watchdog check...
[2026-03-12 10:18:04] ❌ Gateway 无响应，重启中...
/Users/apple/.openclaw/workspace/bin/gateway-watchdog.sh: line 20: openclaw: command not found
[2026-03-12 10:18:06] ✅ Gateway 已重启
[2026-03-12 10:23:06] Watchdog check...
[2026-03-12 10:23:06] ❌ Gateway 无响应，重启中...
/Users/apple/.openclaw/workspace/bin/gateway-watchdog.sh: line 20: openclaw: command not found
[2026-03-12 10:23:08] ✅ Gateway 已重启
[2026-03-12 10:28:08] Watchdog check...
[2026-03-12 10:28:08] ❌ Gateway 无响应，重启中...
/Users/apple/.openclaw/workspace/bin/gateway-watchdog.sh: line 20: openclaw: command not found
[2026-03-12 10:28:10] ✅ Gateway 已重启
[2026-03-12 10:33:10] Watchdog check...
[2026-03-12 10:33:10] ❌ Gateway 无响应，重启中...
/Users/apple/.openclaw/workspace/bin/gateway-watchdog.sh: line 20: openclaw: command not found
[2026-03-12 10:33:12] ✅ Gateway 已重启
[2026-03-12 10:38:12] Watchdog check...
[2026-03-12 10:38:12] ❌ Gateway 无响应，重启中...
/Users/apple/.openclaw/workspace/bin/gateway-watchdog.sh: line 20: openclaw: command not found
[2026-03-12 10:38:14] ✅ Gateway 已重启
[2026-03-12 10:43:15] Watchdog check...
[2026-03-12 10:43:15] ❌ Gateway 无响应，重启中...
/Users/apple/.openclaw/workspace/bin/gateway-watchdog.sh: line 20: openclaw: command not found
[2026-03-12 10:43:17] ✅ Gateway 已重启
[2026-03-12 10:48:17] Watchdog check...
[2026-03-12 10:48:17] ❌ Gateway 无响应，重启中...
/Users/apple/.openclaw/workspace/bin/gateway-watchdog.sh: line 20: openclaw: command not found
[2026-03-12 10:48:19] ✅ Gateway 已重启
[2026-03-12 10:53:19] Watchdog check...
[2026-03-12 10:53:19] ❌ Gateway 无响应，重启中...
/Users/apple/.openclaw/workspace/bin/gateway-watchdog.sh: line 20: openclaw: command not found
[2026-03-12 10:53:21] ✅ Gateway 已重启
[2026-03-12 10:58:21] Watchdog check...
[2026-03-12 10:58:21] ❌ Gateway 无响应，重启中...
/Users/apple/.openclaw/workspace/bin/gateway-watchdog.sh: line 20: openclaw: command not found
[2026-03-12 10:58:23] ✅ Gateway 已重启
[2026-03-12 11:03:23] Watchdog check...
[2026-03-12 11:03:23] ❌ Gateway 无响应，重启中...
/Users/apple/.openclaw/workspace/bin/gateway-watchdog.sh: line 20: openclaw: command not found
[2026-03-12 11:03:26] ✅ Gateway 已重启
[2026-03-12 11:08:26] Watchdog check...
[2026-03-12 11:08:26] ❌ Gateway 无响应，重启中...
/Users/apple/.openclaw/workspace/bin/gateway-watchdog.sh: line 20: openclaw: command not found
[2026-03-12 11:08:28] ✅ Gateway 已重启
[2026-03-12 11:13:28] Watchdog check...
[2026-03-12 11:13:28] ❌ Gateway 无响应，重启中...
/Users/apple/.openclaw/workspace/bin/gateway-watchdog.sh: line 20: openclaw: command not found
[2026-03-12 11:13:30] ✅ Gateway 已重启
[2026-03-12 11:18:30] Watchdog check...
[2026-03-12 11:18:30] ❌ Gateway 无响应，重启中...
/Users/apple/.openclaw/workspace/bin/gateway-watchdog.sh: line 20: openclaw: command not found
[2026-03-12 11:18:32] ✅ Gateway 已重启
[2026-03-12 11:23:32] Watchdog check...
[2026-03-12 11:23:32] ❌ Gateway 无响应，重启中...
/Users/apple/.openclaw/workspace/bin/gateway-watchdog.sh: line 20: openclaw: command not found
[2026-03-12 11:23:34] ✅ Gateway 已重启
[2026-03-12 11:28:34] Watchdog check...
[2026-03-12 11:28:34] ❌ Gateway 无响应，重启中...
Restarted LaunchAgent: gui/501/ai.openclaw.gateway
[2026-03-12 11:28:46] ✅ Gateway 已重启
[2026-03-12 11:33:46] Watchdog check...
[2026-03-12 11:33:46] ❌ Gateway 无响应，重启中...
Restarted LaunchAgent: gui/501/ai.openclaw.gateway
[2026-03-12 11:33:58] ✅ Gateway 已重启
[2026-03-12 11:38:58] Watchdog check...
[2026-03-12 11:38:58] ❌ Gateway 无响应，重启中...
Restarted LaunchAgent: gui/501/ai.openclaw.gateway
[2026-03-12 11:39:09] ✅ Gateway 已重启
[2026-03-12 11:44:09] Watchdog check...
[2026-03-12 11:44:09] ❌ Gateway 无响应，重启中...
Restarted LaunchAgent: gui/501/ai.openclaw.gateway
[2026-03-12 11:44:20] ✅ Gateway 已重启
[2026-03-12 11:49:20] Watchdog check...
[2026-03-12 11:49:20] ❌ Gateway 无响应，重启中...
Restarted LaunchAgent: gui/501/ai.openclaw.gateway
[2026-03-12 11:49:31] ✅ Gateway 已重启
[2026-03-12 11:54:31] Watchdog check...
[2026-03-12 11:54:31] ❌ Gateway 无响应，重启中...
Restarted LaunchAgent: gui/501/ai.openclaw.gateway
[2026-03-12 11:54:43] ✅ Gateway 已重启
[2026-03-12 11:59:43] Watchdog check...
[2026-03-12 11:59:43] ❌ Gateway 无响应，重启中...
Restarted LaunchAgent: gui/501/ai.openclaw.gateway
[2026-03-12 11:59:54] ✅ Gateway 已重启
[2026-03-12 12:04:54] Watchdog check...
[2026-03-12 12:04:54] ❌ Gateway 无响应，重启中...
Restarted LaunchAgent: gui/501/ai.openclaw.gateway
[2026-03-12 12:05:05] ✅ Gateway 已重启
[2026-03-12 12:10:05] Watchdog check...
[2026-03-12 12:10:05] ❌ Gateway 无响应，重启中...
Restarted LaunchAgent: gui/501/ai.openclaw.gateway
[2026-03-12 12:10:16] ✅ Gateway 已重启
[2026-03-12 12:15:17] Watchdog check...
[2026-03-12 12:15:17] ❌ Gateway 无响应，重启中...
Restarted LaunchAgent: gui/501/ai.openclaw.gateway
[2026-03-12 12:15:28] ✅ Gateway 已重启
[2026-03-12 12:20:28] Watchdog check...
[2026-03-12 12:20:28] ❌ Gateway 无响应，重启中...
Restarted LaunchAgent: gui/501/ai.openclaw.gateway
[2026-03-12 12:20:39] ✅ Gateway 已重启
[2026-03-12 12:25:39] Watchdog check...
[2026-03-12 12:25:39] ❌ Gateway 无响应，重启中...
Restarted LaunchAgent: gui/501/ai.openclaw.gateway
[2026-03-12 12:25:50] ✅ Gateway 已重启
[2026-03-12 12:30:50] Watchdog check...
[2026-03-12 12:30:50] ❌ Gateway 无响应，重启中...
Restarted LaunchAgent: gui/501/ai.openclaw.gateway
[2026-03-12 12:31:01] ✅ Gateway 已重启
[2026-03-12 12:36:01] Watchdog check...
[2026-03-12 12:36:01] ❌ Gateway 无响应，重启中...
Gateway start failed: Error: launchctl kickstart failed: Could not kickstart service "ai.openclaw.gateway": 1: Operation not permitted
[2026-03-12 12:36:11] ✅ Gateway 已重启
[2026-03-12 12:41:11] Watchdog check...
[2026-03-12 12:41:11] ❌ Gateway 无响应，重启中...
Restarted LaunchAgent: gui/501/ai.openclaw.gateway
[2026-03-12 12:41:22] ✅ Gateway 已重启
[2026-03-12 12:46:22] Watchdog check...
[2026-03-12 12:46:22] ❌ Gateway 无响应，重启中...
Restarted LaunchAgent: gui/501/ai.openclaw.gateway
[2026-03-12 12:46:36] ✅ Gateway 已重启
[2026-03-12 12:51:36] Watchdog check...
[2026-03-12 12:51:36] ❌ Gateway 无响应，重启中...
Restarted LaunchAgent: gui/501/ai.openclaw.gateway
[2026-03-12 12:51:49] ✅ Gateway 已重启
[2026-03-12 12:56:49] Watchdog check...
[2026-03-12 12:56:49] ❌ Gateway 无响应，重启中...
Restarted LaunchAgent: gui/501/ai.openclaw.gateway
[2026-03-12 12:57:11] ✅ Gateway 已重启
[2026-03-12 13:02:11] Watchdog check...
[2026-03-12 13:02:11] ❌ Gateway 无响应，重启中...
Restarted LaunchAgent: gui/501/ai.openclaw.gateway
[2026-03-12 13:02:25] ✅ Gateway 已重启
[2026-03-12 13:07:25] Watchdog check...
[2026-03-12 13:07:25] ❌ Gateway 无响应，重启中...
Restarted LaunchAgent: gui/501/ai.openclaw.gateway
[2026-03-12 13:07:36] ✅ Gateway 已重启
[2026-03-12 13:12:36] Watchdog check...
[2026-03-12 13:12:36] ❌ Gateway 无响应，重启中...
Restarted LaunchAgent: gui/501/ai.openclaw.gateway
[2026-03-12 13:12:48] ✅ Gateway 已重启
[2026-03-12 13:17:48] Watchdog check...
[2026-03-12 13:17:48] ❌ Gateway 无响应，重启中...
Restarted LaunchAgent: gui/501/ai.openclaw.gateway
[2026-03-12 13:18:00] ✅ Gateway 已重启
[2026-03-12 13:23:00] Watchdog check...
[2026-03-12 13:23:00] ❌ Gateway 无响应，重启中...
Restarted LaunchAgent: gui/501/ai.openclaw.gateway
[2026-03-12 13:23:11] ✅ Gateway 已重启
[2026-03-12 13:28:11] Watchdog check...
[2026-03-12 13:28:11] ❌ Gateway 无响应，重启中...
Restarted LaunchAgent: gui/501/ai.openclaw.gateway
[2026-03-12 13:28:23] ✅ Gateway 已重启
[2026-03-12 13:33:23] Watchdog check...
[2026-03-12 13:33:23] ❌ Gateway 无响应，重启中...
Restarted LaunchAgent: gui/501/ai.openclaw.gateway
[2026-03-12 13:33:37] ✅ Gateway 已重启
[2026-03-12 13:38:37] Watchdog check...
[2026-03-12 13:38:37] ❌ Gateway 无响应，重启中...
Restarted LaunchAgent: gui/501/ai.openclaw.gateway
[2026-03-12 13:38:51] ✅ Gateway 已重启
[2026-03-12 13:43:51] Watchdog check...
[2026-03-12 13:43:51] ❌ Gateway 无响应，重启中...
Restarted LaunchAgent: gui/501/ai.openclaw.gateway
[2026-03-12 13:44:05] ✅ Gateway 已重启
[2026-03-12 13:49:05] Watchdog check...
[2026-03-12 13:49:05] ❌ Gateway 无响应，重启中...
Restarted LaunchAgent: gui/501/ai.openclaw.gateway
[2026-03-12 13:49:19] ✅ Gateway 已重启
[2026-03-12 13:54:19] Watchdog check...
[2026-03-12 13:54:19] ❌ Gateway 无响应，重启中...
Restarted LaunchAgent: gui/501/ai.openclaw.gateway
[2026-03-12 13:54:31] ✅ Gateway 已重启
[2026-03-12 13:59:31] Watchdog check...
[2026-03-12 13:59:31] ❌ Gateway 无响应，重启中...
Restarted LaunchAgent: gui/501/ai.openclaw.gateway
[2026-03-12 13:59:42] ✅ Gateway 已重启
[2026-03-12 14:04:42] Watchdog check...
[2026-03-12 14:04:42] ❌ Gateway 无响应，重启中...
Restarted LaunchAgent: gui/501/ai.openclaw.gateway
[2026-03-12 14:04:53] ✅ Gateway 已重启
[2026-03-12 14:09:53] Watchdog check...
[2026-03-12 14:09:53] ❌ Gateway 无响应，重启中...
Restarted LaunchAgent: gui/501/ai.openclaw.gateway
[2026-03-12 14:10:06] ✅ Gateway 已重启
[2026-03-12 14:15:06] Watchdog check...
[2026-03-12 14:15:06] ❌ Gateway 无响应，重启中...
Restarted LaunchAgent: gui/501/ai.openclaw.gateway
[2026-03-12 14:15:17] ✅ Gateway 已重启
[2026-03-12 14:20:17] Watchdog check...
[2026-03-12 14:20:17] ❌ Gateway 无响应，重启中...
Restarted LaunchAgent: gui/501/ai.openclaw.gateway
[2026-03-12 14:20:28] ✅ Gateway 已重启
[2026-03-12 14:25:28] Watchdog check...
[2026-03-12 14:25:28] ❌ Gateway 无响应，重启中...
Restarted LaunchAgent: gui/501/ai.openclaw.gateway
[2026-03-12 14:25:39] ✅ Gateway 已重启
[2026-03-12 14:30:39] Watchdog check...
[2026-03-12 14:30:39] ❌ Gateway 无响应，重启中...
Restarted LaunchAgent: gui/501/ai.openclaw.gateway
[2026-03-12 14:30:50] ✅ Gateway 已重启
[2026-03-12 14:35:50] Watchdog check...
[2026-03-12 14:35:50] ❌ Gateway 无响应，重启中...
Restarted LaunchAgent: gui/501/ai.openclaw.gateway
[2026-03-12 14:36:01] ✅ Gateway 已重启
[2026-03-12 14:41:01] Watchdog check...
[2026-03-12 14:41:01] ❌ Gateway 无响应，重启中...
Restarted LaunchAgent: gui/501/ai.openclaw.gateway
[2026-03-12 14:41:14] ✅ Gateway 已重启
[2026-03-12 14:46:14] Watchdog check...
[2026-03-12 14:46:14] ❌ Gateway 无响应，重启中...
Restarted LaunchAgent: gui/501/ai.openclaw.gateway
[2026-03-12 14:46:28] ✅ Gateway 已重启
[2026-03-12 14:51:28] Watchdog check...
[2026-03-12 14:51:28] ❌ Gateway 无响应，重启中...
Restarted LaunchAgent: gui/501/ai.openclaw.gateway
[2026-03-12 14:51:41] ✅ Gateway 已重启
[2026-03-12 14:56:41] Watchdog check...
[2026-03-12 14:56:41] ❌ Gateway 无响应，重启中...
Restarted LaunchAgent: gui/501/ai.openclaw.gateway
[2026-03-12 14:56:57] ✅ Gateway 已重启
[2026-03-12 15:01:57] Watchdog check...
[2026-03-12 15:01:57] ❌ Gateway 无响应，重启中...
Restarted LaunchAgent: gui/501/ai.openclaw.gateway
[2026-03-12 15:02:14] ✅ Gateway 已重启
[2026-03-12 15:07:14] Watchdog check...
[2026-03-12 15:07:14] ❌ Gateway 无响应，重启中...
Restarted LaunchAgent: gui/501/ai.openclaw.gateway
[2026-03-12 15:07:28] ✅ Gateway 已重启
[2026-03-12 15:12:28] Watchdog check...
[2026-03-12 15:12:28] ❌ Gateway 无响应，重启中...
Restarted LaunchAgent: gui/501/ai.openclaw.gateway
[2026-03-12 15:12:40] ✅ Gateway 已重启
[2026-03-12 15:17:40] Watchdog check...
[2026-03-12 15:17:40] ❌ Gateway 无响应，重启中...
Gateway start failed: Error: launchctl kickstart failed: Could not kickstart service "ai.openclaw.gateway": 1: Operation not permitted
[2026-03-12 15:17:51] ✅ Gateway 已重启
[2026-03-12 15:22:51] Watchdog check...
[2026-03-12 15:22:51] ❌ Gateway 无响应，重启中...
Restarted LaunchAgent: gui/501/ai.openclaw.gateway
[2026-03-12 15:23:03] ✅ Gateway 已重启
[2026-03-12 15:28:03] Watchdog check...
[2026-03-12 15:28:03] ❌ Gateway 无响应，重启中...
Restarted LaunchAgent: gui/501/ai.openclaw.gateway
[2026-03-12 15:28:16] ✅ Gateway 已重启
[2026-03-12 15:33:16] Watchdog check...
[2026-03-12 15:33:16] ❌ Gateway 无响应，重启中...
Restarted LaunchAgent: gui/501/ai.openclaw.gateway
[2026-03-12 15:33:37] ✅ Gateway 已重启
[2026-03-12 15:38:37] Watchdog check...
[2026-03-12 15:38:37] ❌ Gateway 无响应，重启中...
Restarted LaunchAgent: gui/501/ai.openclaw.gateway
[2026-03-12 15:38:52] ✅ Gateway 已重启
[2026-03-12 15:43:52] Watchdog check...
[2026-03-12 15:43:52] ❌ Gateway 无响应，重启中...
Restarted LaunchAgent: gui/501/ai.openclaw.gateway
[2026-03-12 15:44:07] ✅ Gateway 已重启
[2026-03-12 15:49:07] Watchdog check...
[2026-03-12 15:49:07] ❌ Gateway 无响应，重启中...
Gateway start failed: Error: launchctl kickstart failed: Could not kickstart service "ai.openclaw.gateway": 1: Operation not permitted
[2026-03-12 15:49:18] ✅ Gateway 已重启
[2026-03-12 15:54:18] Watchdog check...
[2026-03-12 15:54:18] ❌ Gateway 无响应，重启中...
Restarted LaunchAgent: gui/501/ai.openclaw.gateway
[2026-03-12 15:54:29] ✅ Gateway 已重启
[2026-03-12 15:59:29] Watchdog check...
[2026-03-12 15:59:29] ❌ Gateway 无响应，重启中...
Restarted LaunchAgent: gui/501/ai.openclaw.gateway
[2026-03-12 15:59:41] ✅ Gateway 已重启
[2026-03-12 16:04:41] Watchdog check...
[2026-03-12 16:04:41] ❌ Gateway 无响应，重启中...
Restarted LaunchAgent: gui/501/ai.openclaw.gateway
[2026-03-12 16:04:54] ✅ Gateway 已重启
[2026-03-12 16:10:12] Watchdog check...
[2026-03-12 16:10:12] Watchdog check...
Cleanup hint: launchctl bootout gui/$UID/ai.openclaw.gateway
Cleanup hint: rm ~/Library/LaunchAgents/ai.openclaw.gateway.plist

Recommendation: run a single gateway per machine for most setups. One gateway supports multiple agents (see docs: /gateway#multiple-gateways-same-host).
If you need multiple gateways (e.g., a rescue bot on the same host), isolate ports + config/state (see docs: /gateway#multiple-gateways-same-host).

Troubles: run openclaw status
Troubleshooting: https://docs.openclaw.ai/troubleshooting
[2026-03-12 16:10:12] ✅ Gateway OK (RPC probe passed)
Cleanup hint: launchctl bootout gui/$UID/ai.openclaw.gateway
Cleanup hint: rm ~/Library/LaunchAgents/ai.openclaw.gateway.plist

Recommendation: run a single gateway per machine for most setups. One gateway supports multiple agents (see docs: /gateway#multiple-gateways-same-host).
If you need multiple gateways (e.g., a rescue bot on the same host), isolate ports + config/state (see docs: /gateway#multiple-gateways-same-host).

Troubles: run openclaw status
Troubleshooting: https://docs.openclaw.ai/troubleshooting
[2026-03-12 16:10:12] ✅ Gateway OK (RPC probe passed)
[2026-03-12 16:15:19] Watchdog check...
Cleanup hint: launchctl bootout gui/$UID/ai.openclaw.gateway
Cleanup hint: rm ~/Library/LaunchAgents/ai.openclaw.gateway.plist

Recommendation: run a single gateway per machine for most setups. One gateway supports multiple agents (see docs: /gateway#multiple-gateways-same-host).
If you need multiple gateways (e.g., a rescue bot on the same host), isolate ports + config/state (see docs: /gateway#multiple-gateways-same-host).

Troubles: run openclaw status
Troubleshooting: https://docs.openclaw.ai/troubleshooting
[2026-03-12 16:15:19] ✅ Gateway OK (RPC probe passed)
[2026-03-12 16:20:23] Watchdog check...
Cleanup hint: launchctl bootout gui/$UID/ai.openclaw.gateway
Cleanup hint: rm ~/Library/LaunchAgents/ai.openclaw.gateway.plist

Recommendation: run a single gateway per machine for most setups. One gateway supports multiple agents (see docs: /gateway#multiple-gateways-same-host).
If you need multiple gateways (e.g., a rescue bot on the same host), isolate ports + config/state (see docs: /gateway#multiple-gateways-same-host).

Troubles: run openclaw status
Troubleshooting: https://docs.openclaw.ai/troubleshooting
[2026-03-12 16:20:23] ✅ Gateway OK (RPC probe passed)
[2026-03-12 16:25:28] Watchdog check...
Cleanup hint: launchctl bootout gui/$UID/ai.openclaw.gateway
Cleanup hint: rm ~/Library/LaunchAgents/ai.openclaw.gateway.plist

Recommendation: run a single gateway per machine for most setups. One gateway supports multiple agents (see docs: /gateway#multiple-gateways-same-host).
If you need multiple gateways (e.g., a rescue bot on the same host), isolate ports + config/state (see docs: /gateway#multiple-gateways-same-host).

Troubles: run openclaw status
Troubleshooting: https://docs.openclaw.ai/troubleshooting
[2026-03-12 16:25:28] ✅ Gateway OK (RPC probe passed)
[2026-03-12 16:30:32] Watchdog check...
Cleanup hint: launchctl bootout gui/$UID/ai.openclaw.gateway
Cleanup hint: rm ~/Library/LaunchAgents/ai.openclaw.gateway.plist

Recommendation: run a single gateway per machine for most setups. One gateway supports multiple agents (see docs: /gateway#multiple-gateways-same-host).
If you need multiple gateways (e.g., a rescue bot on the same host), isolate ports + config/state (see docs: /gateway#multiple-gateways-same-host).

Troubles: run openclaw status
Troubleshooting: https://docs.openclaw.ai/troubleshooting
[2026-03-12 16:30:32] ✅ Gateway OK (RPC probe passed)
[2026-03-12 16:35:37] Watchdog check...
Cleanup hint: launchctl bootout gui/$UID/ai.openclaw.gateway
Cleanup hint: rm ~/Library/LaunchAgents/ai.openclaw.gateway.plist

Recommendation: run a single gateway per machine for most setups. One gateway supports multiple agents (see docs: /gateway#multiple-gateways-same-host).
If you need multiple gateways (e.g., a rescue bot on the same host), isolate ports + config/state (see docs: /gateway#multiple-gateways-same-host).

Troubles: run openclaw status
Troubleshooting: https://docs.openclaw.ai/troubleshooting
[2026-03-12 16:35:37] ✅ Gateway OK (RPC probe passed)
[2026-03-12 18:20:43] Watchdog check...
Cleanup hint: launchctl bootout gui/$UID/ai.openclaw.gateway
Cleanup hint: rm ~/Library/LaunchAgents/ai.openclaw.gateway.plist

Recommendation: run a single gateway per machine for most setups. One gateway supports multiple agents (see docs: /gateway#multiple-gateways-same-host).
If you need multiple gateways (e.g., a rescue bot on the same host), isolate ports + config/state (see docs: /gateway#multiple-gateways-same-host).

Troubles: run openclaw status
Troubleshooting: https://docs.openclaw.ai/troubleshooting
[2026-03-12 18:20:43] ✅ Gateway OK (RPC probe passed)
[2026-03-12 18:25:49] Watchdog check...
Cleanup hint: launchctl bootout gui/$UID/ai.openclaw.gateway
Cleanup hint: rm ~/Library/LaunchAgents/ai.openclaw.gateway.plist

Recommendation: run a single gateway per machine for most setups. One gateway supports multiple agents (see docs: /gateway#multiple-gateways-same-host).
If you need multiple gateways (e.g., a rescue bot on the same host), isolate ports + config/state (see docs: /gateway#multiple-gateways-same-host).

Troubles: run openclaw status
Troubleshooting: https://docs.openclaw.ai/troubleshooting
[2026-03-12 18:25:49] ✅ Gateway OK (RPC probe passed)
[2026-03-12 18:30:53] Watchdog check...
Cleanup hint: launchctl bootout gui/$UID/ai.openclaw.gateway
Cleanup hint: rm ~/Library/LaunchAgents/ai.openclaw.gateway.plist

Recommendation: run a single gateway per machine for most setups. One gateway supports multiple agents (see docs: /gateway#multiple-gateways-same-host).
If you need multiple gateways (e.g., a rescue bot on the same host), isolate ports + config/state (see docs: /gateway#multiple-gateways-same-host).

Troubles: run openclaw status
Troubleshooting: https://docs.openclaw.ai/troubleshooting
[2026-03-12 18:30:53] ✅ Gateway OK (RPC probe passed)
[2026-03-12 18:35:58] Watchdog check...
Cleanup hint: launchctl bootout gui/$UID/ai.openclaw.gateway
Cleanup hint: rm ~/Library/LaunchAgents/ai.openclaw.gateway.plist

Recommendation: run a single gateway per machine for most setups. One gateway supports multiple agents (see docs: /gateway#multiple-gateways-same-host).
If you need multiple gateways (e.g., a rescue bot on the same host), isolate ports + config/state (see docs: /gateway#multiple-gateways-same-host).

Troubles: run openclaw status
Troubleshooting: https://docs.openclaw.ai/troubleshooting
[2026-03-12 18:35:58] ✅ Gateway OK (RPC probe passed)
[2026-03-12 18:41:02] Watchdog check...
Cleanup hint: launchctl bootout gui/$UID/ai.openclaw.gateway
Cleanup hint: rm ~/Library/LaunchAgents/ai.openclaw.gateway.plist

Recommendation: run a single gateway per machine for most setups. One gateway supports multiple agents (see docs: /gateway#multiple-gateways-same-host).
If you need multiple gateways (e.g., a rescue bot on the same host), isolate ports + config/state (see docs: /gateway#multiple-gateways-same-host).

Troubles: run openclaw status
Troubleshooting: https://docs.openclaw.ai/troubleshooting
[2026-03-12 18:41:02] ✅ Gateway OK (RPC probe passed)
[2026-03-12 18:46:06] Watchdog check...
Cleanup hint: launchctl bootout gui/$UID/ai.openclaw.gateway
Cleanup hint: rm ~/Library/LaunchAgents/ai.openclaw.gateway.plist

Recommendation: run a single gateway per machine for most setups. One gateway supports multiple agents (see docs: /gateway#multiple-gateways-same-host).
If you need multiple gateways (e.g., a rescue bot on the same host), isolate ports + config/state (see docs: /gateway#multiple-gateways-same-host).

Troubles: run openclaw status
Troubleshooting: https://docs.openclaw.ai/troubleshooting
[2026-03-12 18:46:06] ❌ Gateway unhealthy, restarting LaunchAgent...
[2026-03-12 18:46:06] ✅ Gateway restarted by kickstart
[2026-03-12 18:51:15] Watchdog check...
Cleanup hint: launchctl bootout gui/$UID/ai.openclaw.gateway
Cleanup hint: rm ~/Library/LaunchAgents/ai.openclaw.gateway.plist

Recommendation: run a single gateway per machine for most setups. One gateway supports multiple agents (see docs: /gateway#multiple-gateways-same-host).
If you need multiple gateways (e.g., a rescue bot on the same host), isolate ports + config/state (see docs: /gateway#multiple-gateways-same-host).

Troubles: run openclaw status
Troubleshooting: https://docs.openclaw.ai/troubleshooting
[2026-03-12 18:51:15] ✅ Gateway OK (RPC probe passed)
[2026-03-12 18:56:20] Watchdog check...
/Users/apple/.openclaw/workspace/bin/gateway-watchdog.sh: line 11: /usr/local/bin/openclaw: No such file or directory
[2026-03-12 18:56:20] ❌ Gateway unhealthy, restarting LaunchAgent...
[2026-03-12 18:56:20] ✅ Gateway restarted by kickstart
[2026-03-12 19:01:20] Watchdog check...
Cleanup hint: launchctl bootout gui/$UID/ai.openclaw.gateway
Cleanup hint: rm ~/Library/LaunchAgents/ai.openclaw.gateway.plist

Recommendation: run a single gateway per machine for most setups. One gateway supports multiple agents (see docs: /gateway#multiple-gateways-same-host).
If you need multiple gateways (e.g., a rescue bot on the same host), isolate ports + config/state (see docs: /gateway#multiple-gateways-same-host).

Troubles: run openclaw status
Troubleshooting: https://docs.openclaw.ai/troubleshooting
[2026-03-12 19:01:20] ✅ Gateway OK (RPC probe passed)
[2026-03-12 19:06:27] Watchdog check...
Cleanup hint: launchctl bootout gui/$UID/ai.openclaw.gateway
Cleanup hint: rm ~/Library/LaunchAgents/ai.openclaw.gateway.plist

Recommendation: run a single gateway per machine for most setups. One gateway supports multiple agents (see docs: /gateway#multiple-gateways-same-host).
If you need multiple gateways (e.g., a rescue bot on the same host), isolate ports + config/state (see docs: /gateway#multiple-gateways-same-host).

Troubles: run openclaw status
Troubleshooting: https://docs.openclaw.ai/troubleshooting
[2026-03-12 19:06:27] ✅ Gateway OK (RPC probe passed)
[2026-03-12 19:11:31] Watchdog check...
Cleanup hint: launchctl bootout gui/$UID/ai.openclaw.gateway
Cleanup hint: rm ~/Library/LaunchAgents/ai.openclaw.gateway.plist

Recommendation: run a single gateway per machine for most setups. One gateway supports multiple agents (see docs: /gateway#multiple-gateways-same-host).
If you need multiple gateways (e.g., a rescue bot on the same host), isolate ports + config/state (see docs: /gateway#multiple-gateways-same-host).

Troubles: run openclaw status
Troubleshooting: https://docs.openclaw.ai/troubleshooting
[2026-03-12 19:11:31] ✅ Gateway OK (RPC probe passed)
[2026-03-12 19:16:35] Watchdog check...
Cleanup hint: launchctl bootout gui/$UID/ai.openclaw.gateway
Cleanup hint: rm ~/Library/LaunchAgents/ai.openclaw.gateway.plist

Recommendation: run a single gateway per machine for most setups. One gateway supports multiple agents (see docs: /gateway#multiple-gateways-same-host).
If you need multiple gateways (e.g., a rescue bot on the same host), isolate ports + config/state (see docs: /gateway#multiple-gateways-same-host).

Troubles: run openclaw status
Troubleshooting: https://docs.openclaw.ai/troubleshooting
[2026-03-12 19:16:35] ✅ Gateway OK (RPC probe passed)
[2026-03-12 19:21:42] Watchdog check...
Cleanup hint: launchctl bootout gui/$UID/ai.openclaw.gateway
Cleanup hint: rm ~/Library/LaunchAgents/ai.openclaw.gateway.plist

Recommendation: run a single gateway per machine for most setups. One gateway supports multiple agents (see docs: /gateway#multiple-gateways-same-host).
If you need multiple gateways (e.g., a rescue bot on the same host), isolate ports + config/state (see docs: /gateway#multiple-gateways-same-host).

Troubles: run openclaw status
Troubleshooting: https://docs.openclaw.ai/troubleshooting
[2026-03-12 19:21:42] ✅ Gateway OK (RPC probe passed)
[2026-03-12 19:26:47] Watchdog check...
Cleanup hint: launchctl bootout gui/$UID/ai.openclaw.gateway
Cleanup hint: rm ~/Library/LaunchAgents/ai.openclaw.gateway.plist

Recommendation: run a single gateway per machine for most setups. One gateway supports multiple agents (see docs: /gateway#multiple-gateways-same-host).
If you need multiple gateways (e.g., a rescue bot on the same host), isolate ports + config/state (see docs: /gateway#multiple-gateways-same-host).

Troubles: run openclaw status
Troubleshooting: https://docs.openclaw.ai/troubleshooting
[2026-03-12 19:26:47] ✅ Gateway OK (RPC probe passed)
[2026-03-12 19:31:53] Watchdog check...
Cleanup hint: launchctl bootout gui/$UID/ai.openclaw.gateway
Cleanup hint: rm ~/Library/LaunchAgents/ai.openclaw.gateway.plist

Recommendation: run a single gateway per machine for most setups. One gateway supports multiple agents (see docs: /gateway#multiple-gateways-same-host).
If you need multiple gateways (e.g., a rescue bot on the same host), isolate ports + config/state (see docs: /gateway#multiple-gateways-same-host).

Troubles: run openclaw status
Troubleshooting: https://docs.openclaw.ai/troubleshooting
[2026-03-12 19:31:53] ✅ Gateway OK (RPC probe passed)
[2026-03-12 19:36:57] Watchdog check...
Cleanup hint: launchctl bootout gui/$UID/ai.openclaw.gateway
Cleanup hint: rm ~/Library/LaunchAgents/ai.openclaw.gateway.plist

Recommendation: run a single gateway per machine for most setups. One gateway supports multiple agents (see docs: /gateway#multiple-gateways-same-host).
If you need multiple gateways (e.g., a rescue bot on the same host), isolate ports + config/state (see docs: /gateway#multiple-gateways-same-host).

Troubles: run openclaw status
Troubleshooting: https://docs.openclaw.ai/troubleshooting
[2026-03-12 19:36:57] ✅ Gateway OK (RPC probe passed)
[2026-03-12 19:42:06] Watchdog check...
Cleanup hint: launchctl bootout gui/$UID/ai.openclaw.gateway
Cleanup hint: rm ~/Library/LaunchAgents/ai.openclaw.gateway.plist

Recommendation: run a single gateway per machine for most setups. One gateway supports multiple agents (see docs: /gateway#multiple-gateways-same-host).
If you need multiple gateways (e.g., a rescue bot on the same host), isolate ports + config/state (see docs: /gateway#multiple-gateways-same-host).

Troubles: run openclaw status
Troubleshooting: https://docs.openclaw.ai/troubleshooting
[2026-03-12 19:42:06] ✅ Gateway OK (RPC probe passed)
[2026-03-12 19:47:12] Watchdog check...
Cleanup hint: launchctl bootout gui/$UID/ai.openclaw.gateway
Cleanup hint: rm ~/Library/LaunchAgents/ai.openclaw.gateway.plist

Recommendation: run a single gateway per machine for most setups. One gateway supports multiple agents (see docs: /gateway#multiple-gateways-same-host).
If you need multiple gateways (e.g., a rescue bot on the same host), isolate ports + config/state (see docs: /gateway#multiple-gateways-same-host).

Troubles: run openclaw status
Troubleshooting: https://docs.openclaw.ai/troubleshooting
[2026-03-12 19:47:12] ✅ Gateway OK (RPC probe passed)
[2026-03-12 19:52:17] Watchdog check...
Cleanup hint: launchctl bootout gui/$UID/ai.openclaw.gateway
Cleanup hint: rm ~/Library/LaunchAgents/ai.openclaw.gateway.plist

Recommendation: run a single gateway per machine for most setups. One gateway supports multiple agents (see docs: /gateway#multiple-gateways-same-host).
If you need multiple gateways (e.g., a rescue bot on the same host), isolate ports + config/state (see docs: /gateway#multiple-gateways-same-host).

Troubles: run openclaw status
Troubleshooting: https://docs.openclaw.ai/troubleshooting
[2026-03-12 19:52:17] ✅ Gateway OK (RPC probe passed)
[2026-03-12 19:57:21] Watchdog check...
Cleanup hint: launchctl bootout gui/$UID/ai.openclaw.gateway
Cleanup hint: rm ~/Library/LaunchAgents/ai.openclaw.gateway.plist

Recommendation: run a single gateway per machine for most setups. One gateway supports multiple agents (see docs: /gateway#multiple-gateways-same-host).
If you need multiple gateways (e.g., a rescue bot on the same host), isolate ports + config/state (see docs: /gateway#multiple-gateways-same-host).

Troubles: run openclaw status
Troubleshooting: https://docs.openclaw.ai/troubleshooting
[2026-03-12 19:57:21] ✅ Gateway OK (RPC probe passed)
[2026-03-12 20:02:26] Watchdog check...
Cleanup hint: launchctl bootout gui/$UID/ai.openclaw.gateway
Cleanup hint: rm ~/Library/LaunchAgents/ai.openclaw.gateway.plist

Recommendation: run a single gateway per machine for most setups. One gateway supports multiple agents (see docs: /gateway#multiple-gateways-same-host).
If you need multiple gateways (e.g., a rescue bot on the same host), isolate ports + config/state (see docs: /gateway#multiple-gateways-same-host).

Troubles: run openclaw status
Troubleshooting: https://docs.openclaw.ai/troubleshooting
[2026-03-12 20:02:26] ✅ Gateway OK (RPC probe passed)
[2026-03-12 20:07:32] Watchdog check...
Cleanup hint: launchctl bootout gui/$UID/ai.openclaw.gateway
Cleanup hint: rm ~/Library/LaunchAgents/ai.openclaw.gateway.plist

Recommendation: run a single gateway per machine for most setups. One gateway supports multiple agents (see docs: /gateway#multiple-gateways-same-host).
If you need multiple gateways (e.g., a rescue bot on the same host), isolate ports + config/state (see docs: /gateway#multiple-gateways-same-host).

Troubles: run openclaw status
Troubleshooting: https://docs.openclaw.ai/troubleshooting
[2026-03-12 20:07:32] ✅ Gateway OK (RPC probe passed)
[2026-03-12 20:12:36] Watchdog check...
Cleanup hint: launchctl bootout gui/$UID/ai.openclaw.gateway
Cleanup hint: rm ~/Library/LaunchAgents/ai.openclaw.gateway.plist

Recommendation: run a single gateway per machine for most setups. One gateway supports multiple agents (see docs: /gateway#multiple-gateways-same-host).
If you need multiple gateways (e.g., a rescue bot on the same host), isolate ports + config/state (see docs: /gateway#multiple-gateways-same-host).

Troubles: run openclaw status
Troubleshooting: https://docs.openclaw.ai/troubleshooting
[2026-03-12 20:12:36] ✅ Gateway OK (RPC probe passed)
[2026-03-12 20:17:40] Watchdog check...
Cleanup hint: launchctl bootout gui/$UID/ai.openclaw.gateway
Cleanup hint: rm ~/Library/LaunchAgents/ai.openclaw.gateway.plist

Recommendation: run a single gateway per machine for most setups. One gateway supports multiple agents (see docs: /gateway#multiple-gateways-same-host).
If you need multiple gateways (e.g., a rescue bot on the same host), isolate ports + config/state (see docs: /gateway#multiple-gateways-same-host).

Troubles: run openclaw status
Troubleshooting: https://docs.openclaw.ai/troubleshooting
[2026-03-12 20:17:40] ✅ Gateway OK (RPC probe passed)
[2026-03-12 20:22:44] Watchdog check...
Cleanup hint: launchctl bootout gui/$UID/ai.openclaw.gateway
Cleanup hint: rm ~/Library/LaunchAgents/ai.openclaw.gateway.plist

Recommendation: run a single gateway per machine for most setups. One gateway supports multiple agents (see docs: /gateway#multiple-gateways-same-host).
If you need multiple gateways (e.g., a rescue bot on the same host), isolate ports + config/state (see docs: /gateway#multiple-gateways-same-host).

Troubles: run openclaw status
Troubleshooting: https://docs.openclaw.ai/troubleshooting
[2026-03-12 20:22:44] ✅ Gateway OK (RPC probe passed)
[2026-03-12 20:27:48] Watchdog check...
Cleanup hint: launchctl bootout gui/$UID/ai.openclaw.gateway
Cleanup hint: rm ~/Library/LaunchAgents/ai.openclaw.gateway.plist

Recommendation: run a single gateway per machine for most setups. One gateway supports multiple agents (see docs: /gateway#multiple-gateways-same-host).
If you need multiple gateways (e.g., a rescue bot on the same host), isolate ports + config/state (see docs: /gateway#multiple-gateways-same-host).

Troubles: run openclaw status
Troubleshooting: https://docs.openclaw.ai/troubleshooting
[2026-03-12 20:27:48] ✅ Gateway OK (RPC probe passed)
[2026-03-12 20:32:52] Watchdog check...
Cleanup hint: launchctl bootout gui/$UID/ai.openclaw.gateway
Cleanup hint: rm ~/Library/LaunchAgents/ai.openclaw.gateway.plist

Recommendation: run a single gateway per machine for most setups. One gateway supports multiple agents (see docs: /gateway#multiple-gateways-same-host).
If you need multiple gateways (e.g., a rescue bot on the same host), isolate ports + config/state (see docs: /gateway#multiple-gateways-same-host).

Troubles: run openclaw status
Troubleshooting: https://docs.openclaw.ai/troubleshooting
[2026-03-12 20:32:52] ✅ Gateway OK (RPC probe passed)
[2026-03-12 20:37:57] Watchdog check...
Cleanup hint: launchctl bootout gui/$UID/ai.openclaw.gateway
Cleanup hint: rm ~/Library/LaunchAgents/ai.openclaw.gateway.plist

Recommendation: run a single gateway per machine for most setups. One gateway supports multiple agents (see docs: /gateway#multiple-gateways-same-host).
If you need multiple gateways (e.g., a rescue bot on the same host), isolate ports + config/state (see docs: /gateway#multiple-gateways-same-host).

Troubles: run openclaw status
Troubleshooting: https://docs.openclaw.ai/troubleshooting
[2026-03-12 20:37:57] ✅ Gateway OK (RPC probe passed)
[2026-03-12 20:43:05] Watchdog check...
Cleanup hint: launchctl bootout gui/$UID/ai.openclaw.gateway
Cleanup hint: rm ~/Library/LaunchAgents/ai.openclaw.gateway.plist

Recommendation: run a single gateway per machine for most setups. One gateway supports multiple agents (see docs: /gateway#multiple-gateways-same-host).
If you need multiple gateways (e.g., a rescue bot on the same host), isolate ports + config/state (see docs: /gateway#multiple-gateways-same-host).

Troubles: run openclaw status
Troubleshooting: https://docs.openclaw.ai/troubleshooting
[2026-03-12 20:43:05] ✅ Gateway OK (RPC probe passed)
[2026-03-12 20:48:13] Watchdog check...
Cleanup hint: launchctl bootout gui/$UID/ai.openclaw.gateway
Cleanup hint: rm ~/Library/LaunchAgents/ai.openclaw.gateway.plist

Recommendation: run a single gateway per machine for most setups. One gateway supports multiple agents (see docs: /gateway#multiple-gateways-same-host).
If you need multiple gateways (e.g., a rescue bot on the same host), isolate ports + config/state (see docs: /gateway#multiple-gateways-same-host).

Troubles: run openclaw status
Troubleshooting: https://docs.openclaw.ai/troubleshooting
[2026-03-12 20:48:13] ✅ Gateway OK (RPC probe passed)
[2026-03-12 20:53:19] Watchdog check...
Cleanup hint: launchctl bootout gui/$UID/ai.openclaw.gateway
Cleanup hint: rm ~/Library/LaunchAgents/ai.openclaw.gateway.plist

Recommendation: run a single gateway per machine for most setups. One gateway supports multiple agents (see docs: /gateway#multiple-gateways-same-host).
If you need multiple gateways (e.g., a rescue bot on the same host), isolate ports + config/state (see docs: /gateway#multiple-gateways-same-host).

Troubles: run openclaw status
Troubleshooting: https://docs.openclaw.ai/troubleshooting
[2026-03-12 20:53:19] ✅ Gateway OK (RPC probe passed)
[2026-03-12 20:58:23] Watchdog check...
Cleanup hint: launchctl bootout gui/$UID/ai.openclaw.gateway
Cleanup hint: rm ~/Library/LaunchAgents/ai.openclaw.gateway.plist

Recommendation: run a single gateway per machine for most setups. One gateway supports multiple agents (see docs: /gateway#multiple-gateways-same-host).
If you need multiple gateways (e.g., a rescue bot on the same host), isolate ports + config/state (see docs: /gateway#multiple-gateways-same-host).

Troubles: run openclaw status
Troubleshooting: https://docs.openclaw.ai/troubleshooting
[2026-03-12 20:58:23] ✅ Gateway OK (RPC probe passed)
[2026-03-12 21:03:29] Watchdog check...
Cleanup hint: launchctl bootout gui/$UID/ai.openclaw.gateway
Cleanup hint: rm ~/Library/LaunchAgents/ai.openclaw.gateway.plist

Recommendation: run a single gateway per machine for most setups. One gateway supports multiple agents (see docs: /gateway#multiple-gateways-same-host).
If you need multiple gateways (e.g., a rescue bot on the same host), isolate ports + config/state (see docs: /gateway#multiple-gateways-same-host).

Troubles: run openclaw status
Troubleshooting: https://docs.openclaw.ai/troubleshooting
[2026-03-12 21:03:29] ✅ Gateway OK (RPC probe passed)
[2026-03-12 21:08:46] Watchdog check...
Cleanup hint: launchctl bootout gui/$UID/ai.openclaw.gateway
Cleanup hint: rm ~/Library/LaunchAgents/ai.openclaw.gateway.plist

Recommendation: run a single gateway per machine for most setups. One gateway supports multiple agents (see docs: /gateway#multiple-gateways-same-host).
If you need multiple gateways (e.g., a rescue bot on the same host), isolate ports + config/state (see docs: /gateway#multiple-gateways-same-host).

Troubles: run openclaw status
Troubleshooting: https://docs.openclaw.ai/troubleshooting
[2026-03-12 21:08:46] ✅ Gateway OK (RPC probe passed)
[2026-03-12 21:13:54] Watchdog check...
Cleanup hint: launchctl bootout gui/$UID/ai.openclaw.gateway
Cleanup hint: rm ~/Library/LaunchAgents/ai.openclaw.gateway.plist

Recommendation: run a single gateway per machine for most setups. One gateway supports multiple agents (see docs: /gateway#multiple-gateways-same-host).
If you need multiple gateways (e.g., a rescue bot on the same host), isolate ports + config/state (see docs: /gateway#multiple-gateways-same-host).

Troubles: run openclaw status
Troubleshooting: https://docs.openclaw.ai/troubleshooting
[2026-03-12 21:13:54] ✅ Gateway OK (RPC probe passed)
[2026-03-12 21:19:06] Watchdog check...
Cleanup hint: launchctl bootout gui/$UID/ai.openclaw.gateway
Cleanup hint: rm ~/Library/LaunchAgents/ai.openclaw.gateway.plist

Recommendation: run a single gateway per machine for most setups. One gateway supports multiple agents (see docs: /gateway#multiple-gateways-same-host).
If you need multiple gateways (e.g., a rescue bot on the same host), isolate ports + config/state (see docs: /gateway#multiple-gateways-same-host).

Troubles: run openclaw status
Troubleshooting: https://docs.openclaw.ai/troubleshooting
[2026-03-12 21:19:06] ✅ Gateway OK (RPC probe passed)
[2026-03-12 21:24:11] Watchdog check...
Cleanup hint: launchctl bootout gui/$UID/ai.openclaw.gateway
Cleanup hint: rm ~/Library/LaunchAgents/ai.openclaw.gateway.plist

Recommendation: run a single gateway per machine for most setups. One gateway supports multiple agents (see docs: /gateway#multiple-gateways-same-host).
If you need multiple gateways (e.g., a rescue bot on the same host), isolate ports + config/state (see docs: /gateway#multiple-gateways-same-host).

Troubles: run openclaw status
Troubleshooting: https://docs.openclaw.ai/troubleshooting
[2026-03-12 21:24:11] ✅ Gateway OK (RPC probe passed)
[2026-03-12 21:29:16] Watchdog check...
Cleanup hint: launchctl bootout gui/$UID/ai.openclaw.gateway
Cleanup hint: rm ~/Library/LaunchAgents/ai.openclaw.gateway.plist

Recommendation: run a single gateway per machine for most setups. One gateway supports multiple agents (see docs: /gateway#multiple-gateways-same-host).
If you need multiple gateways (e.g., a rescue bot on the same host), isolate ports + config/state (see docs: /gateway#multiple-gateways-same-host).

Troubles: run openclaw status
Troubleshooting: https://docs.openclaw.ai/troubleshooting
[2026-03-12 21:29:16] ✅ Gateway OK (RPC probe passed)
[2026-03-12 21:34:21] Watchdog check...
Cleanup hint: launchctl bootout gui/$UID/ai.openclaw.gateway
Cleanup hint: rm ~/Library/LaunchAgents/ai.openclaw.gateway.plist

Recommendation: run a single gateway per machine for most setups. One gateway supports multiple agents (see docs: /gateway#multiple-gateways-same-host).
If you need multiple gateways (e.g., a rescue bot on the same host), isolate ports + config/state (see docs: /gateway#multiple-gateways-same-host).

Troubles: run openclaw status
Troubleshooting: https://docs.openclaw.ai/troubleshooting
[2026-03-12 21:34:21] ✅ Gateway OK (RPC probe passed)
[2026-03-12 21:39:26] Watchdog check...
Cleanup hint: launchctl bootout gui/$UID/ai.openclaw.gateway
Cleanup hint: rm ~/Library/LaunchAgents/ai.openclaw.gateway.plist

Recommendation: run a single gateway per machine for most setups. One gateway supports multiple agents (see docs: /gateway#multiple-gateways-same-host).
If you need multiple gateways (e.g., a rescue bot on the same host), isolate ports + config/state (see docs: /gateway#multiple-gateways-same-host).

Troubles: run openclaw status
Troubleshooting: https://docs.openclaw.ai/troubleshooting
[2026-03-12 21:39:26] ✅ Gateway OK (RPC probe passed)
[2026-03-12 21:44:31] Watchdog check...
Cleanup hint: launchctl bootout gui/$UID/ai.openclaw.gateway
Cleanup hint: rm ~/Library/LaunchAgents/ai.openclaw.gateway.plist

Recommendation: run a single gateway per machine for most setups. One gateway supports multiple agents (see docs: /gateway#multiple-gateways-same-host).
If you need multiple gateways (e.g., a rescue bot on the same host), isolate ports + config/state (see docs: /gateway#multiple-gateways-same-host).

Troubles: run openclaw status
Troubleshooting: https://docs.openclaw.ai/troubleshooting
[2026-03-12 21:44:31] ✅ Gateway OK (RPC probe passed)
[2026-03-12 21:49:36] Watchdog check...
Cleanup hint: launchctl bootout gui/$UID/ai.openclaw.gateway
Cleanup hint: rm ~/Library/LaunchAgents/ai.openclaw.gateway.plist

Recommendation: run a single gateway per machine for most setups. One gateway supports multiple agents (see docs: /gateway#multiple-gateways-same-host).
If you need multiple gateways (e.g., a rescue bot on the same host), isolate ports + config/state (see docs: /gateway#multiple-gateways-same-host).

Troubles: run openclaw status
Troubleshooting: https://docs.openclaw.ai/troubleshooting
[2026-03-12 21:49:36] ✅ Gateway OK (RPC probe passed)
[2026-03-12 21:54:44] Watchdog check...
Cleanup hint: launchctl bootout gui/$UID/ai.openclaw.gateway
Cleanup hint: rm ~/Library/LaunchAgents/ai.openclaw.gateway.plist

Recommendation: run a single gateway per machine for most setups. One gateway supports multiple agents (see docs: /gateway#multiple-gateways-same-host).
If you need multiple gateways (e.g., a rescue bot on the same host), isolate ports + config/state (see docs: /gateway#multiple-gateways-same-host).

Troubles: run openclaw status
Troubleshooting: https://docs.openclaw.ai/troubleshooting
[2026-03-12 21:54:44] ✅ Gateway OK (RPC probe passed)
[2026-03-12 21:59:49] Watchdog check...
Cleanup hint: launchctl bootout gui/$UID/ai.openclaw.gateway
Cleanup hint: rm ~/Library/LaunchAgents/ai.openclaw.gateway.plist

Recommendation: run a single gateway per machine for most setups. One gateway supports multiple agents (see docs: /gateway#multiple-gateways-same-host).
If you need multiple gateways (e.g., a rescue bot on the same host), isolate ports + config/state (see docs: /gateway#multiple-gateways-same-host).

Troubles: run openclaw status
Troubleshooting: https://docs.openclaw.ai/troubleshooting
[2026-03-12 21:59:49] ✅ Gateway OK (RPC probe passed)
[2026-03-12 22:04:54] Watchdog check...
Cleanup hint: launchctl bootout gui/$UID/ai.openclaw.gateway
Cleanup hint: rm ~/Library/LaunchAgents/ai.openclaw.gateway.plist

Recommendation: run a single gateway per machine for most setups. One gateway supports multiple agents (see docs: /gateway#multiple-gateways-same-host).
If you need multiple gateways (e.g., a rescue bot on the same host), isolate ports + config/state (see docs: /gateway#multiple-gateways-same-host).

Troubles: run openclaw status
Troubleshooting: https://docs.openclaw.ai/troubleshooting
[2026-03-12 22:04:54] ✅ Gateway OK (RPC probe passed)
[2026-03-12 22:09:59] Watchdog check...
Cleanup hint: launchctl bootout gui/$UID/ai.openclaw.gateway
Cleanup hint: rm ~/Library/LaunchAgents/ai.openclaw.gateway.plist

Recommendation: run a single gateway per machine for most setups. One gateway supports multiple agents (see docs: /gateway#multiple-gateways-same-host).
If you need multiple gateways (e.g., a rescue bot on the same host), isolate ports + config/state (see docs: /gateway#multiple-gateways-same-host).

Troubles: run openclaw status
Troubleshooting: https://docs.openclaw.ai/troubleshooting
[2026-03-12 22:09:59] ✅ Gateway OK (RPC probe passed)
[2026-03-12 22:15:05] Watchdog check...
Cleanup hint: launchctl bootout gui/$UID/ai.openclaw.gateway
Cleanup hint: rm ~/Library/LaunchAgents/ai.openclaw.gateway.plist

Recommendation: run a single gateway per machine for most setups. One gateway supports multiple agents (see docs: /gateway#multiple-gateways-same-host).
If you need multiple gateways (e.g., a rescue bot on the same host), isolate ports + config/state (see docs: /gateway#multiple-gateways-same-host).

Troubles: run openclaw status
Troubleshooting: https://docs.openclaw.ai/troubleshooting
[2026-03-12 22:15:05] ✅ Gateway OK (RPC probe passed)
[2026-03-12 22:20:09] Watchdog check...
Cleanup hint: launchctl bootout gui/$UID/ai.openclaw.gateway
Cleanup hint: rm ~/Library/LaunchAgents/ai.openclaw.gateway.plist

Recommendation: run a single gateway per machine for most setups. One gateway supports multiple agents (see docs: /gateway#multiple-gateways-same-host).
If you need multiple gateways (e.g., a rescue bot on the same host), isolate ports + config/state (see docs: /gateway#multiple-gateways-same-host).

Troubles: run openclaw status
Troubleshooting: https://docs.openclaw.ai/troubleshooting
[2026-03-12 22:20:09] ✅ Gateway OK (RPC probe passed)
[2026-03-12 22:25:14] Watchdog check...
Cleanup hint: launchctl bootout gui/$UID/ai.openclaw.gateway
Cleanup hint: rm ~/Library/LaunchAgents/ai.openclaw.gateway.plist

Recommendation: run a single gateway per machine for most setups. One gateway supports multiple agents (see docs: /gateway#multiple-gateways-same-host).
If you need multiple gateways (e.g., a rescue bot on the same host), isolate ports + config/state (see docs: /gateway#multiple-gateways-same-host).

Troubles: run openclaw status
Troubleshooting: https://docs.openclaw.ai/troubleshooting
[2026-03-12 22:25:14] ✅ Gateway OK (RPC probe passed)
[2026-03-12 22:30:19] Watchdog check...
Cleanup hint: launchctl bootout gui/$UID/ai.openclaw.gateway
Cleanup hint: rm ~/Library/LaunchAgents/ai.openclaw.gateway.plist

Recommendation: run a single gateway per machine for most setups. One gateway supports multiple agents (see docs: /gateway#multiple-gateways-same-host).
If you need multiple gateways (e.g., a rescue bot on the same host), isolate ports + config/state (see docs: /gateway#multiple-gateways-same-host).

Troubles: run openclaw status
Troubleshooting: https://docs.openclaw.ai/troubleshooting
[2026-03-12 22:30:19] ✅ Gateway OK (RPC probe passed)
[2026-03-12 22:35:27] Watchdog check...
Cleanup hint: launchctl bootout gui/$UID/ai.openclaw.gateway
Cleanup hint: rm ~/Library/LaunchAgents/ai.openclaw.gateway.plist

Recommendation: run a single gateway per machine for most setups. One gateway supports multiple agents (see docs: /gateway#multiple-gateways-same-host).
If you need multiple gateways (e.g., a rescue bot on the same host), isolate ports + config/state (see docs: /gateway#multiple-gateways-same-host).

Troubles: run openclaw status
Troubleshooting: https://docs.openclaw.ai/troubleshooting
[2026-03-12 22:35:27] ✅ Gateway OK (RPC probe passed)
[2026-03-12 22:40:35] Watchdog check...
Cleanup hint: launchctl bootout gui/$UID/ai.openclaw.gateway
Cleanup hint: rm ~/Library/LaunchAgents/ai.openclaw.gateway.plist

Recommendation: run a single gateway per machine for most setups. One gateway supports multiple agents (see docs: /gateway#multiple-gateways-same-host).
If you need multiple gateways (e.g., a rescue bot on the same host), isolate ports + config/state (see docs: /gateway#multiple-gateways-same-host).

Troubles: run openclaw status
Troubleshooting: https://docs.openclaw.ai/troubleshooting
[2026-03-12 22:40:35] ✅ Gateway OK (RPC probe passed)
[2026-03-12 22:45:40] Watchdog check...
Cleanup hint: launchctl bootout gui/$UID/ai.openclaw.gateway
Cleanup hint: rm ~/Library/LaunchAgents/ai.openclaw.gateway.plist

Recommendation: run a single gateway per machine for most setups. One gateway supports multiple agents (see docs: /gateway#multiple-gateways-same-host).
If you need multiple gateways (e.g., a rescue bot on the same host), isolate ports + config/state (see docs: /gateway#multiple-gateways-same-host).

Troubles: run openclaw status
Troubleshooting: https://docs.openclaw.ai/troubleshooting
[2026-03-12 22:45:40] ✅ Gateway OK (RPC probe passed)
[2026-03-12 22:50:45] Watchdog check...
Cleanup hint: launchctl bootout gui/$UID/ai.openclaw.gateway
Cleanup hint: rm ~/Library/LaunchAgents/ai.openclaw.gateway.plist

Recommendation: run a single gateway per machine for most setups. One gateway supports multiple agents (see docs: /gateway#multiple-gateways-same-host).
If you need multiple gateways (e.g., a rescue bot on the same host), isolate ports + config/state (see docs: /gateway#multiple-gateways-same-host).

Troubles: run openclaw status
Troubleshooting: https://docs.openclaw.ai/troubleshooting
[2026-03-12 22:50:45] ✅ Gateway OK (RPC probe passed)
[2026-03-12 22:55:50] Watchdog check...
Cleanup hint: launchctl bootout gui/$UID/ai.openclaw.gateway
Cleanup hint: rm ~/Library/LaunchAgents/ai.openclaw.gateway.plist

Recommendation: run a single gateway per machine for most setups. One gateway supports multiple agents (see docs: /gateway#multiple-gateways-same-host).
If you need multiple gateways (e.g., a rescue bot on the same host), isolate ports + config/state (see docs: /gateway#multiple-gateways-same-host).

Troubles: run openclaw status
Troubleshooting: https://docs.openclaw.ai/troubleshooting
[2026-03-12 22:55:50] ✅ Gateway OK (RPC probe passed)
[2026-03-12 23:00:55] Watchdog check...
Cleanup hint: launchctl bootout gui/$UID/ai.openclaw.gateway
Cleanup hint: rm ~/Library/LaunchAgents/ai.openclaw.gateway.plist

Recommendation: run a single gateway per machine for most setups. One gateway supports multiple agents (see docs: /gateway#multiple-gateways-same-host).
If you need multiple gateways (e.g., a rescue bot on the same host), isolate ports + config/state (see docs: /gateway#multiple-gateways-same-host).

Troubles: run openclaw status
Troubleshooting: https://docs.openclaw.ai/troubleshooting
[2026-03-12 23:00:55] ✅ Gateway OK (RPC probe passed)
[2026-03-12 23:06:00] Watchdog check...
Cleanup hint: launchctl bootout gui/$UID/ai.openclaw.gateway
Cleanup hint: rm ~/Library/LaunchAgents/ai.openclaw.gateway.plist

Recommendation: run a single gateway per machine for most setups. One gateway supports multiple agents (see docs: /gateway#multiple-gateways-same-host).
If you need multiple gateways (e.g., a rescue bot on the same host), isolate ports + config/state (see docs: /gateway#multiple-gateways-same-host).

Troubles: run openclaw status
Troubleshooting: https://docs.openclaw.ai/troubleshooting
[2026-03-12 23:06:00] ✅ Gateway OK (RPC probe passed)
[2026-03-12 23:11:05] Watchdog check...
Cleanup hint: launchctl bootout gui/$UID/ai.openclaw.gateway
Cleanup hint: rm ~/Library/LaunchAgents/ai.openclaw.gateway.plist

Recommendation: run a single gateway per machine for most setups. One gateway supports multiple agents (see docs: /gateway#multiple-gateways-same-host).
If you need multiple gateways (e.g., a rescue bot on the same host), isolate ports + config/state (see docs: /gateway#multiple-gateways-same-host).

Troubles: run openclaw status
Troubleshooting: https://docs.openclaw.ai/troubleshooting
[2026-03-12 23:11:05] ✅ Gateway OK (RPC probe passed)
[2026-03-12 23:16:10] Watchdog check...
Cleanup hint: launchctl bootout gui/$UID/ai.openclaw.gateway
Cleanup hint: rm ~/Library/LaunchAgents/ai.openclaw.gateway.plist

Recommendation: run a single gateway per machine for most setups. One gateway supports multiple agents (see docs: /gateway#multiple-gateways-same-host).
If you need multiple gateways (e.g., a rescue bot on the same host), isolate ports + config/state (see docs: /gateway#multiple-gateways-same-host).

Troubles: run openclaw status
Troubleshooting: https://docs.openclaw.ai/troubleshooting
[2026-03-12 23:16:10] ✅ Gateway OK (RPC probe passed)
[2026-03-12 23:21:15] Watchdog check...
Cleanup hint: launchctl bootout gui/$UID/ai.openclaw.gateway
Cleanup hint: rm ~/Library/LaunchAgents/ai.openclaw.gateway.plist

Recommendation: run a single gateway per machine for most setups. One gateway supports multiple agents (see docs: /gateway#multiple-gateways-same-host).
If you need multiple gateways (e.g., a rescue bot on the same host), isolate ports + config/state (see docs: /gateway#multiple-gateways-same-host).

Troubles: run openclaw status
Troubleshooting: https://docs.openclaw.ai/troubleshooting
[2026-03-12 23:21:15] ✅ Gateway OK (RPC probe passed)
[2026-03-12 23:26:20] Watchdog check...
Cleanup hint: launchctl bootout gui/$UID/ai.openclaw.gateway
Cleanup hint: rm ~/Library/LaunchAgents/ai.openclaw.gateway.plist

Recommendation: run a single gateway per machine for most setups. One gateway supports multiple agents (see docs: /gateway#multiple-gateways-same-host).
If you need multiple gateways (e.g., a rescue bot on the same host), isolate ports + config/state (see docs: /gateway#multiple-gateways-same-host).

Troubles: run openclaw status
Troubleshooting: https://docs.openclaw.ai/troubleshooting
[2026-03-12 23:26:20] ✅ Gateway OK (RPC probe passed)
[2026-03-12 23:31:25] Watchdog check...
Cleanup hint: launchctl bootout gui/$UID/ai.openclaw.gateway
Cleanup hint: rm ~/Library/LaunchAgents/ai.openclaw.gateway.plist

Recommendation: run a single gateway per machine for most setups. One gateway supports multiple agents (see docs: /gateway#multiple-gateways-same-host).
If you need multiple gateways (e.g., a rescue bot on the same host), isolate ports + config/state (see docs: /gateway#multiple-gateways-same-host).

Troubles: run openclaw status
Troubleshooting: https://docs.openclaw.ai/troubleshooting
[2026-03-12 23:31:25] ✅ Gateway OK (RPC probe passed)
[2026-03-12 23:36:30] Watchdog check...
Cleanup hint: launchctl bootout gui/$UID/ai.openclaw.gateway
Cleanup hint: rm ~/Library/LaunchAgents/ai.openclaw.gateway.plist

Recommendation: run a single gateway per machine for most setups. One gateway supports multiple agents (see docs: /gateway#multiple-gateways-same-host).
If you need multiple gateways (e.g., a rescue bot on the same host), isolate ports + config/state (see docs: /gateway#multiple-gateways-same-host).

Troubles: run openclaw status
Troubleshooting: https://docs.openclaw.ai/troubleshooting
[2026-03-12 23:36:30] ✅ Gateway OK (RPC probe passed)
[2026-03-12 23:41:35] Watchdog check...
Cleanup hint: launchctl bootout gui/$UID/ai.openclaw.gateway
Cleanup hint: rm ~/Library/LaunchAgents/ai.openclaw.gateway.plist

Recommendation: run a single gateway per machine for most setups. One gateway supports multiple agents (see docs: /gateway#multiple-gateways-same-host).
If you need multiple gateways (e.g., a rescue bot on the same host), isolate ports + config/state (see docs: /gateway#multiple-gateways-same-host).

Troubles: run openclaw status
Troubleshooting: https://docs.openclaw.ai/troubleshooting
[2026-03-12 23:41:35] ✅ Gateway OK (RPC probe passed)
[2026-03-12 23:46:40] Watchdog check...
Cleanup hint: launchctl bootout gui/$UID/ai.openclaw.gateway
Cleanup hint: rm ~/Library/LaunchAgents/ai.openclaw.gateway.plist

Recommendation: run a single gateway per machine for most setups. One gateway supports multiple agents (see docs: /gateway#multiple-gateways-same-host).
If you need multiple gateways (e.g., a rescue bot on the same host), isolate ports + config/state (see docs: /gateway#multiple-gateways-same-host).

Troubles: run openclaw status
Troubleshooting: https://docs.openclaw.ai/troubleshooting
[2026-03-12 23:46:40] ✅ Gateway OK (RPC probe passed)
[2026-03-12 23:51:45] Watchdog check...
Cleanup hint: launchctl bootout gui/$UID/ai.openclaw.gateway
Cleanup hint: rm ~/Library/LaunchAgents/ai.openclaw.gateway.plist

Recommendation: run a single gateway per machine for most setups. One gateway supports multiple agents (see docs: /gateway#multiple-gateways-same-host).
If you need multiple gateways (e.g., a rescue bot on the same host), isolate ports + config/state (see docs: /gateway#multiple-gateways-same-host).

Troubles: run openclaw status
Troubleshooting: https://docs.openclaw.ai/troubleshooting
[2026-03-12 23:51:45] ✅ Gateway OK (RPC probe passed)
[2026-03-12 23:56:49] Watchdog check...
Cleanup hint: launchctl bootout gui/$UID/ai.openclaw.gateway
Cleanup hint: rm ~/Library/LaunchAgents/ai.openclaw.gateway.plist

Recommendation: run a single gateway per machine for most setups. One gateway supports multiple agents (see docs: /gateway#multiple-gateways-same-host).
If you need multiple gateways (e.g., a rescue bot on the same host), isolate ports + config/state (see docs: /gateway#multiple-gateways-same-host).

Troubles: run openclaw status
Troubleshooting: https://docs.openclaw.ai/troubleshooting
[2026-03-12 23:56:49] ✅ Gateway OK (RPC probe passed)
[2026-03-13 00:01:54] Watchdog check...
Cleanup hint: launchctl bootout gui/$UID/ai.openclaw.gateway
Cleanup hint: rm ~/Library/LaunchAgents/ai.openclaw.gateway.plist

Recommendation: run a single gateway per machine for most setups. One gateway supports multiple agents (see docs: /gateway#multiple-gateways-same-host).
If you need multiple gateways (e.g., a rescue bot on the same host), isolate ports + config/state (see docs: /gateway#multiple-gateways-same-host).

Troubles: run openclaw status
Troubleshooting: https://docs.openclaw.ai/troubleshooting
[2026-03-13 00:01:54] ✅ Gateway OK (RPC probe passed)
[2026-03-13 00:06:59] Watchdog check...
Cleanup hint: launchctl bootout gui/$UID/ai.openclaw.gateway
Cleanup hint: rm ~/Library/LaunchAgents/ai.openclaw.gateway.plist

Recommendation: run a single gateway per machine for most setups. One gateway supports multiple agents (see docs: /gateway#multiple-gateways-same-host).
If you need multiple gateways (e.g., a rescue bot on the same host), isolate ports + config/state (see docs: /gateway#multiple-gateways-same-host).

Troubles: run openclaw status
Troubleshooting: https://docs.openclaw.ai/troubleshooting
[2026-03-13 00:06:59] ✅ Gateway OK (RPC probe passed)
[2026-03-13 00:12:04] Watchdog check...
Cleanup hint: launchctl bootout gui/$UID/ai.openclaw.gateway
Cleanup hint: rm ~/Library/LaunchAgents/ai.openclaw.gateway.plist

Recommendation: run a single gateway per machine for most setups. One gateway supports multiple agents (see docs: /gateway#multiple-gateways-same-host).
If you need multiple gateways (e.g., a rescue bot on the same host), isolate ports + config/state (see docs: /gateway#multiple-gateways-same-host).

Troubles: run openclaw status
Troubleshooting: https://docs.openclaw.ai/troubleshooting
[2026-03-13 00:12:04] ✅ Gateway OK (RPC probe passed)
[2026-03-13 00:17:09] Watchdog check...
Cleanup hint: launchctl bootout gui/$UID/ai.openclaw.gateway
Cleanup hint: rm ~/Library/LaunchAgents/ai.openclaw.gateway.plist

Recommendation: run a single gateway per machine for most setups. One gateway supports multiple agents (see docs: /gateway#multiple-gateways-same-host).
If you need multiple gateways (e.g., a rescue bot on the same host), isolate ports + config/state (see docs: /gateway#multiple-gateways-same-host).

Troubles: run openclaw status
Troubleshooting: https://docs.openclaw.ai/troubleshooting
[2026-03-13 00:17:09] ✅ Gateway OK (RPC probe passed)
[2026-03-13 00:22:14] Watchdog check...
Cleanup hint: launchctl bootout gui/$UID/ai.openclaw.gateway
Cleanup hint: rm ~/Library/LaunchAgents/ai.openclaw.gateway.plist

Recommendation: run a single gateway per machine for most setups. One gateway supports multiple agents (see docs: /gateway#multiple-gateways-same-host).
If you need multiple gateways (e.g., a rescue bot on the same host), isolate ports + config/state (see docs: /gateway#multiple-gateways-same-host).

Troubles: run openclaw status
Troubleshooting: https://docs.openclaw.ai/troubleshooting
[2026-03-13 00:22:14] ✅ Gateway OK (RPC probe passed)
[2026-03-13 00:27:20] Watchdog check...
Cleanup hint: launchctl bootout gui/$UID/ai.openclaw.gateway
Cleanup hint: rm ~/Library/LaunchAgents/ai.openclaw.gateway.plist

Recommendation: run a single gateway per machine for most setups. One gateway supports multiple agents (see docs: /gateway#multiple-gateways-same-host).
If you need multiple gateways (e.g., a rescue bot on the same host), isolate ports + config/state (see docs: /gateway#multiple-gateways-same-host).

Troubles: run openclaw status
Troubleshooting: https://docs.openclaw.ai/troubleshooting
[2026-03-13 00:27:20] ✅ Gateway OK (RPC probe passed)
[2026-03-13 00:32:25] Watchdog check...
Cleanup hint: launchctl bootout gui/$UID/ai.openclaw.gateway
Cleanup hint: rm ~/Library/LaunchAgents/ai.openclaw.gateway.plist

Recommendation: run a single gateway per machine for most setups. One gateway supports multiple agents (see docs: /gateway#multiple-gateways-same-host).
If you need multiple gateways (e.g., a rescue bot on the same host), isolate ports + config/state (see docs: /gateway#multiple-gateways-same-host).

Troubles: run openclaw status
Troubleshooting: https://docs.openclaw.ai/troubleshooting
[2026-03-13 00:32:25] ✅ Gateway OK (RPC probe passed)
[2026-03-13 00:37:30] Watchdog check...
Cleanup hint: launchctl bootout gui/$UID/ai.openclaw.gateway
Cleanup hint: rm ~/Library/LaunchAgents/ai.openclaw.gateway.plist

Recommendation: run a single gateway per machine for most setups. One gateway supports multiple agents (see docs: /gateway#multiple-gateways-same-host).
If you need multiple gateways (e.g., a rescue bot on the same host), isolate ports + config/state (see docs: /gateway#multiple-gateways-same-host).

Troubles: run openclaw status
Troubleshooting: https://docs.openclaw.ai/troubleshooting
[2026-03-13 00:37:30] ✅ Gateway OK (RPC probe passed)
[2026-03-13 00:42:35] Watchdog check...
Cleanup hint: launchctl bootout gui/$UID/ai.openclaw.gateway
Cleanup hint: rm ~/Library/LaunchAgents/ai.openclaw.gateway.plist

Recommendation: run a single gateway per machine for most setups. One gateway supports multiple agents (see docs: /gateway#multiple-gateways-same-host).
If you need multiple gateways (e.g., a rescue bot on the same host), isolate ports + config/state (see docs: /gateway#multiple-gateways-same-host).

Troubles: run openclaw status
Troubleshooting: https://docs.openclaw.ai/troubleshooting
[2026-03-13 00:42:35] ✅ Gateway OK (RPC probe passed)
[2026-03-13 00:47:40] Watchdog check...
Cleanup hint: launchctl bootout gui/$UID/ai.openclaw.gateway
Cleanup hint: rm ~/Library/LaunchAgents/ai.openclaw.gateway.plist

Recommendation: run a single gateway per machine for most setups. One gateway supports multiple agents (see docs: /gateway#multiple-gateways-same-host).
If you need multiple gateways (e.g., a rescue bot on the same host), isolate ports + config/state (see docs: /gateway#multiple-gateways-same-host).

Troubles: run openclaw status
Troubleshooting: https://docs.openclaw.ai/troubleshooting
[2026-03-13 00:47:40] ✅ Gateway OK (RPC probe passed)
[2026-03-13 00:52:44] Watchdog check...
Cleanup hint: launchctl bootout gui/$UID/ai.openclaw.gateway
Cleanup hint: rm ~/Library/LaunchAgents/ai.openclaw.gateway.plist

Recommendation: run a single gateway per machine for most setups. One gateway supports multiple agents (see docs: /gateway#multiple-gateways-same-host).
If you need multiple gateways (e.g., a rescue bot on the same host), isolate ports + config/state (see docs: /gateway#multiple-gateways-same-host).

Troubles: run openclaw status
Troubleshooting: https://docs.openclaw.ai/troubleshooting
[2026-03-13 00:52:44] ✅ Gateway OK (RPC probe passed)
[2026-03-13 00:57:49] Watchdog check...
Cleanup hint: launchctl bootout gui/$UID/ai.openclaw.gateway
Cleanup hint: rm ~/Library/LaunchAgents/ai.openclaw.gateway.plist

Recommendation: run a single gateway per machine for most setups. One gateway supports multiple agents (see docs: /gateway#multiple-gateways-same-host).
If you need multiple gateways (e.g., a rescue bot on the same host), isolate ports + config/state (see docs: /gateway#multiple-gateways-same-host).

Troubles: run openclaw status
Troubleshooting: https://docs.openclaw.ai/troubleshooting
[2026-03-13 00:57:49] ✅ Gateway OK (RPC probe passed)
[2026-03-13 01:02:54] Watchdog check...
Cleanup hint: launchctl bootout gui/$UID/ai.openclaw.gateway
Cleanup hint: rm ~/Library/LaunchAgents/ai.openclaw.gateway.plist

Recommendation: run a single gateway per machine for most setups. One gateway supports multiple agents (see docs: /gateway#multiple-gateways-same-host).
If you need multiple gateways (e.g., a rescue bot on the same host), isolate ports + config/state (see docs: /gateway#multiple-gateways-same-host).

Troubles: run openclaw status
Troubleshooting: https://docs.openclaw.ai/troubleshooting
[2026-03-13 01:02:54] ✅ Gateway OK (RPC probe passed)
[2026-03-13 01:07:59] Watchdog check...
Cleanup hint: launchctl bootout gui/$UID/ai.openclaw.gateway
Cleanup hint: rm ~/Library/LaunchAgents/ai.openclaw.gateway.plist

Recommendation: run a single gateway per machine for most setups. One gateway supports multiple agents (see docs: /gateway#multiple-gateways-same-host).
If you need multiple gateways (e.g., a rescue bot on the same host), isolate ports + config/state (see docs: /gateway#multiple-gateways-same-host).

Troubles: run openclaw status
Troubleshooting: https://docs.openclaw.ai/troubleshooting
[2026-03-13 01:07:59] ✅ Gateway OK (RPC probe passed)
[2026-03-13 01:13:04] Watchdog check...
Cleanup hint: launchctl bootout gui/$UID/ai.openclaw.gateway
Cleanup hint: rm ~/Library/LaunchAgents/ai.openclaw.gateway.plist

Recommendation: run a single gateway per machine for most setups. One gateway supports multiple agents (see docs: /gateway#multiple-gateways-same-host).
If you need multiple gateways (e.g., a rescue bot on the same host), isolate ports + config/state (see docs: /gateway#multiple-gateways-same-host).

Troubles: run openclaw status
Troubleshooting: https://docs.openclaw.ai/troubleshooting
[2026-03-13 01:13:04] ✅ Gateway OK (RPC probe passed)
[2026-03-13 01:18:09] Watchdog check...
Cleanup hint: launchctl bootout gui/$UID/ai.openclaw.gateway
Cleanup hint: rm ~/Library/LaunchAgents/ai.openclaw.gateway.plist

Recommendation: run a single gateway per machine for most setups. One gateway supports multiple agents (see docs: /gateway#multiple-gateways-same-host).
If you need multiple gateways (e.g., a rescue bot on the same host), isolate ports + config/state (see docs: /gateway#multiple-gateways-same-host).

Troubles: run openclaw status
Troubleshooting: https://docs.openclaw.ai/troubleshooting
[2026-03-13 01:18:09] ✅ Gateway OK (RPC probe passed)
[2026-03-13 01:23:13] Watchdog check...
Cleanup hint: launchctl bootout gui/$UID/ai.openclaw.gateway
Cleanup hint: rm ~/Library/LaunchAgents/ai.openclaw.gateway.plist

Recommendation: run a single gateway per machine for most setups. One gateway supports multiple agents (see docs: /gateway#multiple-gateways-same-host).
If you need multiple gateways (e.g., a rescue bot on the same host), isolate ports + config/state (see docs: /gateway#multiple-gateways-same-host).

Troubles: run openclaw status
Troubleshooting: https://docs.openclaw.ai/troubleshooting
[2026-03-13 01:23:13] ✅ Gateway OK (RPC probe passed)
[2026-03-13 01:28:18] Watchdog check...
Cleanup hint: launchctl bootout gui/$UID/ai.openclaw.gateway
Cleanup hint: rm ~/Library/LaunchAgents/ai.openclaw.gateway.plist

Recommendation: run a single gateway per machine for most setups. One gateway supports multiple agents (see docs: /gateway#multiple-gateways-same-host).
If you need multiple gateways (e.g., a rescue bot on the same host), isolate ports + config/state (see docs: /gateway#multiple-gateways-same-host).

Troubles: run openclaw status
Troubleshooting: https://docs.openclaw.ai/troubleshooting
[2026-03-13 01:28:18] ✅ Gateway OK (RPC probe passed)
[2026-03-13 01:33:23] Watchdog check...
Cleanup hint: launchctl bootout gui/$UID/ai.openclaw.gateway
Cleanup hint: rm ~/Library/LaunchAgents/ai.openclaw.gateway.plist

Recommendation: run a single gateway per machine for most setups. One gateway supports multiple agents (see docs: /gateway#multiple-gateways-same-host).
If you need multiple gateways (e.g., a rescue bot on the same host), isolate ports + config/state (see docs: /gateway#multiple-gateways-same-host).

Troubles: run openclaw status
Troubleshooting: https://docs.openclaw.ai/troubleshooting
[2026-03-13 01:33:23] ✅ Gateway OK (RPC probe passed)
[2026-03-13 01:38:28] Watchdog check...
Cleanup hint: launchctl bootout gui/$UID/ai.openclaw.gateway
Cleanup hint: rm ~/Library/LaunchAgents/ai.openclaw.gateway.plist

Recommendation: run a single gateway per machine for most setups. One gateway supports multiple agents (see docs: /gateway#multiple-gateways-same-host).
If you need multiple gateways (e.g., a rescue bot on the same host), isolate ports + config/state (see docs: /gateway#multiple-gateways-same-host).

Troubles: run openclaw status
Troubleshooting: https://docs.openclaw.ai/troubleshooting
[2026-03-13 01:38:28] ✅ Gateway OK (RPC probe passed)
[2026-03-13 01:43:34] Watchdog check...
Cleanup hint: launchctl bootout gui/$UID/ai.openclaw.gateway
Cleanup hint: rm ~/Library/LaunchAgents/ai.openclaw.gateway.plist

Recommendation: run a single gateway per machine for most setups. One gateway supports multiple agents (see docs: /gateway#multiple-gateways-same-host).
If you need multiple gateways (e.g., a rescue bot on the same host), isolate ports + config/state (see docs: /gateway#multiple-gateways-same-host).

Troubles: run openclaw status
Troubleshooting: https://docs.openclaw.ai/troubleshooting
[2026-03-13 01:43:34] ✅ Gateway OK (RPC probe passed)
[2026-03-13 01:48:41] Watchdog check...
Cleanup hint: launchctl bootout gui/$UID/ai.openclaw.gateway
Cleanup hint: rm ~/Library/LaunchAgents/ai.openclaw.gateway.plist

Recommendation: run a single gateway per machine for most setups. One gateway supports multiple agents (see docs: /gateway#multiple-gateways-same-host).
If you need multiple gateways (e.g., a rescue bot on the same host), isolate ports + config/state (see docs: /gateway#multiple-gateways-same-host).

Troubles: run openclaw status
Troubleshooting: https://docs.openclaw.ai/troubleshooting
[2026-03-13 01:48:41] ✅ Gateway OK (RPC probe passed)
[2026-03-13 01:53:46] Watchdog check...
Cleanup hint: launchctl bootout gui/$UID/ai.openclaw.gateway
Cleanup hint: rm ~/Library/LaunchAgents/ai.openclaw.gateway.plist

Recommendation: run a single gateway per machine for most setups. One gateway supports multiple agents (see docs: /gateway#multiple-gateways-same-host).
If you need multiple gateways (e.g., a rescue bot on the same host), isolate ports + config/state (see docs: /gateway#multiple-gateways-same-host).

Troubles: run openclaw status
Troubleshooting: https://docs.openclaw.ai/troubleshooting
[2026-03-13 01:53:46] ✅ Gateway OK (RPC probe passed)
[2026-03-13 01:58:51] Watchdog check...
Cleanup hint: launchctl bootout gui/$UID/ai.openclaw.gateway
Cleanup hint: rm ~/Library/LaunchAgents/ai.openclaw.gateway.plist

Recommendation: run a single gateway per machine for most setups. One gateway supports multiple agents (see docs: /gateway#multiple-gateways-same-host).
If you need multiple gateways (e.g., a rescue bot on the same host), isolate ports + config/state (see docs: /gateway#multiple-gateways-same-host).

Troubles: run openclaw status
Troubleshooting: https://docs.openclaw.ai/troubleshooting
[2026-03-13 01:58:51] ✅ Gateway OK (RPC probe passed)
[2026-03-13 02:03:56] Watchdog check...
Cleanup hint: launchctl bootout gui/$UID/ai.openclaw.gateway
Cleanup hint: rm ~/Library/LaunchAgents/ai.openclaw.gateway.plist

Recommendation: run a single gateway per machine for most setups. One gateway supports multiple agents (see docs: /gateway#multiple-gateways-same-host).
If you need multiple gateways (e.g., a rescue bot on the same host), isolate ports + config/state (see docs: /gateway#multiple-gateways-same-host).

Troubles: run openclaw status
Troubleshooting: https://docs.openclaw.ai/troubleshooting
[2026-03-13 02:03:56] ✅ Gateway OK (RPC probe passed)
[2026-03-13 02:09:01] Watchdog check...
Cleanup hint: launchctl bootout gui/$UID/ai.openclaw.gateway
Cleanup hint: rm ~/Library/LaunchAgents/ai.openclaw.gateway.plist

Recommendation: run a single gateway per machine for most setups. One gateway supports multiple agents (see docs: /gateway#multiple-gateways-same-host).
If you need multiple gateways (e.g., a rescue bot on the same host), isolate ports + config/state (see docs: /gateway#multiple-gateways-same-host).

Troubles: run openclaw status
Troubleshooting: https://docs.openclaw.ai/troubleshooting
[2026-03-13 02:09:01] ✅ Gateway OK (RPC probe passed)
[2026-03-13 02:14:06] Watchdog check...
Cleanup hint: launchctl bootout gui/$UID/ai.openclaw.gateway
Cleanup hint: rm ~/Library/LaunchAgents/ai.openclaw.gateway.plist

Recommendation: run a single gateway per machine for most setups. One gateway supports multiple agents (see docs: /gateway#multiple-gateways-same-host).
If you need multiple gateways (e.g., a rescue bot on the same host), isolate ports + config/state (see docs: /gateway#multiple-gateways-same-host).

Troubles: run openclaw status
Troubleshooting: https://docs.openclaw.ai/troubleshooting
[2026-03-13 02:14:06] ✅ Gateway OK (RPC probe passed)
[2026-03-13 02:19:11] Watchdog check...
Cleanup hint: launchctl bootout gui/$UID/ai.openclaw.gateway
Cleanup hint: rm ~/Library/LaunchAgents/ai.openclaw.gateway.plist

Recommendation: run a single gateway per machine for most setups. One gateway supports multiple agents (see docs: /gateway#multiple-gateways-same-host).
If you need multiple gateways (e.g., a rescue bot on the same host), isolate ports + config/state (see docs: /gateway#multiple-gateways-same-host).

Troubles: run openclaw status
Troubleshooting: https://docs.openclaw.ai/troubleshooting
[2026-03-13 02:19:11] ✅ Gateway OK (RPC probe passed)
[2026-03-13 02:24:16] Watchdog check...
Cleanup hint: launchctl bootout gui/$UID/ai.openclaw.gateway
Cleanup hint: rm ~/Library/LaunchAgents/ai.openclaw.gateway.plist

Recommendation: run a single gateway per machine for most setups. One gateway supports multiple agents (see docs: /gateway#multiple-gateways-same-host).
If you need multiple gateways (e.g., a rescue bot on the same host), isolate ports + config/state (see docs: /gateway#multiple-gateways-same-host).

Troubles: run openclaw status
Troubleshooting: https://docs.openclaw.ai/troubleshooting
[2026-03-13 02:24:16] ✅ Gateway OK (RPC probe passed)
[2026-03-13 02:29:21] Watchdog check...
Cleanup hint: launchctl bootout gui/$UID/ai.openclaw.gateway
Cleanup hint: rm ~/Library/LaunchAgents/ai.openclaw.gateway.plist

Recommendation: run a single gateway per machine for most setups. One gateway supports multiple agents (see docs: /gateway#multiple-gateways-same-host).
If you need multiple gateways (e.g., a rescue bot on the same host), isolate ports + config/state (see docs: /gateway#multiple-gateways-same-host).

Troubles: run openclaw status
Troubleshooting: https://docs.openclaw.ai/troubleshooting
[2026-03-13 02:29:21] ✅ Gateway OK (RPC probe passed)
[2026-03-13 02:34:26] Watchdog check...
Cleanup hint: launchctl bootout gui/$UID/ai.openclaw.gateway
Cleanup hint: rm ~/Library/LaunchAgents/ai.openclaw.gateway.plist

Recommendation: run a single gateway per machine for most setups. One gateway supports multiple agents (see docs: /gateway#multiple-gateways-same-host).
If you need multiple gateways (e.g., a rescue bot on the same host), isolate ports + config/state (see docs: /gateway#multiple-gateways-same-host).

Troubles: run openclaw status
Troubleshooting: https://docs.openclaw.ai/troubleshooting
[2026-03-13 02:34:26] ✅ Gateway OK (RPC probe passed)
[2026-03-13 02:39:34] Watchdog check...
Cleanup hint: launchctl bootout gui/$UID/ai.openclaw.gateway
Cleanup hint: rm ~/Library/LaunchAgents/ai.openclaw.gateway.plist

Recommendation: run a single gateway per machine for most setups. One gateway supports multiple agents (see docs: /gateway#multiple-gateways-same-host).
If you need multiple gateways (e.g., a rescue bot on the same host), isolate ports + config/state (see docs: /gateway#multiple-gateways-same-host).

Troubles: run openclaw status
Troubleshooting: https://docs.openclaw.ai/troubleshooting
[2026-03-13 02:39:34] ✅ Gateway OK (RPC probe passed)
[2026-03-13 02:44:41] Watchdog check...
Cleanup hint: launchctl bootout gui/$UID/ai.openclaw.gateway
Cleanup hint: rm ~/Library/LaunchAgents/ai.openclaw.gateway.plist

Recommendation: run a single gateway per machine for most setups. One gateway supports multiple agents (see docs: /gateway#multiple-gateways-same-host).
If you need multiple gateways (e.g., a rescue bot on the same host), isolate ports + config/state (see docs: /gateway#multiple-gateways-same-host).

Troubles: run openclaw status
Troubleshooting: https://docs.openclaw.ai/troubleshooting
[2026-03-13 02:44:41] ✅ Gateway OK (RPC probe passed)
[2026-03-13 02:49:47] Watchdog check...
Cleanup hint: launchctl bootout gui/$UID/ai.openclaw.gateway
Cleanup hint: rm ~/Library/LaunchAgents/ai.openclaw.gateway.plist

Recommendation: run a single gateway per machine for most setups. One gateway supports multiple agents (see docs: /gateway#multiple-gateways-same-host).
If you need multiple gateways (e.g., a rescue bot on the same host), isolate ports + config/state (see docs: /gateway#multiple-gateways-same-host).

Troubles: run openclaw status
Troubleshooting: https://docs.openclaw.ai/troubleshooting
[2026-03-13 02:49:47] ✅ Gateway OK (RPC probe passed)
[2026-03-13 02:54:52] Watchdog check...
Cleanup hint: launchctl bootout gui/$UID/ai.openclaw.gateway
Cleanup hint: rm ~/Library/LaunchAgents/ai.openclaw.gateway.plist

Recommendation: run a single gateway per machine for most setups. One gateway supports multiple agents (see docs: /gateway#multiple-gateways-same-host).
If you need multiple gateways (e.g., a rescue bot on the same host), isolate ports + config/state (see docs: /gateway#multiple-gateways-same-host).

Troubles: run openclaw status
Troubleshooting: https://docs.openclaw.ai/troubleshooting
[2026-03-13 02:54:52] ✅ Gateway OK (RPC probe passed)
[2026-03-13 02:59:57] Watchdog check...
Cleanup hint: launchctl bootout gui/$UID/ai.openclaw.gateway
Cleanup hint: rm ~/Library/LaunchAgents/ai.openclaw.gateway.plist

Recommendation: run a single gateway per machine for most setups. One gateway supports multiple agents (see docs: /gateway#multiple-gateways-same-host).
If you need multiple gateways (e.g., a rescue bot on the same host), isolate ports + config/state (see docs: /gateway#multiple-gateways-same-host).

Troubles: run openclaw status
Troubleshooting: https://docs.openclaw.ai/troubleshooting
[2026-03-13 02:59:57] ✅ Gateway OK (RPC probe passed)
[2026-03-13 03:05:03] Watchdog check...
Cleanup hint: launchctl bootout gui/$UID/ai.openclaw.gateway
Cleanup hint: rm ~/Library/LaunchAgents/ai.openclaw.gateway.plist

Recommendation: run a single gateway per machine for most setups. One gateway supports multiple agents (see docs: /gateway#multiple-gateways-same-host).
If you need multiple gateways (e.g., a rescue bot on the same host), isolate ports + config/state (see docs: /gateway#multiple-gateways-same-host).

Troubles: run openclaw status
Troubleshooting: https://docs.openclaw.ai/troubleshooting
[2026-03-13 03:05:03] ✅ Gateway OK (RPC probe passed)
[2026-03-13 03:10:15] Watchdog check...
Cleanup hint: launchctl bootout gui/$UID/ai.openclaw.gateway
Cleanup hint: rm ~/Library/LaunchAgents/ai.openclaw.gateway.plist

Recommendation: run a single gateway per machine for most setups. One gateway supports multiple agents (see docs: /gateway#multiple-gateways-same-host).
If you need multiple gateways (e.g., a rescue bot on the same host), isolate ports + config/state (see docs: /gateway#multiple-gateways-same-host).

Troubles: run openclaw status
Troubleshooting: https://docs.openclaw.ai/troubleshooting
[2026-03-13 03:10:15] ✅ Gateway OK (RPC probe passed)
[2026-03-13 03:15:23] Watchdog check...
Cleanup hint: launchctl bootout gui/$UID/ai.openclaw.gateway
Cleanup hint: rm ~/Library/LaunchAgents/ai.openclaw.gateway.plist

Recommendation: run a single gateway per machine for most setups. One gateway supports multiple agents (see docs: /gateway#multiple-gateways-same-host).
If you need multiple gateways (e.g., a rescue bot on the same host), isolate ports + config/state (see docs: /gateway#multiple-gateways-same-host).

Troubles: run openclaw status
Troubleshooting: https://docs.openclaw.ai/troubleshooting
[2026-03-13 03:15:23] ✅ Gateway OK (RPC probe passed)
[2026-03-13 03:20:31] Watchdog check...
Cleanup hint: launchctl bootout gui/$UID/ai.openclaw.gateway
Cleanup hint: rm ~/Library/LaunchAgents/ai.openclaw.gateway.plist

Recommendation: run a single gateway per machine for most setups. One gateway supports multiple agents (see docs: /gateway#multiple-gateways-same-host).
If you need multiple gateways (e.g., a rescue bot on the same host), isolate ports + config/state (see docs: /gateway#multiple-gateways-same-host).

Troubles: run openclaw status
Troubleshooting: https://docs.openclaw.ai/troubleshooting
[2026-03-13 03:20:31] ✅ Gateway OK (RPC probe passed)
[2026-03-13 03:25:37] Watchdog check...
Cleanup hint: launchctl bootout gui/$UID/ai.openclaw.gateway
Cleanup hint: rm ~/Library/LaunchAgents/ai.openclaw.gateway.plist

Recommendation: run a single gateway per machine for most setups. One gateway supports multiple agents (see docs: /gateway#multiple-gateways-same-host).
If you need multiple gateways (e.g., a rescue bot on the same host), isolate ports + config/state (see docs: /gateway#multiple-gateways-same-host).

Troubles: run openclaw status
Troubleshooting: https://docs.openclaw.ai/troubleshooting
[2026-03-13 03:25:37] ✅ Gateway OK (RPC probe passed)
[2026-03-13 03:30:42] Watchdog check...
Cleanup hint: launchctl bootout gui/$UID/ai.openclaw.gateway
Cleanup hint: rm ~/Library/LaunchAgents/ai.openclaw.gateway.plist

Recommendation: run a single gateway per machine for most setups. One gateway supports multiple agents (see docs: /gateway#multiple-gateways-same-host).
If you need multiple gateways (e.g., a rescue bot on the same host), isolate ports + config/state (see docs: /gateway#multiple-gateways-same-host).

Troubles: run openclaw status
Troubleshooting: https://docs.openclaw.ai/troubleshooting
[2026-03-13 03:30:42] ✅ Gateway OK (RPC probe passed)
[2026-03-13 03:35:48] Watchdog check...
Cleanup hint: launchctl bootout gui/$UID/ai.openclaw.gateway
Cleanup hint: rm ~/Library/LaunchAgents/ai.openclaw.gateway.plist

Recommendation: run a single gateway per machine for most setups. One gateway supports multiple agents (see docs: /gateway#multiple-gateways-same-host).
If you need multiple gateways (e.g., a rescue bot on the same host), isolate ports + config/state (see docs: /gateway#multiple-gateways-same-host).

Troubles: run openclaw status
Troubleshooting: https://docs.openclaw.ai/troubleshooting
[2026-03-13 03:35:48] ✅ Gateway OK (RPC probe passed)
[2026-03-13 03:40:55] Watchdog check...
Cleanup hint: launchctl bootout gui/$UID/ai.openclaw.gateway
Cleanup hint: rm ~/Library/LaunchAgents/ai.openclaw.gateway.plist

Recommendation: run a single gateway per machine for most setups. One gateway supports multiple agents (see docs: /gateway#multiple-gateways-same-host).
If you need multiple gateways (e.g., a rescue bot on the same host), isolate ports + config/state (see docs: /gateway#multiple-gateways-same-host).

Troubles: run openclaw status
Troubleshooting: https://docs.openclaw.ai/troubleshooting
[2026-03-13 03:40:55] ✅ Gateway OK (RPC probe passed)
[2026-03-13 03:46:00] Watchdog check...
Cleanup hint: launchctl bootout gui/$UID/ai.openclaw.gateway
Cleanup hint: rm ~/Library/LaunchAgents/ai.openclaw.gateway.plist

Recommendation: run a single gateway per machine for most setups. One gateway supports multiple agents (see docs: /gateway#multiple-gateways-same-host).
If you need multiple gateways (e.g., a rescue bot on the same host), isolate ports + config/state (see docs: /gateway#multiple-gateways-same-host).

Troubles: run openclaw status
Troubleshooting: https://docs.openclaw.ai/troubleshooting
[2026-03-13 03:46:00] ✅ Gateway OK (RPC probe passed)
[2026-03-13 03:51:05] Watchdog check...
Cleanup hint: launchctl bootout gui/$UID/ai.openclaw.gateway
Cleanup hint: rm ~/Library/LaunchAgents/ai.openclaw.gateway.plist

Recommendation: run a single gateway per machine for most setups. One gateway supports multiple agents (see docs: /gateway#multiple-gateways-same-host).
If you need multiple gateways (e.g., a rescue bot on the same host), isolate ports + config/state (see docs: /gateway#multiple-gateways-same-host).

Troubles: run openclaw status
Troubleshooting: https://docs.openclaw.ai/troubleshooting
[2026-03-13 03:51:05] ✅ Gateway OK (RPC probe passed)
[2026-03-13 03:56:10] Watchdog check...
Cleanup hint: launchctl bootout gui/$UID/ai.openclaw.gateway
Cleanup hint: rm ~/Library/LaunchAgents/ai.openclaw.gateway.plist

Recommendation: run a single gateway per machine for most setups. One gateway supports multiple agents (see docs: /gateway#multiple-gateways-same-host).
If you need multiple gateways (e.g., a rescue bot on the same host), isolate ports + config/state (see docs: /gateway#multiple-gateways-same-host).

Troubles: run openclaw status
Troubleshooting: https://docs.openclaw.ai/troubleshooting
[2026-03-13 03:56:10] ✅ Gateway OK (RPC probe passed)
[2026-03-13 04:01:15] Watchdog check...
Cleanup hint: launchctl bootout gui/$UID/ai.openclaw.gateway
Cleanup hint: rm ~/Library/LaunchAgents/ai.openclaw.gateway.plist

Recommendation: run a single gateway per machine for most setups. One gateway supports multiple agents (see docs: /gateway#multiple-gateways-same-host).
If you need multiple gateways (e.g., a rescue bot on the same host), isolate ports + config/state (see docs: /gateway#multiple-gateways-same-host).

Troubles: run openclaw status
Troubleshooting: https://docs.openclaw.ai/troubleshooting
[2026-03-13 04:01:15] ✅ Gateway OK (RPC probe passed)
[2026-03-13 04:06:21] Watchdog check...
Cleanup hint: launchctl bootout gui/$UID/ai.openclaw.gateway
Cleanup hint: rm ~/Library/LaunchAgents/ai.openclaw.gateway.plist

Recommendation: run a single gateway per machine for most setups. One gateway supports multiple agents (see docs: /gateway#multiple-gateways-same-host).
If you need multiple gateways (e.g., a rescue bot on the same host), isolate ports + config/state (see docs: /gateway#multiple-gateways-same-host).

Troubles: run openclaw status
Troubleshooting: https://docs.openclaw.ai/troubleshooting
[2026-03-13 04:06:21] ✅ Gateway OK (RPC probe passed)
[2026-03-13 04:11:26] Watchdog check...
Cleanup hint: launchctl bootout gui/$UID/ai.openclaw.gateway
Cleanup hint: rm ~/Library/LaunchAgents/ai.openclaw.gateway.plist

Recommendation: run a single gateway per machine for most setups. One gateway supports multiple agents (see docs: /gateway#multiple-gateways-same-host).
If you need multiple gateways (e.g., a rescue bot on the same host), isolate ports + config/state (see docs: /gateway#multiple-gateways-same-host).

Troubles: run openclaw status
Troubleshooting: https://docs.openclaw.ai/troubleshooting
[2026-03-13 04:11:26] ✅ Gateway OK (RPC probe passed)
[2026-03-13 04:16:32] Watchdog check...
Cleanup hint: launchctl bootout gui/$UID/ai.openclaw.gateway
Cleanup hint: rm ~/Library/LaunchAgents/ai.openclaw.gateway.plist

Recommendation: run a single gateway per machine for most setups. One gateway supports multiple agents (see docs: /gateway#multiple-gateways-same-host).
If you need multiple gateways (e.g., a rescue bot on the same host), isolate ports + config/state (see docs: /gateway#multiple-gateways-same-host).

Troubles: run openclaw status
Troubleshooting: https://docs.openclaw.ai/troubleshooting
[2026-03-13 04:16:32] ✅ Gateway OK (RPC probe passed)
[2026-03-13 04:21:37] Watchdog check...
Cleanup hint: launchctl bootout gui/$UID/ai.openclaw.gateway
Cleanup hint: rm ~/Library/LaunchAgents/ai.openclaw.gateway.plist

Recommendation: run a single gateway per machine for most setups. One gateway supports multiple agents (see docs: /gateway#multiple-gateways-same-host).
If you need multiple gateways (e.g., a rescue bot on the same host), isolate ports + config/state (see docs: /gateway#multiple-gateways-same-host).

Troubles: run openclaw status
Troubleshooting: https://docs.openclaw.ai/troubleshooting
[2026-03-13 04:21:37] ✅ Gateway OK (RPC probe passed)
[2026-03-13 04:26:42] Watchdog check...
Cleanup hint: launchctl bootout gui/$UID/ai.openclaw.gateway
Cleanup hint: rm ~/Library/LaunchAgents/ai.openclaw.gateway.plist

Recommendation: run a single gateway per machine for most setups. One gateway supports multiple agents (see docs: /gateway#multiple-gateways-same-host).
If you need multiple gateways (e.g., a rescue bot on the same host), isolate ports + config/state (see docs: /gateway#multiple-gateways-same-host).

Troubles: run openclaw status
Troubleshooting: https://docs.openclaw.ai/troubleshooting
[2026-03-13 04:26:42] ✅ Gateway OK (RPC probe passed)
[2026-03-13 04:31:47] Watchdog check...
Cleanup hint: launchctl bootout gui/$UID/ai.openclaw.gateway
Cleanup hint: rm ~/Library/LaunchAgents/ai.openclaw.gateway.plist

Recommendation: run a single gateway per machine for most setups. One gateway supports multiple agents (see docs: /gateway#multiple-gateways-same-host).
If you need multiple gateways (e.g., a rescue bot on the same host), isolate ports + config/state (see docs: /gateway#multiple-gateways-same-host).

Troubles: run openclaw status
Troubleshooting: https://docs.openclaw.ai/troubleshooting
[2026-03-13 04:31:47] ✅ Gateway OK (RPC probe passed)
[2026-03-13 04:36:53] Watchdog check...
Cleanup hint: launchctl bootout gui/$UID/ai.openclaw.gateway
Cleanup hint: rm ~/Library/LaunchAgents/ai.openclaw.gateway.plist

Recommendation: run a single gateway per machine for most setups. One gateway supports multiple agents (see docs: /gateway#multiple-gateways-same-host).
If you need multiple gateways (e.g., a rescue bot on the same host), isolate ports + config/state (see docs: /gateway#multiple-gateways-same-host).

Troubles: run openclaw status
Troubleshooting: https://docs.openclaw.ai/troubleshooting
[2026-03-13 04:36:53] ✅ Gateway OK (RPC probe passed)
[2026-03-13 04:41:59] Watchdog check...
Cleanup hint: launchctl bootout gui/$UID/ai.openclaw.gateway
Cleanup hint: rm ~/Library/LaunchAgents/ai.openclaw.gateway.plist

Recommendation: run a single gateway per machine for most setups. One gateway supports multiple agents (see docs: /gateway#multiple-gateways-same-host).
If you need multiple gateways (e.g., a rescue bot on the same host), isolate ports + config/state (see docs: /gateway#multiple-gateways-same-host).

Troubles: run openclaw status
Troubleshooting: https://docs.openclaw.ai/troubleshooting
[2026-03-13 04:41:59] ✅ Gateway OK (RPC probe passed)
[2026-03-13 04:47:04] Watchdog check...
Cleanup hint: launchctl bootout gui/$UID/ai.openclaw.gateway
Cleanup hint: rm ~/Library/LaunchAgents/ai.openclaw.gateway.plist

Recommendation: run a single gateway per machine for most setups. One gateway supports multiple agents (see docs: /gateway#multiple-gateways-same-host).
If you need multiple gateways (e.g., a rescue bot on the same host), isolate ports + config/state (see docs: /gateway#multiple-gateways-same-host).

Troubles: run openclaw status
Troubleshooting: https://docs.openclaw.ai/troubleshooting
[2026-03-13 04:47:04] ✅ Gateway OK (RPC probe passed)
[2026-03-13 04:52:09] Watchdog check...
Cleanup hint: launchctl bootout gui/$UID/ai.openclaw.gateway
Cleanup hint: rm ~/Library/LaunchAgents/ai.openclaw.gateway.plist

Recommendation: run a single gateway per machine for most setups. One gateway supports multiple agents (see docs: /gateway#multiple-gateways-same-host).
If you need multiple gateways (e.g., a rescue bot on the same host), isolate ports + config/state (see docs: /gateway#multiple-gateways-same-host).

Troubles: run openclaw status
Troubleshooting: https://docs.openclaw.ai/troubleshooting
[2026-03-13 04:52:09] ✅ Gateway OK (RPC probe passed)
[2026-03-13 04:57:14] Watchdog check...
Cleanup hint: launchctl bootout gui/$UID/ai.openclaw.gateway
Cleanup hint: rm ~/Library/LaunchAgents/ai.openclaw.gateway.plist

Recommendation: run a single gateway per machine for most setups. One gateway supports multiple agents (see docs: /gateway#multiple-gateways-same-host).
If you need multiple gateways (e.g., a rescue bot on the same host), isolate ports + config/state (see docs: /gateway#multiple-gateways-same-host).

Troubles: run openclaw status
Troubleshooting: https://docs.openclaw.ai/troubleshooting
[2026-03-13 04:57:14] ✅ Gateway OK (RPC probe passed)
[2026-03-13 05:02:19] Watchdog check...
Cleanup hint: launchctl bootout gui/$UID/ai.openclaw.gateway
Cleanup hint: rm ~/Library/LaunchAgents/ai.openclaw.gateway.plist

Recommendation: run a single gateway per machine for most setups. One gateway supports multiple agents (see docs: /gateway#multiple-gateways-same-host).
If you need multiple gateways (e.g., a rescue bot on the same host), isolate ports + config/state (see docs: /gateway#multiple-gateways-same-host).

Troubles: run openclaw status
Troubleshooting: https://docs.openclaw.ai/troubleshooting
[2026-03-13 05:02:19] ✅ Gateway OK (RPC probe passed)
[2026-03-13 05:07:24] Watchdog check...
Cleanup hint: launchctl bootout gui/$UID/ai.openclaw.gateway
Cleanup hint: rm ~/Library/LaunchAgents/ai.openclaw.gateway.plist

Recommendation: run a single gateway per machine for most setups. One gateway supports multiple agents (see docs: /gateway#multiple-gateways-same-host).
If you need multiple gateways (e.g., a rescue bot on the same host), isolate ports + config/state (see docs: /gateway#multiple-gateways-same-host).

Troubles: run openclaw status
Troubleshooting: https://docs.openclaw.ai/troubleshooting
[2026-03-13 05:07:24] ✅ Gateway OK (RPC probe passed)
[2026-03-13 05:12:30] Watchdog check...
Cleanup hint: launchctl bootout gui/$UID/ai.openclaw.gateway
Cleanup hint: rm ~/Library/LaunchAgents/ai.openclaw.gateway.plist

Recommendation: run a single gateway per machine for most setups. One gateway supports multiple agents (see docs: /gateway#multiple-gateways-same-host).
If you need multiple gateways (e.g., a rescue bot on the same host), isolate ports + config/state (see docs: /gateway#multiple-gateways-same-host).

Troubles: run openclaw status
Troubleshooting: https://docs.openclaw.ai/troubleshooting
[2026-03-13 05:12:30] ✅ Gateway OK (RPC probe passed)
[2026-03-13 05:17:35] Watchdog check...
Cleanup hint: launchctl bootout gui/$UID/ai.openclaw.gateway
Cleanup hint: rm ~/Library/LaunchAgents/ai.openclaw.gateway.plist

Recommendation: run a single gateway per machine for most setups. One gateway supports multiple agents (see docs: /gateway#multiple-gateways-same-host).
If you need multiple gateways (e.g., a rescue bot on the same host), isolate ports + config/state (see docs: /gateway#multiple-gateways-same-host).

Troubles: run openclaw status
Troubleshooting: https://docs.openclaw.ai/troubleshooting
[2026-03-13 05:17:35] ✅ Gateway OK (RPC probe passed)
[2026-03-13 05:22:40] Watchdog check...
Cleanup hint: launchctl bootout gui/$UID/ai.openclaw.gateway
Cleanup hint: rm ~/Library/LaunchAgents/ai.openclaw.gateway.plist

Recommendation: run a single gateway per machine for most setups. One gateway supports multiple agents (see docs: /gateway#multiple-gateways-same-host).
If you need multiple gateways (e.g., a rescue bot on the same host), isolate ports + config/state (see docs: /gateway#multiple-gateways-same-host).

Troubles: run openclaw status
Troubleshooting: https://docs.openclaw.ai/troubleshooting
[2026-03-13 05:22:40] ✅ Gateway OK (RPC probe passed)
[2026-03-13 05:27:46] Watchdog check...
Cleanup hint: launchctl bootout gui/$UID/ai.openclaw.gateway
Cleanup hint: rm ~/Library/LaunchAgents/ai.openclaw.gateway.plist

Recommendation: run a single gateway per machine for most setups. One gateway supports multiple agents (see docs: /gateway#multiple-gateways-same-host).
If you need multiple gateways (e.g., a rescue bot on the same host), isolate ports + config/state (see docs: /gateway#multiple-gateways-same-host).

Troubles: run openclaw status
Troubleshooting: https://docs.openclaw.ai/troubleshooting
[2026-03-13 05:27:46] ✅ Gateway OK (RPC probe passed)
[2026-03-13 05:32:51] Watchdog check...
Cleanup hint: launchctl bootout gui/$UID/ai.openclaw.gateway
Cleanup hint: rm ~/Library/LaunchAgents/ai.openclaw.gateway.plist

Recommendation: run a single gateway per machine for most setups. One gateway supports multiple agents (see docs: /gateway#multiple-gateways-same-host).
If you need multiple gateways (e.g., a rescue bot on the same host), isolate ports + config/state (see docs: /gateway#multiple-gateways-same-host).

Troubles: run openclaw status
Troubleshooting: https://docs.openclaw.ai/troubleshooting
[2026-03-13 05:32:51] ✅ Gateway OK (RPC probe passed)
[2026-03-13 05:37:56] Watchdog check...
Cleanup hint: launchctl bootout gui/$UID/ai.openclaw.gateway
Cleanup hint: rm ~/Library/LaunchAgents/ai.openclaw.gateway.plist

Recommendation: run a single gateway per machine for most setups. One gateway supports multiple agents (see docs: /gateway#multiple-gateways-same-host).
If you need multiple gateways (e.g., a rescue bot on the same host), isolate ports + config/state (see docs: /gateway#multiple-gateways-same-host).

Troubles: run openclaw status
Troubleshooting: https://docs.openclaw.ai/troubleshooting
[2026-03-13 05:37:56] ✅ Gateway OK (RPC probe passed)
[2026-03-13 05:43:02] Watchdog check...
Cleanup hint: launchctl bootout gui/$UID/ai.openclaw.gateway
Cleanup hint: rm ~/Library/LaunchAgents/ai.openclaw.gateway.plist

Recommendation: run a single gateway per machine for most setups. One gateway supports multiple agents (see docs: /gateway#multiple-gateways-same-host).
If you need multiple gateways (e.g., a rescue bot on the same host), isolate ports + config/state (see docs: /gateway#multiple-gateways-same-host).

Troubles: run openclaw status
Troubleshooting: https://docs.openclaw.ai/troubleshooting
[2026-03-13 05:43:02] ✅ Gateway OK (RPC probe passed)
[2026-03-13 05:48:07] Watchdog check...
Cleanup hint: launchctl bootout gui/$UID/ai.openclaw.gateway
Cleanup hint: rm ~/Library/LaunchAgents/ai.openclaw.gateway.plist

Recommendation: run a single gateway per machine for most setups. One gateway supports multiple agents (see docs: /gateway#multiple-gateways-same-host).
If you need multiple gateways (e.g., a rescue bot on the same host), isolate ports + config/state (see docs: /gateway#multiple-gateways-same-host).

Troubles: run openclaw status
Troubleshooting: https://docs.openclaw.ai/troubleshooting
[2026-03-13 05:48:07] ✅ Gateway OK (RPC probe passed)
[2026-03-13 05:53:12] Watchdog check...
Cleanup hint: launchctl bootout gui/$UID/ai.openclaw.gateway
Cleanup hint: rm ~/Library/LaunchAgents/ai.openclaw.gateway.plist

Recommendation: run a single gateway per machine for most setups. One gateway supports multiple agents (see docs: /gateway#multiple-gateways-same-host).
If you need multiple gateways (e.g., a rescue bot on the same host), isolate ports + config/state (see docs: /gateway#multiple-gateways-same-host).

Troubles: run openclaw status
Troubleshooting: https://docs.openclaw.ai/troubleshooting
[2026-03-13 05:53:12] ✅ Gateway OK (RPC probe passed)
[2026-03-13 05:58:17] Watchdog check...
Cleanup hint: launchctl bootout gui/$UID/ai.openclaw.gateway
Cleanup hint: rm ~/Library/LaunchAgents/ai.openclaw.gateway.plist

Recommendation: run a single gateway per machine for most setups. One gateway supports multiple agents (see docs: /gateway#multiple-gateways-same-host).
If you need multiple gateways (e.g., a rescue bot on the same host), isolate ports + config/state (see docs: /gateway#multiple-gateways-same-host).

Troubles: run openclaw status
Troubleshooting: https://docs.openclaw.ai/troubleshooting
[2026-03-13 05:58:17] ✅ Gateway OK (RPC probe passed)
[2026-03-13 06:03:22] Watchdog check...
Cleanup hint: launchctl bootout gui/$UID/ai.openclaw.gateway
Cleanup hint: rm ~/Library/LaunchAgents/ai.openclaw.gateway.plist

Recommendation: run a single gateway per machine for most setups. One gateway supports multiple agents (see docs: /gateway#multiple-gateways-same-host).
If you need multiple gateways (e.g., a rescue bot on the same host), isolate ports + config/state (see docs: /gateway#multiple-gateways-same-host).

Troubles: run openclaw status
Troubleshooting: https://docs.openclaw.ai/troubleshooting
[2026-03-13 06:03:22] ✅ Gateway OK (RPC probe passed)
[2026-03-13 06:08:28] Watchdog check...
Cleanup hint: launchctl bootout gui/$UID/ai.openclaw.gateway
Cleanup hint: rm ~/Library/LaunchAgents/ai.openclaw.gateway.plist

Recommendation: run a single gateway per machine for most setups. One gateway supports multiple agents (see docs: /gateway#multiple-gateways-same-host).
If you need multiple gateways (e.g., a rescue bot on the same host), isolate ports + config/state (see docs: /gateway#multiple-gateways-same-host).

Troubles: run openclaw status
Troubleshooting: https://docs.openclaw.ai/troubleshooting
[2026-03-13 06:08:28] ✅ Gateway OK (RPC probe passed)
[2026-03-13 06:13:34] Watchdog check...
Cleanup hint: launchctl bootout gui/$UID/ai.openclaw.gateway
Cleanup hint: rm ~/Library/LaunchAgents/ai.openclaw.gateway.plist

Recommendation: run a single gateway per machine for most setups. One gateway supports multiple agents (see docs: /gateway#multiple-gateways-same-host).
If you need multiple gateways (e.g., a rescue bot on the same host), isolate ports + config/state (see docs: /gateway#multiple-gateways-same-host).

Troubles: run openclaw status
Troubleshooting: https://docs.openclaw.ai/troubleshooting
[2026-03-13 06:13:34] ✅ Gateway OK (RPC probe passed)
[2026-03-13 06:18:41] Watchdog check...
Cleanup hint: launchctl bootout gui/$UID/ai.openclaw.gateway
Cleanup hint: rm ~/Library/LaunchAgents/ai.openclaw.gateway.plist

Recommendation: run a single gateway per machine for most setups. One gateway supports multiple agents (see docs: /gateway#multiple-gateways-same-host).
If you need multiple gateways (e.g., a rescue bot on the same host), isolate ports + config/state (see docs: /gateway#multiple-gateways-same-host).

Troubles: run openclaw status
Troubleshooting: https://docs.openclaw.ai/troubleshooting
[2026-03-13 06:18:41] ✅ Gateway OK (RPC probe passed)
[2026-03-13 06:23:46] Watchdog check...
Cleanup hint: launchctl bootout gui/$UID/ai.openclaw.gateway
Cleanup hint: rm ~/Library/LaunchAgents/ai.openclaw.gateway.plist

Recommendation: run a single gateway per machine for most setups. One gateway supports multiple agents (see docs: /gateway#multiple-gateways-same-host).
If you need multiple gateways (e.g., a rescue bot on the same host), isolate ports + config/state (see docs: /gateway#multiple-gateways-same-host).

Troubles: run openclaw status
Troubleshooting: https://docs.openclaw.ai/troubleshooting
[2026-03-13 06:23:46] ✅ Gateway OK (RPC probe passed)
[2026-03-13 06:28:51] Watchdog check...
Cleanup hint: launchctl bootout gui/$UID/ai.openclaw.gateway
Cleanup hint: rm ~/Library/LaunchAgents/ai.openclaw.gateway.plist

Recommendation: run a single gateway per machine for most setups. One gateway supports multiple agents (see docs: /gateway#multiple-gateways-same-host).
If you need multiple gateways (e.g., a rescue bot on the same host), isolate ports + config/state (see docs: /gateway#multiple-gateways-same-host).

Troubles: run openclaw status
Troubleshooting: https://docs.openclaw.ai/troubleshooting
[2026-03-13 06:28:51] ✅ Gateway OK (RPC probe passed)
[2026-03-13 06:33:56] Watchdog check...
Cleanup hint: launchctl bootout gui/$UID/ai.openclaw.gateway
Cleanup hint: rm ~/Library/LaunchAgents/ai.openclaw.gateway.plist

Recommendation: run a single gateway per machine for most setups. One gateway supports multiple agents (see docs: /gateway#multiple-gateways-same-host).
If you need multiple gateways (e.g., a rescue bot on the same host), isolate ports + config/state (see docs: /gateway#multiple-gateways-same-host).

Troubles: run openclaw status
Troubleshooting: https://docs.openclaw.ai/troubleshooting
[2026-03-13 06:33:56] ✅ Gateway OK (RPC probe passed)
[2026-03-13 06:39:01] Watchdog check...
Cleanup hint: launchctl bootout gui/$UID/ai.openclaw.gateway
Cleanup hint: rm ~/Library/LaunchAgents/ai.openclaw.gateway.plist

Recommendation: run a single gateway per machine for most setups. One gateway supports multiple agents (see docs: /gateway#multiple-gateways-same-host).
If you need multiple gateways (e.g., a rescue bot on the same host), isolate ports + config/state (see docs: /gateway#multiple-gateways-same-host).

Troubles: run openclaw status
Troubleshooting: https://docs.openclaw.ai/troubleshooting
[2026-03-13 06:39:01] ✅ Gateway OK (RPC probe passed)
[2026-03-13 06:44:10] Watchdog check...
Cleanup hint: launchctl bootout gui/$UID/ai.openclaw.gateway
Cleanup hint: rm ~/Library/LaunchAgents/ai.openclaw.gateway.plist

Recommendation: run a single gateway per machine for most setups. One gateway supports multiple agents (see docs: /gateway#multiple-gateways-same-host).
If you need multiple gateways (e.g., a rescue bot on the same host), isolate ports + config/state (see docs: /gateway#multiple-gateways-same-host).

Troubles: run openclaw status
Troubleshooting: https://docs.openclaw.ai/troubleshooting
[2026-03-13 06:44:10] ✅ Gateway OK (RPC probe passed)
[2026-03-13 06:49:14] Watchdog check...
Cleanup hint: launchctl bootout gui/$UID/ai.openclaw.gateway
Cleanup hint: rm ~/Library/LaunchAgents/ai.openclaw.gateway.plist

Recommendation: run a single gateway per machine for most setups. One gateway supports multiple agents (see docs: /gateway#multiple-gateways-same-host).
If you need multiple gateways (e.g., a rescue bot on the same host), isolate ports + config/state (see docs: /gateway#multiple-gateways-same-host).

Troubles: run openclaw status
Troubleshooting: https://docs.openclaw.ai/troubleshooting
[2026-03-13 06:49:14] ✅ Gateway OK (RPC probe passed)
[2026-03-13 06:54:21] Watchdog check...
Cleanup hint: launchctl bootout gui/$UID/ai.openclaw.gateway
Cleanup hint: rm ~/Library/LaunchAgents/ai.openclaw.gateway.plist

Recommendation: run a single gateway per machine for most setups. One gateway supports multiple agents (see docs: /gateway#multiple-gateways-same-host).
If you need multiple gateways (e.g., a rescue bot on the same host), isolate ports + config/state (see docs: /gateway#multiple-gateways-same-host).

Troubles: run openclaw status
Troubleshooting: https://docs.openclaw.ai/troubleshooting
[2026-03-13 06:54:21] ✅ Gateway OK (RPC probe passed)
[2026-03-13 06:59:29] Watchdog check...
Cleanup hint: launchctl bootout gui/$UID/ai.openclaw.gateway
Cleanup hint: rm ~/Library/LaunchAgents/ai.openclaw.gateway.plist

Recommendation: run a single gateway per machine for most setups. One gateway supports multiple agents (see docs: /gateway#multiple-gateways-same-host).
If you need multiple gateways (e.g., a rescue bot on the same host), isolate ports + config/state (see docs: /gateway#multiple-gateways-same-host).

Troubles: run openclaw status
Troubleshooting: https://docs.openclaw.ai/troubleshooting
[2026-03-13 06:59:29] ✅ Gateway OK (RPC probe passed)
[2026-03-13 07:04:37] Watchdog check...
Cleanup hint: launchctl bootout gui/$UID/ai.openclaw.gateway
Cleanup hint: rm ~/Library/LaunchAgents/ai.openclaw.gateway.plist

Recommendation: run a single gateway per machine for most setups. One gateway supports multiple agents (see docs: /gateway#multiple-gateways-same-host).
If you need multiple gateways (e.g., a rescue bot on the same host), isolate ports + config/state (see docs: /gateway#multiple-gateways-same-host).

Troubles: run openclaw status
Troubleshooting: https://docs.openclaw.ai/troubleshooting
[2026-03-13 07:04:37] ✅ Gateway OK (RPC probe passed)
[2026-03-13 07:09:42] Watchdog check...
Cleanup hint: launchctl bootout gui/$UID/ai.openclaw.gateway
Cleanup hint: rm ~/Library/LaunchAgents/ai.openclaw.gateway.plist

Recommendation: run a single gateway per machine for most setups. One gateway supports multiple agents (see docs: /gateway#multiple-gateways-same-host).
If you need multiple gateways (e.g., a rescue bot on the same host), isolate ports + config/state (see docs: /gateway#multiple-gateways-same-host).

Troubles: run openclaw status
Troubleshooting: https://docs.openclaw.ai/troubleshooting
[2026-03-13 07:09:42] ✅ Gateway OK (RPC probe passed)
[2026-03-13 07:14:47] Watchdog check...
Cleanup hint: launchctl bootout gui/$UID/ai.openclaw.gateway
Cleanup hint: rm ~/Library/LaunchAgents/ai.openclaw.gateway.plist

Recommendation: run a single gateway per machine for most setups. One gateway supports multiple agents (see docs: /gateway#multiple-gateways-same-host).
If you need multiple gateways (e.g., a rescue bot on the same host), isolate ports + config/state (see docs: /gateway#multiple-gateways-same-host).

Troubles: run openclaw status
Troubleshooting: https://docs.openclaw.ai/troubleshooting
[2026-03-13 07:14:47] ✅ Gateway OK (RPC probe passed)
[2026-03-13 07:19:52] Watchdog check...
Cleanup hint: launchctl bootout gui/$UID/ai.openclaw.gateway
Cleanup hint: rm ~/Library/LaunchAgents/ai.openclaw.gateway.plist

Recommendation: run a single gateway per machine for most setups. One gateway supports multiple agents (see docs: /gateway#multiple-gateways-same-host).
If you need multiple gateways (e.g., a rescue bot on the same host), isolate ports + config/state (see docs: /gateway#multiple-gateways-same-host).

Troubles: run openclaw status
Troubleshooting: https://docs.openclaw.ai/troubleshooting
[2026-03-13 07:19:52] ✅ Gateway OK (RPC probe passed)
[2026-03-13 07:24:57] Watchdog check...
Cleanup hint: launchctl bootout gui/$UID/ai.openclaw.gateway
Cleanup hint: rm ~/Library/LaunchAgents/ai.openclaw.gateway.plist

Recommendation: run a single gateway per machine for most setups. One gateway supports multiple agents (see docs: /gateway#multiple-gateways-same-host).
If you need multiple gateways (e.g., a rescue bot on the same host), isolate ports + config/state (see docs: /gateway#multiple-gateways-same-host).

Troubles: run openclaw status
Troubleshooting: https://docs.openclaw.ai/troubleshooting
[2026-03-13 07:24:57] ✅ Gateway OK (RPC probe passed)
[2026-03-13 07:30:02] Watchdog check...
Cleanup hint: launchctl bootout gui/$UID/ai.openclaw.gateway
Cleanup hint: rm ~/Library/LaunchAgents/ai.openclaw.gateway.plist

Recommendation: run a single gateway per machine for most setups. One gateway supports multiple agents (see docs: /gateway#multiple-gateways-same-host).
If you need multiple gateways (e.g., a rescue bot on the same host), isolate ports + config/state (see docs: /gateway#multiple-gateways-same-host).

Troubles: run openclaw status
Troubleshooting: https://docs.openclaw.ai/troubleshooting
[2026-03-13 07:30:02] ✅ Gateway OK (RPC probe passed)
[2026-03-13 07:35:07] Watchdog check...
Cleanup hint: launchctl bootout gui/$UID/ai.openclaw.gateway
Cleanup hint: rm ~/Library/LaunchAgents/ai.openclaw.gateway.plist

Recommendation: run a single gateway per machine for most setups. One gateway supports multiple agents (see docs: /gateway#multiple-gateways-same-host).
If you need multiple gateways (e.g., a rescue bot on the same host), isolate ports + config/state (see docs: /gateway#multiple-gateways-same-host).

Troubles: run openclaw status
Troubleshooting: https://docs.openclaw.ai/troubleshooting
[2026-03-13 07:35:07] ✅ Gateway OK (RPC probe passed)
[2026-03-13 07:40:12] Watchdog check...
Cleanup hint: launchctl bootout gui/$UID/ai.openclaw.gateway
Cleanup hint: rm ~/Library/LaunchAgents/ai.openclaw.gateway.plist

Recommendation: run a single gateway per machine for most setups. One gateway supports multiple agents (see docs: /gateway#multiple-gateways-same-host).
If you need multiple gateways (e.g., a rescue bot on the same host), isolate ports + config/state (see docs: /gateway#multiple-gateways-same-host).

Troubles: run openclaw status
Troubleshooting: https://docs.openclaw.ai/troubleshooting
[2026-03-13 07:40:12] ✅ Gateway OK (RPC probe passed)
[2026-03-13 07:45:17] Watchdog check...
Cleanup hint: launchctl bootout gui/$UID/ai.openclaw.gateway
Cleanup hint: rm ~/Library/LaunchAgents/ai.openclaw.gateway.plist

Recommendation: run a single gateway per machine for most setups. One gateway supports multiple agents (see docs: /gateway#multiple-gateways-same-host).
If you need multiple gateways (e.g., a rescue bot on the same host), isolate ports + config/state (see docs: /gateway#multiple-gateways-same-host).

Troubles: run openclaw status
Troubleshooting: https://docs.openclaw.ai/troubleshooting
[2026-03-13 07:45:17] ✅ Gateway OK (RPC probe passed)
[2026-03-13 07:50:22] Watchdog check...
Cleanup hint: launchctl bootout gui/$UID/ai.openclaw.gateway
Cleanup hint: rm ~/Library/LaunchAgents/ai.openclaw.gateway.plist

Recommendation: run a single gateway per machine for most setups. One gateway supports multiple agents (see docs: /gateway#multiple-gateways-same-host).
If you need multiple gateways (e.g., a rescue bot on the same host), isolate ports + config/state (see docs: /gateway#multiple-gateways-same-host).

Troubles: run openclaw status
Troubleshooting: https://docs.openclaw.ai/troubleshooting
[2026-03-13 07:50:22] ✅ Gateway OK (RPC probe passed)
[2026-03-13 07:55:31] Watchdog check...
Cleanup hint: launchctl bootout gui/$UID/ai.openclaw.gateway
Cleanup hint: rm ~/Library/LaunchAgents/ai.openclaw.gateway.plist

Recommendation: run a single gateway per machine for most setups. One gateway supports multiple agents (see docs: /gateway#multiple-gateways-same-host).
If you need multiple gateways (e.g., a rescue bot on the same host), isolate ports + config/state (see docs: /gateway#multiple-gateways-same-host).

Troubles: run openclaw status
Troubleshooting: https://docs.openclaw.ai/troubleshooting
[2026-03-13 07:55:31] ✅ Gateway OK (RPC probe passed)
[2026-03-13 08:00:39] Watchdog check...
Cleanup hint: launchctl bootout gui/$UID/ai.openclaw.gateway
Cleanup hint: rm ~/Library/LaunchAgents/ai.openclaw.gateway.plist

Recommendation: run a single gateway per machine for most setups. One gateway supports multiple agents (see docs: /gateway#multiple-gateways-same-host).
If you need multiple gateways (e.g., a rescue bot on the same host), isolate ports + config/state (see docs: /gateway#multiple-gateways-same-host).

Troubles: run openclaw status
Troubleshooting: https://docs.openclaw.ai/troubleshooting
[2026-03-13 08:00:39] ✅ Gateway OK (RPC probe passed)
[2026-03-13 08:05:47] Watchdog check...
Cleanup hint: launchctl bootout gui/$UID/ai.openclaw.gateway
Cleanup hint: rm ~/Library/LaunchAgents/ai.openclaw.gateway.plist

Recommendation: run a single gateway per machine for most setups. One gateway supports multiple agents (see docs: /gateway#multiple-gateways-same-host).
If you need multiple gateways (e.g., a rescue bot on the same host), isolate ports + config/state (see docs: /gateway#multiple-gateways-same-host).

Troubles: run openclaw status
Troubleshooting: https://docs.openclaw.ai/troubleshooting
[2026-03-13 08:05:47] ✅ Gateway OK (RPC probe passed)
[2026-03-13 08:10:55] Watchdog check...
Cleanup hint: launchctl bootout gui/$UID/ai.openclaw.gateway
Cleanup hint: rm ~/Library/LaunchAgents/ai.openclaw.gateway.plist

Recommendation: run a single gateway per machine for most setups. One gateway supports multiple agents (see docs: /gateway#multiple-gateways-same-host).
If you need multiple gateways (e.g., a rescue bot on the same host), isolate ports + config/state (see docs: /gateway#multiple-gateways-same-host).

Troubles: run openclaw status
Troubleshooting: https://docs.openclaw.ai/troubleshooting
[2026-03-13 08:10:55] ✅ Gateway OK (RPC probe passed)
[2026-03-13 08:16:02] Watchdog check...
Cleanup hint: launchctl bootout gui/$UID/ai.openclaw.gateway
Cleanup hint: rm ~/Library/LaunchAgents/ai.openclaw.gateway.plist

Recommendation: run a single gateway per machine for most setups. One gateway supports multiple agents (see docs: /gateway#multiple-gateways-same-host).
If you need multiple gateways (e.g., a rescue bot on the same host), isolate ports + config/state (see docs: /gateway#multiple-gateways-same-host).

Troubles: run openclaw status
Troubleshooting: https://docs.openclaw.ai/troubleshooting
[2026-03-13 08:16:02] ✅ Gateway OK (RPC probe passed)
[2026-03-13 08:21:09] Watchdog check...
Cleanup hint: launchctl bootout gui/$UID/ai.openclaw.gateway
Cleanup hint: rm ~/Library/LaunchAgents/ai.openclaw.gateway.plist

Recommendation: run a single gateway per machine for most setups. One gateway supports multiple agents (see docs: /gateway#multiple-gateways-same-host).
If you need multiple gateways (e.g., a rescue bot on the same host), isolate ports + config/state (see docs: /gateway#multiple-gateways-same-host).

Troubles: run openclaw status
Troubleshooting: https://docs.openclaw.ai/troubleshooting
[2026-03-13 08:21:09] ✅ Gateway OK (RPC probe passed)
[2026-03-13 08:26:16] Watchdog check...
Cleanup hint: launchctl bootout gui/$UID/ai.openclaw.gateway
Cleanup hint: rm ~/Library/LaunchAgents/ai.openclaw.gateway.plist

Recommendation: run a single gateway per machine for most setups. One gateway supports multiple agents (see docs: /gateway#multiple-gateways-same-host).
If you need multiple gateways (e.g., a rescue bot on the same host), isolate ports + config/state (see docs: /gateway#multiple-gateways-same-host).

Troubles: run openclaw status
Troubleshooting: https://docs.openclaw.ai/troubleshooting
[2026-03-13 08:26:16] ✅ Gateway OK (RPC probe passed)
[2026-03-13 08:31:23] Watchdog check...
Cleanup hint: launchctl bootout gui/$UID/ai.openclaw.gateway
Cleanup hint: rm ~/Library/LaunchAgents/ai.openclaw.gateway.plist

Recommendation: run a single gateway per machine for most setups. One gateway supports multiple agents (see docs: /gateway#multiple-gateways-same-host).
If you need multiple gateways (e.g., a rescue bot on the same host), isolate ports + config/state (see docs: /gateway#multiple-gateways-same-host).

Troubles: run openclaw status
Troubleshooting: https://docs.openclaw.ai/troubleshooting
[2026-03-13 08:31:23] ✅ Gateway OK (RPC probe passed)
[2026-03-13 08:36:29] Watchdog check...
Cleanup hint: launchctl bootout gui/$UID/ai.openclaw.gateway
Cleanup hint: rm ~/Library/LaunchAgents/ai.openclaw.gateway.plist

Recommendation: run a single gateway per machine for most setups. One gateway supports multiple agents (see docs: /gateway#multiple-gateways-same-host).
If you need multiple gateways (e.g., a rescue bot on the same host), isolate ports + config/state (see docs: /gateway#multiple-gateways-same-host).

Troubles: run openclaw status
Troubleshooting: https://docs.openclaw.ai/troubleshooting
[2026-03-13 08:36:29] ✅ Gateway OK (RPC probe passed)
[2026-03-13 08:41:38] Watchdog check...
Cleanup hint: launchctl bootout gui/$UID/ai.openclaw.gateway
Cleanup hint: rm ~/Library/LaunchAgents/ai.openclaw.gateway.plist

Recommendation: run a single gateway per machine for most setups. One gateway supports multiple agents (see docs: /gateway#multiple-gateways-same-host).
If you need multiple gateways (e.g., a rescue bot on the same host), isolate ports + config/state (see docs: /gateway#multiple-gateways-same-host).

Troubles: run openclaw status
Troubleshooting: https://docs.openclaw.ai/troubleshooting
[2026-03-13 08:41:38] ✅ Gateway OK (RPC probe passed)
[2026-03-13 08:46:45] Watchdog check...
Cleanup hint: launchctl bootout gui/$UID/ai.openclaw.gateway
Cleanup hint: rm ~/Library/LaunchAgents/ai.openclaw.gateway.plist

Recommendation: run a single gateway per machine for most setups. One gateway supports multiple agents (see docs: /gateway#multiple-gateways-same-host).
If you need multiple gateways (e.g., a rescue bot on the same host), isolate ports + config/state (see docs: /gateway#multiple-gateways-same-host).

Troubles: run openclaw status
Troubleshooting: https://docs.openclaw.ai/troubleshooting
[2026-03-13 08:46:45] ✅ Gateway OK (RPC probe passed)
[2026-03-13 08:51:51] Watchdog check...
Cleanup hint: launchctl bootout gui/$UID/ai.openclaw.gateway
Cleanup hint: rm ~/Library/LaunchAgents/ai.openclaw.gateway.plist

Recommendation: run a single gateway per machine for most setups. One gateway supports multiple agents (see docs: /gateway#multiple-gateways-same-host).
If you need multiple gateways (e.g., a rescue bot on the same host), isolate ports + config/state (see docs: /gateway#multiple-gateways-same-host).

Troubles: run openclaw status
Troubleshooting: https://docs.openclaw.ai/troubleshooting
[2026-03-13 08:51:51] ✅ Gateway OK (RPC probe passed)
[2026-03-13 08:56:58] Watchdog check...
Cleanup hint: launchctl bootout gui/$UID/ai.openclaw.gateway
Cleanup hint: rm ~/Library/LaunchAgents/ai.openclaw.gateway.plist

Recommendation: run a single gateway per machine for most setups. One gateway supports multiple agents (see docs: /gateway#multiple-gateways-same-host).
If you need multiple gateways (e.g., a rescue bot on the same host), isolate ports + config/state (see docs: /gateway#multiple-gateways-same-host).

Troubles: run openclaw status
Troubleshooting: https://docs.openclaw.ai/troubleshooting
[2026-03-13 08:56:58] ✅ Gateway OK (RPC probe passed)
[2026-03-13 09:02:05] Watchdog check...
Cleanup hint: launchctl bootout gui/$UID/ai.openclaw.gateway
Cleanup hint: rm ~/Library/LaunchAgents/ai.openclaw.gateway.plist

Recommendation: run a single gateway per machine for most setups. One gateway supports multiple agents (see docs: /gateway#multiple-gateways-same-host).
If you need multiple gateways (e.g., a rescue bot on the same host), isolate ports + config/state (see docs: /gateway#multiple-gateways-same-host).

Troubles: run openclaw status
Troubleshooting: https://docs.openclaw.ai/troubleshooting
[2026-03-13 09:02:05] ✅ Gateway OK (RPC probe passed)
[2026-03-13 09:07:13] Watchdog check...
Cleanup hint: launchctl bootout gui/$UID/ai.openclaw.gateway
Cleanup hint: rm ~/Library/LaunchAgents/ai.openclaw.gateway.plist

Recommendation: run a single gateway per machine for most setups. One gateway supports multiple agents (see docs: /gateway#multiple-gateways-same-host).
If you need multiple gateways (e.g., a rescue bot on the same host), isolate ports + config/state (see docs: /gateway#multiple-gateways-same-host).

Troubles: run openclaw status
Troubleshooting: https://docs.openclaw.ai/troubleshooting
[2026-03-13 09:07:13] ✅ Gateway OK (RPC probe passed)
[2026-03-13 09:12:18] Watchdog check...
Cleanup hint: launchctl bootout gui/$UID/ai.openclaw.gateway
Cleanup hint: rm ~/Library/LaunchAgents/ai.openclaw.gateway.plist

Recommendation: run a single gateway per machine for most setups. One gateway supports multiple agents (see docs: /gateway#multiple-gateways-same-host).
If you need multiple gateways (e.g., a rescue bot on the same host), isolate ports + config/state (see docs: /gateway#multiple-gateways-same-host).

Troubles: run openclaw status
Troubleshooting: https://docs.openclaw.ai/troubleshooting
[2026-03-13 09:12:18] ✅ Gateway OK (RPC probe passed)
[2026-03-13 09:17:23] Watchdog check...
Cleanup hint: launchctl bootout gui/$UID/ai.openclaw.gateway
Cleanup hint: rm ~/Library/LaunchAgents/ai.openclaw.gateway.plist

Recommendation: run a single gateway per machine for most setups. One gateway supports multiple agents (see docs: /gateway#multiple-gateways-same-host).
If you need multiple gateways (e.g., a rescue bot on the same host), isolate ports + config/state (see docs: /gateway#multiple-gateways-same-host).

Troubles: run openclaw status
Troubleshooting: https://docs.openclaw.ai/troubleshooting
[2026-03-13 09:17:23] ✅ Gateway OK (RPC probe passed)
[2026-03-13 09:22:27] Watchdog check...
Cleanup hint: launchctl bootout gui/$UID/ai.openclaw.gateway
Cleanup hint: rm ~/Library/LaunchAgents/ai.openclaw.gateway.plist

Recommendation: run a single gateway per machine for most setups. One gateway supports multiple agents (see docs: /gateway#multiple-gateways-same-host).
If you need multiple gateways (e.g., a rescue bot on the same host), isolate ports + config/state (see docs: /gateway#multiple-gateways-same-host).

Troubles: run openclaw status
Troubleshooting: https://docs.openclaw.ai/troubleshooting
[2026-03-13 09:22:27] ✅ Gateway OK (RPC probe passed)
[2026-03-13 09:27:31] Watchdog check...
Cleanup hint: launchctl bootout gui/$UID/ai.openclaw.gateway
Cleanup hint: rm ~/Library/LaunchAgents/ai.openclaw.gateway.plist

Recommendation: run a single gateway per machine for most setups. One gateway supports multiple agents (see docs: /gateway#multiple-gateways-same-host).
If you need multiple gateways (e.g., a rescue bot on the same host), isolate ports + config/state (see docs: /gateway#multiple-gateways-same-host).

Troubles: run openclaw status
Troubleshooting: https://docs.openclaw.ai/troubleshooting
[2026-03-13 09:27:31] ✅ Gateway OK (RPC probe passed)
[2026-03-13 09:32:38] Watchdog check...
Cleanup hint: launchctl bootout gui/$UID/ai.openclaw.gateway
Cleanup hint: rm ~/Library/LaunchAgents/ai.openclaw.gateway.plist

Recommendation: run a single gateway per machine for most setups. One gateway supports multiple agents (see docs: /gateway#multiple-gateways-same-host).
If you need multiple gateways (e.g., a rescue bot on the same host), isolate ports + config/state (see docs: /gateway#multiple-gateways-same-host).

Troubles: run openclaw status
Troubleshooting: https://docs.openclaw.ai/troubleshooting
[2026-03-13 09:32:38] ✅ Gateway OK (RPC probe passed)
[2026-03-13 09:37:42] Watchdog check...
Cleanup hint: launchctl bootout gui/$UID/ai.openclaw.gateway
Cleanup hint: rm ~/Library/LaunchAgents/ai.openclaw.gateway.plist

Recommendation: run a single gateway per machine for most setups. One gateway supports multiple agents (see docs: /gateway#multiple-gateways-same-host).
If you need multiple gateways (e.g., a rescue bot on the same host), isolate ports + config/state (see docs: /gateway#multiple-gateways-same-host).

Troubles: run openclaw status
Troubleshooting: https://docs.openclaw.ai/troubleshooting
[2026-03-13 09:37:42] ✅ Gateway OK (RPC probe passed)
[2026-03-13 09:42:47] Watchdog check...
Cleanup hint: launchctl bootout gui/$UID/ai.openclaw.gateway
Cleanup hint: rm ~/Library/LaunchAgents/ai.openclaw.gateway.plist

Recommendation: run a single gateway per machine for most setups. One gateway supports multiple agents (see docs: /gateway#multiple-gateways-same-host).
If you need multiple gateways (e.g., a rescue bot on the same host), isolate ports + config/state (see docs: /gateway#multiple-gateways-same-host).

Troubles: run openclaw status
Troubleshooting: https://docs.openclaw.ai/troubleshooting
[2026-03-13 09:42:47] ✅ Gateway OK (RPC probe passed)
[2026-03-13 09:47:51] Watchdog check...
Cleanup hint: launchctl bootout gui/$UID/ai.openclaw.gateway
Cleanup hint: rm ~/Library/LaunchAgents/ai.openclaw.gateway.plist

Recommendation: run a single gateway per machine for most setups. One gateway supports multiple agents (see docs: /gateway#multiple-gateways-same-host).
If you need multiple gateways (e.g., a rescue bot on the same host), isolate ports + config/state (see docs: /gateway#multiple-gateways-same-host).

Troubles: run openclaw status
Troubleshooting: https://docs.openclaw.ai/troubleshooting
[2026-03-13 09:47:51] ✅ Gateway OK (RPC probe passed)
[2026-03-13 09:52:55] Watchdog check...
Cleanup hint: launchctl bootout gui/$UID/ai.openclaw.gateway
Cleanup hint: rm ~/Library/LaunchAgents/ai.openclaw.gateway.plist

Recommendation: run a single gateway per machine for most setups. One gateway supports multiple agents (see docs: /gateway#multiple-gateways-same-host).
If you need multiple gateways (e.g., a rescue bot on the same host), isolate ports + config/state (see docs: /gateway#multiple-gateways-same-host).

Troubles: run openclaw status
Troubleshooting: https://docs.openclaw.ai/troubleshooting
[2026-03-13 09:52:55] ✅ Gateway OK (RPC probe passed)
[2026-03-13 09:58:00] Watchdog check...
Cleanup hint: launchctl bootout gui/$UID/ai.openclaw.gateway
Cleanup hint: rm ~/Library/LaunchAgents/ai.openclaw.gateway.plist

Recommendation: run a single gateway per machine for most setups. One gateway supports multiple agents (see docs: /gateway#multiple-gateways-same-host).
If you need multiple gateways (e.g., a rescue bot on the same host), isolate ports + config/state (see docs: /gateway#multiple-gateways-same-host).

Troubles: run openclaw status
Troubleshooting: https://docs.openclaw.ai/troubleshooting
[2026-03-13 09:58:00] ✅ Gateway OK (RPC probe passed)
[2026-03-13 10:03:04] Watchdog check...
Cleanup hint: launchctl bootout gui/$UID/ai.openclaw.gateway
Cleanup hint: rm ~/Library/LaunchAgents/ai.openclaw.gateway.plist

Recommendation: run a single gateway per machine for most setups. One gateway supports multiple agents (see docs: /gateway#multiple-gateways-same-host).
If you need multiple gateways (e.g., a rescue bot on the same host), isolate ports + config/state (see docs: /gateway#multiple-gateways-same-host).

Troubles: run openclaw status
Troubleshooting: https://docs.openclaw.ai/troubleshooting
[2026-03-13 10:03:04] ✅ Gateway OK (RPC probe passed)
[2026-03-13 10:08:08] Watchdog check...
Cleanup hint: launchctl bootout gui/$UID/ai.openclaw.gateway
Cleanup hint: rm ~/Library/LaunchAgents/ai.openclaw.gateway.plist

Recommendation: run a single gateway per machine for most setups. One gateway supports multiple agents (see docs: /gateway#multiple-gateways-same-host).
If you need multiple gateways (e.g., a rescue bot on the same host), isolate ports + config/state (see docs: /gateway#multiple-gateways-same-host).

Troubles: run openclaw status
Troubleshooting: https://docs.openclaw.ai/troubleshooting
[2026-03-13 10:08:08] ✅ Gateway OK (RPC probe passed)
[2026-03-13 10:13:11] Watchdog check...
Cleanup hint: launchctl bootout gui/$UID/ai.openclaw.gateway
Cleanup hint: rm ~/Library/LaunchAgents/ai.openclaw.gateway.plist

Recommendation: run a single gateway per machine for most setups. One gateway supports multiple agents (see docs: /gateway#multiple-gateways-same-host).
If you need multiple gateways (e.g., a rescue bot on the same host), isolate ports + config/state (see docs: /gateway#multiple-gateways-same-host).

Troubles: run openclaw status
Troubleshooting: https://docs.openclaw.ai/troubleshooting
[2026-03-13 10:13:11] ✅ Gateway OK (RPC probe passed)
[2026-03-13 10:18:15] Watchdog check...
Cleanup hint: launchctl bootout gui/$UID/ai.openclaw.gateway
Cleanup hint: rm ~/Library/LaunchAgents/ai.openclaw.gateway.plist

Recommendation: run a single gateway per machine for most setups. One gateway supports multiple agents (see docs: /gateway#multiple-gateways-same-host).
If you need multiple gateways (e.g., a rescue bot on the same host), isolate ports + config/state (see docs: /gateway#multiple-gateways-same-host).

Troubles: run openclaw status
Troubleshooting: https://docs.openclaw.ai/troubleshooting
[2026-03-13 10:18:15] ✅ Gateway OK (RPC probe passed)
[2026-03-13 10:23:19] Watchdog check...
Cleanup hint: launchctl bootout gui/$UID/ai.openclaw.gateway
Cleanup hint: rm ~/Library/LaunchAgents/ai.openclaw.gateway.plist

Recommendation: run a single gateway per machine for most setups. One gateway supports multiple agents (see docs: /gateway#multiple-gateways-same-host).
If you need multiple gateways (e.g., a rescue bot on the same host), isolate ports + config/state (see docs: /gateway#multiple-gateways-same-host).

Troubles: run openclaw status
Troubleshooting: https://docs.openclaw.ai/troubleshooting
[2026-03-13 10:23:19] ✅ Gateway OK (RPC probe passed)
[2026-03-13 10:28:23] Watchdog check...
Cleanup hint: launchctl bootout gui/$UID/ai.openclaw.gateway
Cleanup hint: rm ~/Library/LaunchAgents/ai.openclaw.gateway.plist

Recommendation: run a single gateway per machine for most setups. One gateway supports multiple agents (see docs: /gateway#multiple-gateways-same-host).
If you need multiple gateways (e.g., a rescue bot on the same host), isolate ports + config/state (see docs: /gateway#multiple-gateways-same-host).

Troubles: run openclaw status
Troubleshooting: https://docs.openclaw.ai/troubleshooting
[2026-03-13 10:28:23] ✅ Gateway OK (RPC probe passed)
[2026-03-13 10:33:27] Watchdog check...
Cleanup hint: launchctl bootout gui/$UID/ai.openclaw.gateway
Cleanup hint: rm ~/Library/LaunchAgents/ai.openclaw.gateway.plist

Recommendation: run a single gateway per machine for most setups. One gateway supports multiple agents (see docs: /gateway#multiple-gateways-same-host).
If you need multiple gateways (e.g., a rescue bot on the same host), isolate ports + config/state (see docs: /gateway#multiple-gateways-same-host).

Troubles: run openclaw status
Troubleshooting: https://docs.openclaw.ai/troubleshooting
[2026-03-13 10:33:27] ✅ Gateway OK (RPC probe passed)
[2026-03-13 10:38:32] Watchdog check...
Cleanup hint: launchctl bootout gui/$UID/ai.openclaw.gateway
Cleanup hint: rm ~/Library/LaunchAgents/ai.openclaw.gateway.plist

Recommendation: run a single gateway per machine for most setups. One gateway supports multiple agents (see docs: /gateway#multiple-gateways-same-host).
If you need multiple gateways (e.g., a rescue bot on the same host), isolate ports + config/state (see docs: /gateway#multiple-gateways-same-host).

Troubles: run openclaw status
Troubleshooting: https://docs.openclaw.ai/troubleshooting
[2026-03-13 10:38:32] ✅ Gateway OK (RPC probe passed)
[2026-03-13 10:43:39] Watchdog check...
Cleanup hint: launchctl bootout gui/$UID/ai.openclaw.gateway
Cleanup hint: rm ~/Library/LaunchAgents/ai.openclaw.gateway.plist

Recommendation: run a single gateway per machine for most setups. One gateway supports multiple agents (see docs: /gateway#multiple-gateways-same-host).
If you need multiple gateways (e.g., a rescue bot on the same host), isolate ports + config/state (see docs: /gateway#multiple-gateways-same-host).

Troubles: run openclaw status
Troubleshooting: https://docs.openclaw.ai/troubleshooting
[2026-03-13 10:43:39] ✅ Gateway OK (RPC probe passed)
[2026-03-13 10:48:44] Watchdog check...
Cleanup hint: launchctl bootout gui/$UID/ai.openclaw.gateway
Cleanup hint: rm ~/Library/LaunchAgents/ai.openclaw.gateway.plist

Recommendation: run a single gateway per machine for most setups. One gateway supports multiple agents (see docs: /gateway#multiple-gateways-same-host).
If you need multiple gateways (e.g., a rescue bot on the same host), isolate ports + config/state (see docs: /gateway#multiple-gateways-same-host).

Troubles: run openclaw status
Troubleshooting: https://docs.openclaw.ai/troubleshooting
[2026-03-13 10:48:44] ✅ Gateway OK (RPC probe passed)
[2026-03-13 10:53:48] Watchdog check...
Cleanup hint: launchctl bootout gui/$UID/ai.openclaw.gateway
Cleanup hint: rm ~/Library/LaunchAgents/ai.openclaw.gateway.plist

Recommendation: run a single gateway per machine for most setups. One gateway supports multiple agents (see docs: /gateway#multiple-gateways-same-host).
If you need multiple gateways (e.g., a rescue bot on the same host), isolate ports + config/state (see docs: /gateway#multiple-gateways-same-host).

Troubles: run openclaw status
Troubleshooting: https://docs.openclaw.ai/troubleshooting
[2026-03-13 10:53:48] ✅ Gateway OK (RPC probe passed)
[2026-03-13 10:58:52] Watchdog check...
Cleanup hint: launchctl bootout gui/$UID/ai.openclaw.gateway
Cleanup hint: rm ~/Library/LaunchAgents/ai.openclaw.gateway.plist

Recommendation: run a single gateway per machine for most setups. One gateway supports multiple agents (see docs: /gateway#multiple-gateways-same-host).
If you need multiple gateways (e.g., a rescue bot on the same host), isolate ports + config/state (see docs: /gateway#multiple-gateways-same-host).

Troubles: run openclaw status
Troubleshooting: https://docs.openclaw.ai/troubleshooting
[2026-03-13 10:58:52] ✅ Gateway OK (RPC probe passed)
[2026-03-13 11:03:57] Watchdog check...
Cleanup hint: launchctl bootout gui/$UID/ai.openclaw.gateway
Cleanup hint: rm ~/Library/LaunchAgents/ai.openclaw.gateway.plist

Recommendation: run a single gateway per machine for most setups. One gateway supports multiple agents (see docs: /gateway#multiple-gateways-same-host).
If you need multiple gateways (e.g., a rescue bot on the same host), isolate ports + config/state (see docs: /gateway#multiple-gateways-same-host).

Troubles: run openclaw status
Troubleshooting: https://docs.openclaw.ai/troubleshooting
[2026-03-13 11:03:57] ✅ Gateway OK (RPC probe passed)
[2026-03-13 11:09:02] Watchdog check...
Cleanup hint: launchctl bootout gui/$UID/ai.openclaw.gateway
Cleanup hint: rm ~/Library/LaunchAgents/ai.openclaw.gateway.plist

Recommendation: run a single gateway per machine for most setups. One gateway supports multiple agents (see docs: /gateway#multiple-gateways-same-host).
If you need multiple gateways (e.g., a rescue bot on the same host), isolate ports + config/state (see docs: /gateway#multiple-gateways-same-host).

Troubles: run openclaw status
Troubleshooting: https://docs.openclaw.ai/troubleshooting
[2026-03-13 11:09:02] ✅ Gateway OK (RPC probe passed)
[2026-03-13 11:14:06] Watchdog check...
Cleanup hint: launchctl bootout gui/$UID/ai.openclaw.gateway
Cleanup hint: rm ~/Library/LaunchAgents/ai.openclaw.gateway.plist

Recommendation: run a single gateway per machine for most setups. One gateway supports multiple agents (see docs: /gateway#multiple-gateways-same-host).
If you need multiple gateways (e.g., a rescue bot on the same host), isolate ports + config/state (see docs: /gateway#multiple-gateways-same-host).

Troubles: run openclaw status
Troubleshooting: https://docs.openclaw.ai/troubleshooting
[2026-03-13 11:14:06] ✅ Gateway OK (RPC probe passed)
[2026-03-13 11:19:11] Watchdog check...
Cleanup hint: launchctl bootout gui/$UID/ai.openclaw.gateway
Cleanup hint: rm ~/Library/LaunchAgents/ai.openclaw.gateway.plist

Recommendation: run a single gateway per machine for most setups. One gateway supports multiple agents (see docs: /gateway#multiple-gateways-same-host).
If you need multiple gateways (e.g., a rescue bot on the same host), isolate ports + config/state (see docs: /gateway#multiple-gateways-same-host).

Troubles: run openclaw status
Troubleshooting: https://docs.openclaw.ai/troubleshooting
[2026-03-13 11:19:11] ✅ Gateway OK (RPC probe passed)
[2026-03-13 11:24:15] Watchdog check...
Cleanup hint: launchctl bootout gui/$UID/ai.openclaw.gateway
Cleanup hint: rm ~/Library/LaunchAgents/ai.openclaw.gateway.plist

Recommendation: run a single gateway per machine for most setups. One gateway supports multiple agents (see docs: /gateway#multiple-gateways-same-host).
If you need multiple gateways (e.g., a rescue bot on the same host), isolate ports + config/state (see docs: /gateway#multiple-gateways-same-host).

Troubles: run openclaw status
Troubleshooting: https://docs.openclaw.ai/troubleshooting
[2026-03-13 11:24:15] ✅ Gateway OK (RPC probe passed)
[2026-03-13 11:29:20] Watchdog check...
Cleanup hint: launchctl bootout gui/$UID/ai.openclaw.gateway
Cleanup hint: rm ~/Library/LaunchAgents/ai.openclaw.gateway.plist

Recommendation: run a single gateway per machine for most setups. One gateway supports multiple agents (see docs: /gateway#multiple-gateways-same-host).
If you need multiple gateways (e.g., a rescue bot on the same host), isolate ports + config/state (see docs: /gateway#multiple-gateways-same-host).

Troubles: run openclaw status
Troubleshooting: https://docs.openclaw.ai/troubleshooting
[2026-03-13 11:29:20] ✅ Gateway OK (RPC probe passed)
[2026-03-13 11:34:25] Watchdog check...
Cleanup hint: launchctl bootout gui/$UID/ai.openclaw.gateway
Cleanup hint: rm ~/Library/LaunchAgents/ai.openclaw.gateway.plist

Recommendation: run a single gateway per machine for most setups. One gateway supports multiple agents (see docs: /gateway#multiple-gateways-same-host).
If you need multiple gateways (e.g., a rescue bot on the same host), isolate ports + config/state (see docs: /gateway#multiple-gateways-same-host).

Troubles: run openclaw status
Troubleshooting: https://docs.openclaw.ai/troubleshooting
[2026-03-13 11:34:25] ✅ Gateway OK (RPC probe passed)
[2026-03-13 11:39:29] Watchdog check...
Cleanup hint: launchctl bootout gui/$UID/ai.openclaw.gateway
Cleanup hint: rm ~/Library/LaunchAgents/ai.openclaw.gateway.plist

Recommendation: run a single gateway per machine for most setups. One gateway supports multiple agents (see docs: /gateway#multiple-gateways-same-host).
If you need multiple gateways (e.g., a rescue bot on the same host), isolate ports + config/state (see docs: /gateway#multiple-gateways-same-host).

Troubles: run openclaw status
Troubleshooting: https://docs.openclaw.ai/troubleshooting
[2026-03-13 11:39:29] ✅ Gateway OK (RPC probe passed)
[2026-03-13 11:44:33] Watchdog check...
Cleanup hint: launchctl bootout gui/$UID/ai.openclaw.gateway
Cleanup hint: rm ~/Library/LaunchAgents/ai.openclaw.gateway.plist

Recommendation: run a single gateway per machine for most setups. One gateway supports multiple agents (see docs: /gateway#multiple-gateways-same-host).
If you need multiple gateways (e.g., a rescue bot on the same host), isolate ports + config/state (see docs: /gateway#multiple-gateways-same-host).

Troubles: run openclaw status
Troubleshooting: https://docs.openclaw.ai/troubleshooting
[2026-03-13 11:44:33] ✅ Gateway OK (RPC probe passed)
[2026-03-13 11:49:37] Watchdog check...
Cleanup hint: launchctl bootout gui/$UID/ai.openclaw.gateway
Cleanup hint: rm ~/Library/LaunchAgents/ai.openclaw.gateway.plist

Recommendation: run a single gateway per machine for most setups. One gateway supports multiple agents (see docs: /gateway#multiple-gateways-same-host).
If you need multiple gateways (e.g., a rescue bot on the same host), isolate ports + config/state (see docs: /gateway#multiple-gateways-same-host).

Troubles: run openclaw status
Troubleshooting: https://docs.openclaw.ai/troubleshooting
[2026-03-13 11:49:37] ✅ Gateway OK (RPC probe passed)
[2026-03-13 11:54:41] Watchdog check...
Cleanup hint: launchctl bootout gui/$UID/ai.openclaw.gateway
Cleanup hint: rm ~/Library/LaunchAgents/ai.openclaw.gateway.plist

Recommendation: run a single gateway per machine for most setups. One gateway supports multiple agents (see docs: /gateway#multiple-gateways-same-host).
If you need multiple gateways (e.g., a rescue bot on the same host), isolate ports + config/state (see docs: /gateway#multiple-gateways-same-host).

Troubles: run openclaw status
Troubleshooting: https://docs.openclaw.ai/troubleshooting
[2026-03-13 11:54:41] ✅ Gateway OK (RPC probe passed)
[2026-03-13 11:59:45] Watchdog check...
Cleanup hint: launchctl bootout gui/$UID/ai.openclaw.gateway
Cleanup hint: rm ~/Library/LaunchAgents/ai.openclaw.gateway.plist

Recommendation: run a single gateway per machine for most setups. One gateway supports multiple agents (see docs: /gateway#multiple-gateways-same-host).
If you need multiple gateways (e.g., a rescue bot on the same host), isolate ports + config/state (see docs: /gateway#multiple-gateways-same-host).

Troubles: run openclaw status
Troubleshooting: https://docs.openclaw.ai/troubleshooting
[2026-03-13 11:59:45] ✅ Gateway OK (RPC probe passed)
[2026-03-13 12:04:49] Watchdog check...
Cleanup hint: launchctl bootout gui/$UID/ai.openclaw.gateway
Cleanup hint: rm ~/Library/LaunchAgents/ai.openclaw.gateway.plist

Recommendation: run a single gateway per machine for most setups. One gateway supports multiple agents (see docs: /gateway#multiple-gateways-same-host).
If you need multiple gateways (e.g., a rescue bot on the same host), isolate ports + config/state (see docs: /gateway#multiple-gateways-same-host).

Troubles: run openclaw status
Troubleshooting: https://docs.openclaw.ai/troubleshooting
[2026-03-13 12:04:49] ✅ Gateway OK (RPC probe passed)
[2026-03-13 12:09:54] Watchdog check...
Cleanup hint: launchctl bootout gui/$UID/ai.openclaw.gateway
Cleanup hint: rm ~/Library/LaunchAgents/ai.openclaw.gateway.plist

Recommendation: run a single gateway per machine for most setups. One gateway supports multiple agents (see docs: /gateway#multiple-gateways-same-host).
If you need multiple gateways (e.g., a rescue bot on the same host), isolate ports + config/state (see docs: /gateway#multiple-gateways-same-host).

Troubles: run openclaw status
Troubleshooting: https://docs.openclaw.ai/troubleshooting
[2026-03-13 12:09:54] ✅ Gateway OK (RPC probe passed)
[2026-03-13 12:15:00] Watchdog check...
Cleanup hint: launchctl bootout gui/$UID/ai.openclaw.gateway
Cleanup hint: rm ~/Library/LaunchAgents/ai.openclaw.gateway.plist

Recommendation: run a single gateway per machine for most setups. One gateway supports multiple agents (see docs: /gateway#multiple-gateways-same-host).
If you need multiple gateways (e.g., a rescue bot on the same host), isolate ports + config/state (see docs: /gateway#multiple-gateways-same-host).

Troubles: run openclaw status
Troubleshooting: https://docs.openclaw.ai/troubleshooting
[2026-03-13 12:15:00] ✅ Gateway OK (RPC probe passed)
[2026-03-13 12:20:06] Watchdog check...
Cleanup hint: launchctl bootout gui/$UID/ai.openclaw.gateway
Cleanup hint: rm ~/Library/LaunchAgents/ai.openclaw.gateway.plist

Recommendation: run a single gateway per machine for most setups. One gateway supports multiple agents (see docs: /gateway#multiple-gateways-same-host).
If you need multiple gateways (e.g., a rescue bot on the same host), isolate ports + config/state (see docs: /gateway#multiple-gateways-same-host).

Troubles: run openclaw status
Troubleshooting: https://docs.openclaw.ai/troubleshooting
[2026-03-13 12:20:06] ✅ Gateway OK (RPC probe passed)
[2026-03-13 12:25:13] Watchdog check...
Cleanup hint: launchctl bootout gui/$UID/ai.openclaw.gateway
Cleanup hint: rm ~/Library/LaunchAgents/ai.openclaw.gateway.plist

Recommendation: run a single gateway per machine for most setups. One gateway supports multiple agents (see docs: /gateway#multiple-gateways-same-host).
If you need multiple gateways (e.g., a rescue bot on the same host), isolate ports + config/state (see docs: /gateway#multiple-gateways-same-host).

Troubles: run openclaw status
Troubleshooting: https://docs.openclaw.ai/troubleshooting
[2026-03-13 12:25:13] ✅ Gateway OK (RPC probe passed)
[2026-03-13 12:30:19] Watchdog check...
Cleanup hint: launchctl bootout gui/$UID/ai.openclaw.gateway
Cleanup hint: rm ~/Library/LaunchAgents/ai.openclaw.gateway.plist

Recommendation: run a single gateway per machine for most setups. One gateway supports multiple agents (see docs: /gateway#multiple-gateways-same-host).
If you need multiple gateways (e.g., a rescue bot on the same host), isolate ports + config/state (see docs: /gateway#multiple-gateways-same-host).

Troubles: run openclaw status
Troubleshooting: https://docs.openclaw.ai/troubleshooting
[2026-03-13 12:30:19] ✅ Gateway OK (RPC probe passed)
[2026-03-13 12:35:24] Watchdog check...
Cleanup hint: launchctl bootout gui/$UID/ai.openclaw.gateway
Cleanup hint: rm ~/Library/LaunchAgents/ai.openclaw.gateway.plist

Recommendation: run a single gateway per machine for most setups. One gateway supports multiple agents (see docs: /gateway#multiple-gateways-same-host).
If you need multiple gateways (e.g., a rescue bot on the same host), isolate ports + config/state (see docs: /gateway#multiple-gateways-same-host).

Troubles: run openclaw status
Troubleshooting: https://docs.openclaw.ai/troubleshooting
[2026-03-13 12:35:24] ✅ Gateway OK (RPC probe passed)
[2026-03-13 12:40:30] Watchdog check...
Cleanup hint: launchctl bootout gui/$UID/ai.openclaw.gateway
Cleanup hint: rm ~/Library/LaunchAgents/ai.openclaw.gateway.plist

Recommendation: run a single gateway per machine for most setups. One gateway supports multiple agents (see docs: /gateway#multiple-gateways-same-host).
If you need multiple gateways (e.g., a rescue bot on the same host), isolate ports + config/state (see docs: /gateway#multiple-gateways-same-host).

Troubles: run openclaw status
Troubleshooting: https://docs.openclaw.ai/troubleshooting
[2026-03-13 12:40:30] ✅ Gateway OK (RPC probe passed)
[2026-03-13 12:45:35] Watchdog check...
Cleanup hint: launchctl bootout gui/$UID/ai.openclaw.gateway
Cleanup hint: rm ~/Library/LaunchAgents/ai.openclaw.gateway.plist

Recommendation: run a single gateway per machine for most setups. One gateway supports multiple agents (see docs: /gateway#multiple-gateways-same-host).
If you need multiple gateways (e.g., a rescue bot on the same host), isolate ports + config/state (see docs: /gateway#multiple-gateways-same-host).

Troubles: run openclaw status
Troubleshooting: https://docs.openclaw.ai/troubleshooting
[2026-03-13 12:45:35] ✅ Gateway OK (RPC probe passed)
[2026-03-13 12:50:40] Watchdog check...
Cleanup hint: launchctl bootout gui/$UID/ai.openclaw.gateway
Cleanup hint: rm ~/Library/LaunchAgents/ai.openclaw.gateway.plist

Recommendation: run a single gateway per machine for most setups. One gateway supports multiple agents (see docs: /gateway#multiple-gateways-same-host).
If you need multiple gateways (e.g., a rescue bot on the same host), isolate ports + config/state (see docs: /gateway#multiple-gateways-same-host).

Troubles: run openclaw status
Troubleshooting: https://docs.openclaw.ai/troubleshooting
[2026-03-13 12:50:40] ✅ Gateway OK (RPC probe passed)
[2026-03-13 12:55:45] Watchdog check...
Cleanup hint: launchctl bootout gui/$UID/ai.openclaw.gateway
Cleanup hint: rm ~/Library/LaunchAgents/ai.openclaw.gateway.plist

Recommendation: run a single gateway per machine for most setups. One gateway supports multiple agents (see docs: /gateway#multiple-gateways-same-host).
If you need multiple gateways (e.g., a rescue bot on the same host), isolate ports + config/state (see docs: /gateway#multiple-gateways-same-host).

Troubles: run openclaw status
Troubleshooting: https://docs.openclaw.ai/troubleshooting
[2026-03-13 12:55:45] ✅ Gateway OK (RPC probe passed)
[2026-03-13 13:00:51] Watchdog check...
Cleanup hint: launchctl bootout gui/$UID/ai.openclaw.gateway
Cleanup hint: rm ~/Library/LaunchAgents/ai.openclaw.gateway.plist

Recommendation: run a single gateway per machine for most setups. One gateway supports multiple agents (see docs: /gateway#multiple-gateways-same-host).
If you need multiple gateways (e.g., a rescue bot on the same host), isolate ports + config/state (see docs: /gateway#multiple-gateways-same-host).

Troubles: run openclaw status
Troubleshooting: https://docs.openclaw.ai/troubleshooting
[2026-03-13 13:00:51] ✅ Gateway OK (RPC probe passed)
[2026-03-13 13:05:55] Watchdog check...
Cleanup hint: launchctl bootout gui/$UID/ai.openclaw.gateway
Cleanup hint: rm ~/Library/LaunchAgents/ai.openclaw.gateway.plist

Recommendation: run a single gateway per machine for most setups. One gateway supports multiple agents (see docs: /gateway#multiple-gateways-same-host).
If you need multiple gateways (e.g., a rescue bot on the same host), isolate ports + config/state (see docs: /gateway#multiple-gateways-same-host).

Troubles: run openclaw status
Troubleshooting: https://docs.openclaw.ai/troubleshooting
[2026-03-13 13:05:55] ✅ Gateway OK (RPC probe passed)
[2026-03-13 13:11:09] Watchdog check...
Cleanup hint: launchctl bootout gui/$UID/ai.openclaw.gateway
Cleanup hint: rm ~/Library/LaunchAgents/ai.openclaw.gateway.plist

Recommendation: run a single gateway per machine for most setups. One gateway supports multiple agents (see docs: /gateway#multiple-gateways-same-host).
If you need multiple gateways (e.g., a rescue bot on the same host), isolate ports + config/state (see docs: /gateway#multiple-gateways-same-host).

Troubles: run openclaw status
Troubleshooting: https://docs.openclaw.ai/troubleshooting
[2026-03-13 13:11:09] ✅ Gateway OK (RPC probe passed)
[2026-03-13 13:16:22] Watchdog check...
Cleanup hint: launchctl bootout gui/$UID/ai.openclaw.gateway
Cleanup hint: rm ~/Library/LaunchAgents/ai.openclaw.gateway.plist

Recommendation: run a single gateway per machine for most setups. One gateway supports multiple agents (see docs: /gateway#multiple-gateways-same-host).
If you need multiple gateways (e.g., a rescue bot on the same host), isolate ports + config/state (see docs: /gateway#multiple-gateways-same-host).

Troubles: run openclaw status
Troubleshooting: https://docs.openclaw.ai/troubleshooting
[2026-03-13 13:16:22] ✅ Gateway OK (RPC probe passed)
[2026-03-13 13:21:37] Watchdog check...
Cleanup hint: launchctl bootout gui/$UID/ai.openclaw.gateway
Cleanup hint: rm ~/Library/LaunchAgents/ai.openclaw.gateway.plist

Recommendation: run a single gateway per machine for most setups. One gateway supports multiple agents (see docs: /gateway#multiple-gateways-same-host).
If you need multiple gateways (e.g., a rescue bot on the same host), isolate ports + config/state (see docs: /gateway#multiple-gateways-same-host).

Troubles: run openclaw status
Troubleshooting: https://docs.openclaw.ai/troubleshooting
[2026-03-13 13:21:37] ✅ Gateway OK (RPC probe passed)
[2026-03-13 13:26:49] Watchdog check...
Cleanup hint: launchctl bootout gui/$UID/ai.openclaw.gateway
Cleanup hint: rm ~/Library/LaunchAgents/ai.openclaw.gateway.plist

Recommendation: run a single gateway per machine for most setups. One gateway supports multiple agents (see docs: /gateway#multiple-gateways-same-host).
If you need multiple gateways (e.g., a rescue bot on the same host), isolate ports + config/state (see docs: /gateway#multiple-gateways-same-host).

Troubles: run openclaw status
Troubleshooting: https://docs.openclaw.ai/troubleshooting
[2026-03-13 13:26:49] ✅ Gateway OK (RPC probe passed)
[2026-03-13 13:32:01] Watchdog check...
Cleanup hint: launchctl bootout gui/$UID/ai.openclaw.gateway
Cleanup hint: rm ~/Library/LaunchAgents/ai.openclaw.gateway.plist

Recommendation: run a single gateway per machine for most setups. One gateway supports multiple agents (see docs: /gateway#multiple-gateways-same-host).
If you need multiple gateways (e.g., a rescue bot on the same host), isolate ports + config/state (see docs: /gateway#multiple-gateways-same-host).

Troubles: run openclaw status
Troubleshooting: https://docs.openclaw.ai/troubleshooting
[2026-03-13 13:32:01] ✅ Gateway OK (RPC probe passed)
[2026-03-13 13:37:13] Watchdog check...
Cleanup hint: launchctl bootout gui/$UID/ai.openclaw.gateway
Cleanup hint: rm ~/Library/LaunchAgents/ai.openclaw.gateway.plist

Recommendation: run a single gateway per machine for most setups. One gateway supports multiple agents (see docs: /gateway#multiple-gateways-same-host).
If you need multiple gateways (e.g., a rescue bot on the same host), isolate ports + config/state (see docs: /gateway#multiple-gateways-same-host).

Troubles: run openclaw status
Troubleshooting: https://docs.openclaw.ai/troubleshooting
[2026-03-13 13:37:13] ✅ Gateway OK (RPC probe passed)
[2026-03-13 13:42:25] Watchdog check...
Cleanup hint: launchctl bootout gui/$UID/ai.openclaw.gateway
Cleanup hint: rm ~/Library/LaunchAgents/ai.openclaw.gateway.plist

Recommendation: run a single gateway per machine for most setups. One gateway supports multiple agents (see docs: /gateway#multiple-gateways-same-host).
If you need multiple gateways (e.g., a rescue bot on the same host), isolate ports + config/state (see docs: /gateway#multiple-gateways-same-host).

Troubles: run openclaw status
Troubleshooting: https://docs.openclaw.ai/troubleshooting
[2026-03-13 13:42:25] ✅ Gateway OK (RPC probe passed)
[2026-03-13 13:47:37] Watchdog check...
Cleanup hint: launchctl bootout gui/$UID/ai.openclaw.gateway
Cleanup hint: rm ~/Library/LaunchAgents/ai.openclaw.gateway.plist

Recommendation: run a single gateway per machine for most setups. One gateway supports multiple agents (see docs: /gateway#multiple-gateways-same-host).
If you need multiple gateways (e.g., a rescue bot on the same host), isolate ports + config/state (see docs: /gateway#multiple-gateways-same-host).

Troubles: run openclaw status
Troubleshooting: https://docs.openclaw.ai/troubleshooting
[2026-03-13 13:47:37] ✅ Gateway OK (RPC probe passed)
[2026-03-13 13:52:48] Watchdog check...
Cleanup hint: launchctl bootout gui/$UID/ai.openclaw.gateway
Cleanup hint: rm ~/Library/LaunchAgents/ai.openclaw.gateway.plist

Recommendation: run a single gateway per machine for most setups. One gateway supports multiple agents (see docs: /gateway#multiple-gateways-same-host).
If you need multiple gateways (e.g., a rescue bot on the same host), isolate ports + config/state (see docs: /gateway#multiple-gateways-same-host).

Troubles: run openclaw status
Troubleshooting: https://docs.openclaw.ai/troubleshooting
[2026-03-13 13:52:48] ✅ Gateway OK (RPC probe passed)
[2026-03-13 13:58:00] Watchdog check...
Cleanup hint: launchctl bootout gui/$UID/ai.openclaw.gateway
Cleanup hint: rm ~/Library/LaunchAgents/ai.openclaw.gateway.plist

Recommendation: run a single gateway per machine for most setups. One gateway supports multiple agents (see docs: /gateway#multiple-gateways-same-host).
If you need multiple gateways (e.g., a rescue bot on the same host), isolate ports + config/state (see docs: /gateway#multiple-gateways-same-host).

Troubles: run openclaw status
Troubleshooting: https://docs.openclaw.ai/troubleshooting
[2026-03-13 13:58:00] ✅ Gateway OK (RPC probe passed)
[2026-03-13 14:03:13] Watchdog check...
Cleanup hint: launchctl bootout gui/$UID/ai.openclaw.gateway
Cleanup hint: rm ~/Library/LaunchAgents/ai.openclaw.gateway.plist

Recommendation: run a single gateway per machine for most setups. One gateway supports multiple agents (see docs: /gateway#multiple-gateways-same-host).
If you need multiple gateways (e.g., a rescue bot on the same host), isolate ports + config/state (see docs: /gateway#multiple-gateways-same-host).

Troubles: run openclaw status
Troubleshooting: https://docs.openclaw.ai/troubleshooting
[2026-03-13 14:03:13] ✅ Gateway OK (RPC probe passed)
[2026-03-13 14:08:25] Watchdog check...
Cleanup hint: launchctl bootout gui/$UID/ai.openclaw.gateway
Cleanup hint: rm ~/Library/LaunchAgents/ai.openclaw.gateway.plist

Recommendation: run a single gateway per machine for most setups. One gateway supports multiple agents (see docs: /gateway#multiple-gateways-same-host).
If you need multiple gateways (e.g., a rescue bot on the same host), isolate ports + config/state (see docs: /gateway#multiple-gateways-same-host).

Troubles: run openclaw status
Troubleshooting: https://docs.openclaw.ai/troubleshooting
[2026-03-13 14:08:25] ✅ Gateway OK (RPC probe passed)
[2026-03-13 14:13:38] Watchdog check...
Cleanup hint: launchctl bootout gui/$UID/ai.openclaw.gateway
Cleanup hint: rm ~/Library/LaunchAgents/ai.openclaw.gateway.plist

Recommendation: run a single gateway per machine for most setups. One gateway supports multiple agents (see docs: /gateway#multiple-gateways-same-host).
If you need multiple gateways (e.g., a rescue bot on the same host), isolate ports + config/state (see docs: /gateway#multiple-gateways-same-host).

Troubles: run openclaw status
Troubleshooting: https://docs.openclaw.ai/troubleshooting
[2026-03-13 14:13:38] ✅ Gateway OK (RPC probe passed)
[2026-03-13 14:18:50] Watchdog check...
Cleanup hint: launchctl bootout gui/$UID/ai.openclaw.gateway
Cleanup hint: rm ~/Library/LaunchAgents/ai.openclaw.gateway.plist

Recommendation: run a single gateway per machine for most setups. One gateway supports multiple agents (see docs: /gateway#multiple-gateways-same-host).
If you need multiple gateways (e.g., a rescue bot on the same host), isolate ports + config/state (see docs: /gateway#multiple-gateways-same-host).

Troubles: run openclaw status
Troubleshooting: https://docs.openclaw.ai/troubleshooting
[2026-03-13 14:18:50] ✅ Gateway OK (RPC probe passed)
[2026-03-13 14:24:02] Watchdog check...
Cleanup hint: launchctl bootout gui/$UID/ai.openclaw.gateway
Cleanup hint: rm ~/Library/LaunchAgents/ai.openclaw.gateway.plist

Recommendation: run a single gateway per machine for most setups. One gateway supports multiple agents (see docs: /gateway#multiple-gateways-same-host).
If you need multiple gateways (e.g., a rescue bot on the same host), isolate ports + config/state (see docs: /gateway#multiple-gateways-same-host).

Troubles: run openclaw status
Troubleshooting: https://docs.openclaw.ai/troubleshooting
[2026-03-13 14:24:02] ✅ Gateway OK (RPC probe passed)
[2026-03-13 14:29:15] Watchdog check...
Cleanup hint: launchctl bootout gui/$UID/ai.openclaw.gateway
Cleanup hint: rm ~/Library/LaunchAgents/ai.openclaw.gateway.plist

Recommendation: run a single gateway per machine for most setups. One gateway supports multiple agents (see docs: /gateway#multiple-gateways-same-host).
If you need multiple gateways (e.g., a rescue bot on the same host), isolate ports + config/state (see docs: /gateway#multiple-gateways-same-host).

Troubles: run openclaw status
Troubleshooting: https://docs.openclaw.ai/troubleshooting
[2026-03-13 14:29:15] ✅ Gateway OK (RPC probe passed)
[2026-03-13 14:34:30] Watchdog check...
Cleanup hint: launchctl bootout gui/$UID/ai.openclaw.gateway
Cleanup hint: rm ~/Library/LaunchAgents/ai.openclaw.gateway.plist

Recommendation: run a single gateway per machine for most setups. One gateway supports multiple agents (see docs: /gateway#multiple-gateways-same-host).
If you need multiple gateways (e.g., a rescue bot on the same host), isolate ports + config/state (see docs: /gateway#multiple-gateways-same-host).

Troubles: run openclaw status
Troubleshooting: https://docs.openclaw.ai/troubleshooting
[2026-03-13 14:34:30] ✅ Gateway OK (RPC probe passed)
[2026-03-13 14:39:43] Watchdog check...
Cleanup hint: launchctl bootout gui/$UID/ai.openclaw.gateway
Cleanup hint: rm ~/Library/LaunchAgents/ai.openclaw.gateway.plist

Recommendation: run a single gateway per machine for most setups. One gateway supports multiple agents (see docs: /gateway#multiple-gateways-same-host).
If you need multiple gateways (e.g., a rescue bot on the same host), isolate ports + config/state (see docs: /gateway#multiple-gateways-same-host).

Troubles: run openclaw status
Troubleshooting: https://docs.openclaw.ai/troubleshooting
[2026-03-13 14:39:43] ✅ Gateway OK (RPC probe passed)
[2026-03-13 14:44:55] Watchdog check...
Cleanup hint: launchctl bootout gui/$UID/ai.openclaw.gateway
Cleanup hint: rm ~/Library/LaunchAgents/ai.openclaw.gateway.plist

Recommendation: run a single gateway per machine for most setups. One gateway supports multiple agents (see docs: /gateway#multiple-gateways-same-host).
If you need multiple gateways (e.g., a rescue bot on the same host), isolate ports + config/state (see docs: /gateway#multiple-gateways-same-host).

Troubles: run openclaw status
Troubleshooting: https://docs.openclaw.ai/troubleshooting
[2026-03-13 14:44:55] ✅ Gateway OK (RPC probe passed)
[2026-03-13 14:50:07] Watchdog check...
Cleanup hint: launchctl bootout gui/$UID/ai.openclaw.gateway
Cleanup hint: rm ~/Library/LaunchAgents/ai.openclaw.gateway.plist

Recommendation: run a single gateway per machine for most setups. One gateway supports multiple agents (see docs: /gateway#multiple-gateways-same-host).
If you need multiple gateways (e.g., a rescue bot on the same host), isolate ports + config/state (see docs: /gateway#multiple-gateways-same-host).

Troubles: run openclaw status
Troubleshooting: https://docs.openclaw.ai/troubleshooting
[2026-03-13 14:50:07] ✅ Gateway OK (RPC probe passed)
[2026-03-13 14:55:25] Watchdog check...
Cleanup hint: launchctl bootout gui/$UID/ai.openclaw.gateway
Cleanup hint: rm ~/Library/LaunchAgents/ai.openclaw.gateway.plist

Recommendation: run a single gateway per machine for most setups. One gateway supports multiple agents (see docs: /gateway#multiple-gateways-same-host).
If you need multiple gateways (e.g., a rescue bot on the same host), isolate ports + config/state (see docs: /gateway#multiple-gateways-same-host).

Troubles: run openclaw status
Troubleshooting: https://docs.openclaw.ai/troubleshooting
[2026-03-13 14:55:25] ✅ Gateway OK (RPC probe passed)
[2026-03-13 15:00:39] Watchdog check...
Cleanup hint: launchctl bootout gui/$UID/ai.openclaw.gateway
Cleanup hint: rm ~/Library/LaunchAgents/ai.openclaw.gateway.plist

Recommendation: run a single gateway per machine for most setups. One gateway supports multiple agents (see docs: /gateway#multiple-gateways-same-host).
If you need multiple gateways (e.g., a rescue bot on the same host), isolate ports + config/state (see docs: /gateway#multiple-gateways-same-host).

Troubles: run openclaw status
Troubleshooting: https://docs.openclaw.ai/troubleshooting
[2026-03-13 15:00:39] ✅ Gateway OK (RPC probe passed)
[2026-03-13 15:06:01] Watchdog check...
Cleanup hint: launchctl bootout gui/$UID/ai.openclaw.gateway
Cleanup hint: rm ~/Library/LaunchAgents/ai.openclaw.gateway.plist

Recommendation: run a single gateway per machine for most setups. One gateway supports multiple agents (see docs: /gateway#multiple-gateways-same-host).
If you need multiple gateways (e.g., a rescue bot on the same host), isolate ports + config/state (see docs: /gateway#multiple-gateways-same-host).

Troubles: run openclaw status
Troubleshooting: https://docs.openclaw.ai/troubleshooting
[2026-03-13 15:06:01] ✅ Gateway OK (RPC probe passed)
[2026-03-13 15:11:15] Watchdog check...
Cleanup hint: launchctl bootout gui/$UID/ai.openclaw.gateway
Cleanup hint: rm ~/Library/LaunchAgents/ai.openclaw.gateway.plist

Recommendation: run a single gateway per machine for most setups. One gateway supports multiple agents (see docs: /gateway#multiple-gateways-same-host).
If you need multiple gateways (e.g., a rescue bot on the same host), isolate ports + config/state (see docs: /gateway#multiple-gateways-same-host).

Troubles: run openclaw status
Troubleshooting: https://docs.openclaw.ai/troubleshooting
[2026-03-13 15:11:15] ✅ Gateway OK (RPC probe passed)
[2026-03-13 15:16:31] Watchdog check...
Cleanup hint: launchctl bootout gui/$UID/ai.openclaw.gateway
Cleanup hint: rm ~/Library/LaunchAgents/ai.openclaw.gateway.plist

Recommendation: run a single gateway per machine for most setups. One gateway supports multiple agents (see docs: /gateway#multiple-gateways-same-host).
If you need multiple gateways (e.g., a rescue bot on the same host), isolate ports + config/state (see docs: /gateway#multiple-gateways-same-host).

Troubles: run openclaw status
Troubleshooting: https://docs.openclaw.ai/troubleshooting
[2026-03-13 15:16:31] ✅ Gateway OK (RPC probe passed)
[2026-03-13 15:21:45] Watchdog check...
Cleanup hint: launchctl bootout gui/$UID/ai.openclaw.gateway
Cleanup hint: rm ~/Library/LaunchAgents/ai.openclaw.gateway.plist

Recommendation: run a single gateway per machine for most setups. One gateway supports multiple agents (see docs: /gateway#multiple-gateways-same-host).
If you need multiple gateways (e.g., a rescue bot on the same host), isolate ports + config/state (see docs: /gateway#multiple-gateways-same-host).

Troubles: run openclaw status
Troubleshooting: https://docs.openclaw.ai/troubleshooting
[2026-03-13 15:21:45] ✅ Gateway OK (RPC probe passed)
[2026-03-13 15:26:58] Watchdog check...
Cleanup hint: launchctl bootout gui/$UID/ai.openclaw.gateway
Cleanup hint: rm ~/Library/LaunchAgents/ai.openclaw.gateway.plist

Recommendation: run a single gateway per machine for most setups. One gateway supports multiple agents (see docs: /gateway#multiple-gateways-same-host).
If you need multiple gateways (e.g., a rescue bot on the same host), isolate ports + config/state (see docs: /gateway#multiple-gateways-same-host).

Troubles: run openclaw status
Troubleshooting: https://docs.openclaw.ai/troubleshooting
[2026-03-13 15:26:58] ✅ Gateway OK (RPC probe passed)
[2026-03-13 15:32:12] Watchdog check...
Cleanup hint: launchctl bootout gui/$UID/ai.openclaw.gateway
Cleanup hint: rm ~/Library/LaunchAgents/ai.openclaw.gateway.plist

Recommendation: run a single gateway per machine for most setups. One gateway supports multiple agents (see docs: /gateway#multiple-gateways-same-host).
If you need multiple gateways (e.g., a rescue bot on the same host), isolate ports + config/state (see docs: /gateway#multiple-gateways-same-host).

Troubles: run openclaw status
Troubleshooting: https://docs.openclaw.ai/troubleshooting
[2026-03-13 15:32:12] ✅ Gateway OK (RPC probe passed)
[2026-03-13 15:37:25] Watchdog check...
Cleanup hint: launchctl bootout gui/$UID/ai.openclaw.gateway
Cleanup hint: rm ~/Library/LaunchAgents/ai.openclaw.gateway.plist

Recommendation: run a single gateway per machine for most setups. One gateway supports multiple agents (see docs: /gateway#multiple-gateways-same-host).
If you need multiple gateways (e.g., a rescue bot on the same host), isolate ports + config/state (see docs: /gateway#multiple-gateways-same-host).

Troubles: run openclaw status
Troubleshooting: https://docs.openclaw.ai/troubleshooting
[2026-03-13 15:37:25] ✅ Gateway OK (RPC probe passed)
[2026-03-13 15:42:37] Watchdog check...
Cleanup hint: launchctl bootout gui/$UID/ai.openclaw.gateway
Cleanup hint: rm ~/Library/LaunchAgents/ai.openclaw.gateway.plist

Recommendation: run a single gateway per machine for most setups. One gateway supports multiple agents (see docs: /gateway#multiple-gateways-same-host).
If you need multiple gateways (e.g., a rescue bot on the same host), isolate ports + config/state (see docs: /gateway#multiple-gateways-same-host).

Troubles: run openclaw status
Troubleshooting: https://docs.openclaw.ai/troubleshooting
[2026-03-13 15:42:37] ✅ Gateway OK (RPC probe passed)
[2026-03-13 15:47:51] Watchdog check...
Cleanup hint: launchctl bootout gui/$UID/ai.openclaw.gateway
Cleanup hint: rm ~/Library/LaunchAgents/ai.openclaw.gateway.plist

Recommendation: run a single gateway per machine for most setups. One gateway supports multiple agents (see docs: /gateway#multiple-gateways-same-host).
If you need multiple gateways (e.g., a rescue bot on the same host), isolate ports + config/state (see docs: /gateway#multiple-gateways-same-host).

Troubles: run openclaw status
Troubleshooting: https://docs.openclaw.ai/troubleshooting
[2026-03-13 15:47:51] ✅ Gateway OK (RPC probe passed)
[2026-03-13 15:53:03] Watchdog check...
Cleanup hint: launchctl bootout gui/$UID/ai.openclaw.gateway
Cleanup hint: rm ~/Library/LaunchAgents/ai.openclaw.gateway.plist

Recommendation: run a single gateway per machine for most setups. One gateway supports multiple agents (see docs: /gateway#multiple-gateways-same-host).
If you need multiple gateways (e.g., a rescue bot on the same host), isolate ports + config/state (see docs: /gateway#multiple-gateways-same-host).

Troubles: run openclaw status
Troubleshooting: https://docs.openclaw.ai/troubleshooting
[2026-03-13 15:53:03] ✅ Gateway OK (RPC probe passed)
[2026-03-13 15:58:16] Watchdog check...
Cleanup hint: launchctl bootout gui/$UID/ai.openclaw.gateway
Cleanup hint: rm ~/Library/LaunchAgents/ai.openclaw.gateway.plist

Recommendation: run a single gateway per machine for most setups. One gateway supports multiple agents (see docs: /gateway#multiple-gateways-same-host).
If you need multiple gateways (e.g., a rescue bot on the same host), isolate ports + config/state (see docs: /gateway#multiple-gateways-same-host).

Troubles: run openclaw status
Troubleshooting: https://docs.openclaw.ai/troubleshooting
[2026-03-13 15:58:16] ✅ Gateway OK (RPC probe passed)
[2026-03-13 16:03:28] Watchdog check...
Cleanup hint: launchctl bootout gui/$UID/ai.openclaw.gateway
Cleanup hint: rm ~/Library/LaunchAgents/ai.openclaw.gateway.plist

Recommendation: run a single gateway per machine for most setups. One gateway supports multiple agents (see docs: /gateway#multiple-gateways-same-host).
If you need multiple gateways (e.g., a rescue bot on the same host), isolate ports + config/state (see docs: /gateway#multiple-gateways-same-host).

Troubles: run openclaw status
Troubleshooting: https://docs.openclaw.ai/troubleshooting
[2026-03-13 16:03:28] ✅ Gateway OK (RPC probe passed)
[2026-03-13 16:08:40] Watchdog check...
Cleanup hint: launchctl bootout gui/$UID/ai.openclaw.gateway
Cleanup hint: rm ~/Library/LaunchAgents/ai.openclaw.gateway.plist

Recommendation: run a single gateway per machine for most setups. One gateway supports multiple agents (see docs: /gateway#multiple-gateways-same-host).
If you need multiple gateways (e.g., a rescue bot on the same host), isolate ports + config/state (see docs: /gateway#multiple-gateways-same-host).

Troubles: run openclaw status
Troubleshooting: https://docs.openclaw.ai/troubleshooting
[2026-03-13 16:08:40] ✅ Gateway OK (RPC probe passed)
[2026-03-13 16:13:53] Watchdog check...
Cleanup hint: launchctl bootout gui/$UID/ai.openclaw.gateway
Cleanup hint: rm ~/Library/LaunchAgents/ai.openclaw.gateway.plist

Recommendation: run a single gateway per machine for most setups. One gateway supports multiple agents (see docs: /gateway#multiple-gateways-same-host).
If you need multiple gateways (e.g., a rescue bot on the same host), isolate ports + config/state (see docs: /gateway#multiple-gateways-same-host).

Troubles: run openclaw status
Troubleshooting: https://docs.openclaw.ai/troubleshooting
[2026-03-13 16:13:53] ✅ Gateway OK (RPC probe passed)
[2026-03-13 16:19:06] Watchdog check...
Cleanup hint: launchctl bootout gui/$UID/ai.openclaw.gateway
Cleanup hint: rm ~/Library/LaunchAgents/ai.openclaw.gateway.plist

Recommendation: run a single gateway per machine for most setups. One gateway supports multiple agents (see docs: /gateway#multiple-gateways-same-host).
If you need multiple gateways (e.g., a rescue bot on the same host), isolate ports + config/state (see docs: /gateway#multiple-gateways-same-host).

Troubles: run openclaw status
Troubleshooting: https://docs.openclaw.ai/troubleshooting
[2026-03-13 16:19:06] ✅ Gateway OK (RPC probe passed)
[2026-03-13 16:24:18] Watchdog check...
Cleanup hint: launchctl bootout gui/$UID/ai.openclaw.gateway
Cleanup hint: rm ~/Library/LaunchAgents/ai.openclaw.gateway.plist

Recommendation: run a single gateway per machine for most setups. One gateway supports multiple agents (see docs: /gateway#multiple-gateways-same-host).
If you need multiple gateways (e.g., a rescue bot on the same host), isolate ports + config/state (see docs: /gateway#multiple-gateways-same-host).

Troubles: run openclaw status
Troubleshooting: https://docs.openclaw.ai/troubleshooting
[2026-03-13 16:24:18] ✅ Gateway OK (RPC probe passed)
[2026-03-13 16:29:32] Watchdog check...
Cleanup hint: launchctl bootout gui/$UID/ai.openclaw.gateway
Cleanup hint: rm ~/Library/LaunchAgents/ai.openclaw.gateway.plist

Recommendation: run a single gateway per machine for most setups. One gateway supports multiple agents (see docs: /gateway#multiple-gateways-same-host).
If you need multiple gateways (e.g., a rescue bot on the same host), isolate ports + config/state (see docs: /gateway#multiple-gateways-same-host).

Troubles: run openclaw status
Troubleshooting: https://docs.openclaw.ai/troubleshooting
[2026-03-13 16:29:32] ✅ Gateway OK (RPC probe passed)
[2026-03-13 16:34:45] Watchdog check...
Cleanup hint: launchctl bootout gui/$UID/ai.openclaw.gateway
Cleanup hint: rm ~/Library/LaunchAgents/ai.openclaw.gateway.plist

Recommendation: run a single gateway per machine for most setups. One gateway supports multiple agents (see docs: /gateway#multiple-gateways-same-host).
If you need multiple gateways (e.g., a rescue bot on the same host), isolate ports + config/state (see docs: /gateway#multiple-gateways-same-host).

Troubles: run openclaw status
Troubleshooting: https://docs.openclaw.ai/troubleshooting
[2026-03-13 16:34:45] ✅ Gateway OK (RPC probe passed)
[2026-03-13 16:39:59] Watchdog check...
Cleanup hint: launchctl bootout gui/$UID/ai.openclaw.gateway
Cleanup hint: rm ~/Library/LaunchAgents/ai.openclaw.gateway.plist

Recommendation: run a single gateway per machine for most setups. One gateway supports multiple agents (see docs: /gateway#multiple-gateways-same-host).
If you need multiple gateways (e.g., a rescue bot on the same host), isolate ports + config/state (see docs: /gateway#multiple-gateways-same-host).

Troubles: run openclaw status
Troubleshooting: https://docs.openclaw.ai/troubleshooting
[2026-03-13 16:39:59] ✅ Gateway OK (RPC probe passed)
[2026-03-13 16:45:12] Watchdog check...
Cleanup hint: launchctl bootout gui/$UID/ai.openclaw.gateway
Cleanup hint: rm ~/Library/LaunchAgents/ai.openclaw.gateway.plist

Recommendation: run a single gateway per machine for most setups. One gateway supports multiple agents (see docs: /gateway#multiple-gateways-same-host).
If you need multiple gateways (e.g., a rescue bot on the same host), isolate ports + config/state (see docs: /gateway#multiple-gateways-same-host).

Troubles: run openclaw status
Troubleshooting: https://docs.openclaw.ai/troubleshooting
[2026-03-13 16:45:12] ✅ Gateway OK (RPC probe passed)
[2026-03-13 16:50:25] Watchdog check...
Cleanup hint: launchctl bootout gui/$UID/ai.openclaw.gateway
Cleanup hint: rm ~/Library/LaunchAgents/ai.openclaw.gateway.plist

Recommendation: run a single gateway per machine for most setups. One gateway supports multiple agents (see docs: /gateway#multiple-gateways-same-host).
If you need multiple gateways (e.g., a rescue bot on the same host), isolate ports + config/state (see docs: /gateway#multiple-gateways-same-host).

Troubles: run openclaw status
Troubleshooting: https://docs.openclaw.ai/troubleshooting
[2026-03-13 16:50:25] ✅ Gateway OK (RPC probe passed)
[2026-03-13 16:55:38] Watchdog check...
Cleanup hint: launchctl bootout gui/$UID/ai.openclaw.gateway
Cleanup hint: rm ~/Library/LaunchAgents/ai.openclaw.gateway.plist

Recommendation: run a single gateway per machine for most setups. One gateway supports multiple agents (see docs: /gateway#multiple-gateways-same-host).
If you need multiple gateways (e.g., a rescue bot on the same host), isolate ports + config/state (see docs: /gateway#multiple-gateways-same-host).

Troubles: run openclaw status
Troubleshooting: https://docs.openclaw.ai/troubleshooting
[2026-03-13 16:55:38] ✅ Gateway OK (RPC probe passed)
[2026-03-13 17:01:02] Watchdog check...
Cleanup hint: launchctl bootout gui/$UID/ai.openclaw.gateway
Cleanup hint: rm ~/Library/LaunchAgents/ai.openclaw.gateway.plist

Recommendation: run a single gateway per machine for most setups. One gateway supports multiple agents (see docs: /gateway#multiple-gateways-same-host).
If you need multiple gateways (e.g., a rescue bot on the same host), isolate ports + config/state (see docs: /gateway#multiple-gateways-same-host).

Troubles: run openclaw status
Troubleshooting: https://docs.openclaw.ai/troubleshooting
[2026-03-13 17:01:02] ✅ Gateway OK (RPC probe passed)
[2026-03-13 17:06:13] Watchdog check...
Cleanup hint: launchctl bootout gui/$UID/ai.openclaw.gateway
Cleanup hint: rm ~/Library/LaunchAgents/ai.openclaw.gateway.plist

Recommendation: run a single gateway per machine for most setups. One gateway supports multiple agents (see docs: /gateway#multiple-gateways-same-host).
If you need multiple gateways (e.g., a rescue bot on the same host), isolate ports + config/state (see docs: /gateway#multiple-gateways-same-host).

Troubles: run openclaw status
Troubleshooting: https://docs.openclaw.ai/troubleshooting
[2026-03-13 17:06:13] ✅ Gateway OK (RPC probe passed)
[2026-03-13 17:11:23] Watchdog check...
Cleanup hint: launchctl bootout gui/$UID/ai.openclaw.gateway
Cleanup hint: rm ~/Library/LaunchAgents/ai.openclaw.gateway.plist

Recommendation: run a single gateway per machine for most setups. One gateway supports multiple agents (see docs: /gateway#multiple-gateways-same-host).
If you need multiple gateways (e.g., a rescue bot on the same host), isolate ports + config/state (see docs: /gateway#multiple-gateways-same-host).

Troubles: run openclaw status
Troubleshooting: https://docs.openclaw.ai/troubleshooting
[2026-03-13 17:11:23] ✅ Gateway OK (RPC probe passed)
[2026-03-13 17:16:34] Watchdog check...
Cleanup hint: launchctl bootout gui/$UID/ai.openclaw.gateway
Cleanup hint: rm ~/Library/LaunchAgents/ai.openclaw.gateway.plist

Recommendation: run a single gateway per machine for most setups. One gateway supports multiple agents (see docs: /gateway#multiple-gateways-same-host).
If you need multiple gateways (e.g., a rescue bot on the same host), isolate ports + config/state (see docs: /gateway#multiple-gateways-same-host).

Troubles: run openclaw status
Troubleshooting: https://docs.openclaw.ai/troubleshooting
[2026-03-13 17:16:34] ✅ Gateway OK (RPC probe passed)
[2026-03-13 17:21:46] Watchdog check...
Cleanup hint: launchctl bootout gui/$UID/ai.openclaw.gateway
Cleanup hint: rm ~/Library/LaunchAgents/ai.openclaw.gateway.plist

Recommendation: run a single gateway per machine for most setups. One gateway supports multiple agents (see docs: /gateway#multiple-gateways-same-host).
If you need multiple gateways (e.g., a rescue bot on the same host), isolate ports + config/state (see docs: /gateway#multiple-gateways-same-host).

Troubles: run openclaw status
Troubleshooting: https://docs.openclaw.ai/troubleshooting
[2026-03-13 17:21:46] ✅ Gateway OK (RPC probe passed)
[2026-03-13 17:26:56] Watchdog check...
Cleanup hint: launchctl bootout gui/$UID/ai.openclaw.gateway
Cleanup hint: rm ~/Library/LaunchAgents/ai.openclaw.gateway.plist

Recommendation: run a single gateway per machine for most setups. One gateway supports multiple agents (see docs: /gateway#multiple-gateways-same-host).
If you need multiple gateways (e.g., a rescue bot on the same host), isolate ports + config/state (see docs: /gateway#multiple-gateways-same-host).

Troubles: run openclaw status
Troubleshooting: https://docs.openclaw.ai/troubleshooting
[2026-03-13 17:26:56] ✅ Gateway OK (RPC probe passed)
[2026-03-13 17:32:08] Watchdog check...
Cleanup hint: launchctl bootout gui/$UID/ai.openclaw.gateway
Cleanup hint: rm ~/Library/LaunchAgents/ai.openclaw.gateway.plist

Recommendation: run a single gateway per machine for most setups. One gateway supports multiple agents (see docs: /gateway#multiple-gateways-same-host).
If you need multiple gateways (e.g., a rescue bot on the same host), isolate ports + config/state (see docs: /gateway#multiple-gateways-same-host).

Troubles: run openclaw status
Troubleshooting: https://docs.openclaw.ai/troubleshooting
[2026-03-13 17:32:08] ✅ Gateway OK (RPC probe passed)
[2026-03-13 17:37:18] Watchdog check...
Cleanup hint: launchctl bootout gui/$UID/ai.openclaw.gateway
Cleanup hint: rm ~/Library/LaunchAgents/ai.openclaw.gateway.plist

Recommendation: run a single gateway per machine for most setups. One gateway supports multiple agents (see docs: /gateway#multiple-gateways-same-host).
If you need multiple gateways (e.g., a rescue bot on the same host), isolate ports + config/state (see docs: /gateway#multiple-gateways-same-host).

Troubles: run openclaw status
Troubleshooting: https://docs.openclaw.ai/troubleshooting
[2026-03-13 17:37:18] ✅ Gateway OK (RPC probe passed)
[2026-03-13 17:42:28] Watchdog check...
Cleanup hint: launchctl bootout gui/$UID/ai.openclaw.gateway
Cleanup hint: rm ~/Library/LaunchAgents/ai.openclaw.gateway.plist

Recommendation: run a single gateway per machine for most setups. One gateway supports multiple agents (see docs: /gateway#multiple-gateways-same-host).
If you need multiple gateways (e.g., a rescue bot on the same host), isolate ports + config/state (see docs: /gateway#multiple-gateways-same-host).

Troubles: run openclaw status
Troubleshooting: https://docs.openclaw.ai/troubleshooting
[2026-03-13 17:42:28] ✅ Gateway OK (RPC probe passed)
[2026-03-13 17:47:40] Watchdog check...
Cleanup hint: launchctl bootout gui/$UID/ai.openclaw.gateway
Cleanup hint: rm ~/Library/LaunchAgents/ai.openclaw.gateway.plist

Recommendation: run a single gateway per machine for most setups. One gateway supports multiple agents (see docs: /gateway#multiple-gateways-same-host).
If you need multiple gateways (e.g., a rescue bot on the same host), isolate ports + config/state (see docs: /gateway#multiple-gateways-same-host).

Troubles: run openclaw status
Troubleshooting: https://docs.openclaw.ai/troubleshooting
[2026-03-13 17:47:40] ✅ Gateway OK (RPC probe passed)
[2026-03-13 17:52:51] Watchdog check...
Cleanup hint: launchctl bootout gui/$UID/ai.openclaw.gateway
Cleanup hint: rm ~/Library/LaunchAgents/ai.openclaw.gateway.plist

Recommendation: run a single gateway per machine for most setups. One gateway supports multiple agents (see docs: /gateway#multiple-gateways-same-host).
If you need multiple gateways (e.g., a rescue bot on the same host), isolate ports + config/state (see docs: /gateway#multiple-gateways-same-host).

Troubles: run openclaw status
Troubleshooting: https://docs.openclaw.ai/troubleshooting
[2026-03-13 17:52:51] ✅ Gateway OK (RPC probe passed)
[2026-03-13 17:58:02] Watchdog check...
Cleanup hint: launchctl bootout gui/$UID/ai.openclaw.gateway
Cleanup hint: rm ~/Library/LaunchAgents/ai.openclaw.gateway.plist

Recommendation: run a single gateway per machine for most setups. One gateway supports multiple agents (see docs: /gateway#multiple-gateways-same-host).
If you need multiple gateways (e.g., a rescue bot on the same host), isolate ports + config/state (see docs: /gateway#multiple-gateways-same-host).

Troubles: run openclaw status
Troubleshooting: https://docs.openclaw.ai/troubleshooting
[2026-03-13 17:58:02] ✅ Gateway OK (RPC probe passed)
[2026-03-13 18:03:12] Watchdog check...
Cleanup hint: launchctl bootout gui/$UID/ai.openclaw.gateway
Cleanup hint: rm ~/Library/LaunchAgents/ai.openclaw.gateway.plist

Recommendation: run a single gateway per machine for most setups. One gateway supports multiple agents (see docs: /gateway#multiple-gateways-same-host).
If you need multiple gateways (e.g., a rescue bot on the same host), isolate ports + config/state (see docs: /gateway#multiple-gateways-same-host).

Troubles: run openclaw status
Troubleshooting: https://docs.openclaw.ai/troubleshooting
[2026-03-13 18:03:12] ✅ Gateway OK (RPC probe passed)
[2026-03-13 18:08:23] Watchdog check...
Cleanup hint: launchctl bootout gui/$UID/ai.openclaw.gateway
Cleanup hint: rm ~/Library/LaunchAgents/ai.openclaw.gateway.plist

Recommendation: run a single gateway per machine for most setups. One gateway supports multiple agents (see docs: /gateway#multiple-gateways-same-host).
If you need multiple gateways (e.g., a rescue bot on the same host), isolate ports + config/state (see docs: /gateway#multiple-gateways-same-host).

Troubles: run openclaw status
Troubleshooting: https://docs.openclaw.ai/troubleshooting
[2026-03-13 18:08:23] ✅ Gateway OK (RPC probe passed)
[2026-03-13 18:13:34] Watchdog check...
Cleanup hint: launchctl bootout gui/$UID/ai.openclaw.gateway
Cleanup hint: rm ~/Library/LaunchAgents/ai.openclaw.gateway.plist

Recommendation: run a single gateway per machine for most setups. One gateway supports multiple agents (see docs: /gateway#multiple-gateways-same-host).
If you need multiple gateways (e.g., a rescue bot on the same host), isolate ports + config/state (see docs: /gateway#multiple-gateways-same-host).

Troubles: run openclaw status
Troubleshooting: https://docs.openclaw.ai/troubleshooting
[2026-03-13 18:13:34] ✅ Gateway OK (RPC probe passed)
[2026-03-13 18:18:47] Watchdog check...
Cleanup hint: launchctl bootout gui/$UID/ai.openclaw.gateway
Cleanup hint: rm ~/Library/LaunchAgents/ai.openclaw.gateway.plist

Recommendation: run a single gateway per machine for most setups. One gateway supports multiple agents (see docs: /gateway#multiple-gateways-same-host).
If you need multiple gateways (e.g., a rescue bot on the same host), isolate ports + config/state (see docs: /gateway#multiple-gateways-same-host).

Troubles: run openclaw status
Troubleshooting: https://docs.openclaw.ai/troubleshooting
[2026-03-13 18:18:47] ✅ Gateway OK (RPC probe passed)
[2026-03-13 18:23:57] Watchdog check...
Cleanup hint: launchctl bootout gui/$UID/ai.openclaw.gateway
Cleanup hint: rm ~/Library/LaunchAgents/ai.openclaw.gateway.plist

Recommendation: run a single gateway per machine for most setups. One gateway supports multiple agents (see docs: /gateway#multiple-gateways-same-host).
If you need multiple gateways (e.g., a rescue bot on the same host), isolate ports + config/state (see docs: /gateway#multiple-gateways-same-host).

Troubles: run openclaw status
Troubleshooting: https://docs.openclaw.ai/troubleshooting
[2026-03-13 18:23:57] ✅ Gateway OK (RPC probe passed)
[2026-03-13 18:29:08] Watchdog check...
Cleanup hint: launchctl bootout gui/$UID/ai.openclaw.gateway
Cleanup hint: rm ~/Library/LaunchAgents/ai.openclaw.gateway.plist

Recommendation: run a single gateway per machine for most setups. One gateway supports multiple agents (see docs: /gateway#multiple-gateways-same-host).
If you need multiple gateways (e.g., a rescue bot on the same host), isolate ports + config/state (see docs: /gateway#multiple-gateways-same-host).

Troubles: run openclaw status
Troubleshooting: https://docs.openclaw.ai/troubleshooting
[2026-03-13 18:29:08] ✅ Gateway OK (RPC probe passed)
[2026-03-13 18:34:19] Watchdog check...
Cleanup hint: launchctl bootout gui/$UID/ai.openclaw.gateway
Cleanup hint: rm ~/Library/LaunchAgents/ai.openclaw.gateway.plist

Recommendation: run a single gateway per machine for most setups. One gateway supports multiple agents (see docs: /gateway#multiple-gateways-same-host).
If you need multiple gateways (e.g., a rescue bot on the same host), isolate ports + config/state (see docs: /gateway#multiple-gateways-same-host).

Troubles: run openclaw status
Troubleshooting: https://docs.openclaw.ai/troubleshooting
[2026-03-13 18:34:19] ✅ Gateway OK (RPC probe passed)
[2026-03-13 18:39:31] Watchdog check...
Cleanup hint: launchctl bootout gui/$UID/ai.openclaw.gateway
Cleanup hint: rm ~/Library/LaunchAgents/ai.openclaw.gateway.plist

Recommendation: run a single gateway per machine for most setups. One gateway supports multiple agents (see docs: /gateway#multiple-gateways-same-host).
If you need multiple gateways (e.g., a rescue bot on the same host), isolate ports + config/state (see docs: /gateway#multiple-gateways-same-host).

Troubles: run openclaw status
Troubleshooting: https://docs.openclaw.ai/troubleshooting
[2026-03-13 18:39:31] ✅ Gateway OK (RPC probe passed)
[2026-03-13 18:44:48] Watchdog check...
Cleanup hint: launchctl bootout gui/$UID/ai.openclaw.gateway
Cleanup hint: rm ~/Library/LaunchAgents/ai.openclaw.gateway.plist

Recommendation: run a single gateway per machine for most setups. One gateway supports multiple agents (see docs: /gateway#multiple-gateways-same-host).
If you need multiple gateways (e.g., a rescue bot on the same host), isolate ports + config/state (see docs: /gateway#multiple-gateways-same-host).

Troubles: run openclaw status
Troubleshooting: https://docs.openclaw.ai/troubleshooting
[2026-03-13 18:44:48] ✅ Gateway OK (RPC probe passed)
[2026-03-13 18:50:02] Watchdog check...
Cleanup hint: launchctl bootout gui/$UID/ai.openclaw.gateway
Cleanup hint: rm ~/Library/LaunchAgents/ai.openclaw.gateway.plist

Recommendation: run a single gateway per machine for most setups. One gateway supports multiple agents (see docs: /gateway#multiple-gateways-same-host).
If you need multiple gateways (e.g., a rescue bot on the same host), isolate ports + config/state (see docs: /gateway#multiple-gateways-same-host).

Troubles: run openclaw status
Troubleshooting: https://docs.openclaw.ai/troubleshooting
[2026-03-13 18:50:02] ✅ Gateway OK (RPC probe passed)
[2026-03-13 18:55:19] Watchdog check...
Cleanup hint: launchctl bootout gui/$UID/ai.openclaw.gateway
Cleanup hint: rm ~/Library/LaunchAgents/ai.openclaw.gateway.plist

Recommendation: run a single gateway per machine for most setups. One gateway supports multiple agents (see docs: /gateway#multiple-gateways-same-host).
If you need multiple gateways (e.g., a rescue bot on the same host), isolate ports + config/state (see docs: /gateway#multiple-gateways-same-host).

Troubles: run openclaw status
Troubleshooting: https://docs.openclaw.ai/troubleshooting
[2026-03-13 18:55:19] ✅ Gateway OK (RPC probe passed)
[2026-03-13 19:00:35] Watchdog check...
Cleanup hint: launchctl bootout gui/$UID/ai.openclaw.gateway
Cleanup hint: rm ~/Library/LaunchAgents/ai.openclaw.gateway.plist

Recommendation: run a single gateway per machine for most setups. One gateway supports multiple agents (see docs: /gateway#multiple-gateways-same-host).
If you need multiple gateways (e.g., a rescue bot on the same host), isolate ports + config/state (see docs: /gateway#multiple-gateways-same-host).

Troubles: run openclaw status
Troubleshooting: https://docs.openclaw.ai/troubleshooting
[2026-03-13 19:00:35] ✅ Gateway OK (RPC probe passed)
[2026-03-13 19:05:50] Watchdog check...
Cleanup hint: launchctl bootout gui/$UID/ai.openclaw.gateway
Cleanup hint: rm ~/Library/LaunchAgents/ai.openclaw.gateway.plist

Recommendation: run a single gateway per machine for most setups. One gateway supports multiple agents (see docs: /gateway#multiple-gateways-same-host).
If you need multiple gateways (e.g., a rescue bot on the same host), isolate ports + config/state (see docs: /gateway#multiple-gateways-same-host).

Troubles: run openclaw status
Troubleshooting: https://docs.openclaw.ai/troubleshooting
[2026-03-13 19:05:50] ✅ Gateway OK (RPC probe passed)
[2026-03-13 19:11:06] Watchdog check...
Cleanup hint: launchctl bootout gui/$UID/ai.openclaw.gateway
Cleanup hint: rm ~/Library/LaunchAgents/ai.openclaw.gateway.plist

Recommendation: run a single gateway per machine for most setups. One gateway supports multiple agents (see docs: /gateway#multiple-gateways-same-host).
If you need multiple gateways (e.g., a rescue bot on the same host), isolate ports + config/state (see docs: /gateway#multiple-gateways-same-host).

Troubles: run openclaw status
Troubleshooting: https://docs.openclaw.ai/troubleshooting
[2026-03-13 19:11:06] ✅ Gateway OK (RPC probe passed)
[2026-03-13 19:16:23] Watchdog check...
Cleanup hint: launchctl bootout gui/$UID/ai.openclaw.gateway
Cleanup hint: rm ~/Library/LaunchAgents/ai.openclaw.gateway.plist

Recommendation: run a single gateway per machine for most setups. One gateway supports multiple agents (see docs: /gateway#multiple-gateways-same-host).
If you need multiple gateways (e.g., a rescue bot on the same host), isolate ports + config/state (see docs: /gateway#multiple-gateways-same-host).

Troubles: run openclaw status
Troubleshooting: https://docs.openclaw.ai/troubleshooting
[2026-03-13 19:16:23] ✅ Gateway OK (RPC probe passed)
[2026-03-13 19:21:39] Watchdog check...
Cleanup hint: launchctl bootout gui/$UID/ai.openclaw.gateway
Cleanup hint: rm ~/Library/LaunchAgents/ai.openclaw.gateway.plist

Recommendation: run a single gateway per machine for most setups. One gateway supports multiple agents (see docs: /gateway#multiple-gateways-same-host).
If you need multiple gateways (e.g., a rescue bot on the same host), isolate ports + config/state (see docs: /gateway#multiple-gateways-same-host).

Troubles: run openclaw status
Troubleshooting: https://docs.openclaw.ai/troubleshooting
[2026-03-13 19:21:39] ✅ Gateway OK (RPC probe passed)
[2026-03-13 19:26:56] Watchdog check...
Cleanup hint: launchctl bootout gui/$UID/ai.openclaw.gateway
Cleanup hint: rm ~/Library/LaunchAgents/ai.openclaw.gateway.plist

Recommendation: run a single gateway per machine for most setups. One gateway supports multiple agents (see docs: /gateway#multiple-gateways-same-host).
If you need multiple gateways (e.g., a rescue bot on the same host), isolate ports + config/state (see docs: /gateway#multiple-gateways-same-host).

Troubles: run openclaw status
Troubleshooting: https://docs.openclaw.ai/troubleshooting
[2026-03-13 19:26:56] ✅ Gateway OK (RPC probe passed)
[2026-03-13 19:32:11] Watchdog check...
Cleanup hint: launchctl bootout gui/$UID/ai.openclaw.gateway
Cleanup hint: rm ~/Library/LaunchAgents/ai.openclaw.gateway.plist

Recommendation: run a single gateway per machine for most setups. One gateway supports multiple agents (see docs: /gateway#multiple-gateways-same-host).
If you need multiple gateways (e.g., a rescue bot on the same host), isolate ports + config/state (see docs: /gateway#multiple-gateways-same-host).

Troubles: run openclaw status
Troubleshooting: https://docs.openclaw.ai/troubleshooting
[2026-03-13 19:32:11] ✅ Gateway OK (RPC probe passed)
[2026-03-13 19:37:26] Watchdog check...
Cleanup hint: launchctl bootout gui/$UID/ai.openclaw.gateway
Cleanup hint: rm ~/Library/LaunchAgents/ai.openclaw.gateway.plist

Recommendation: run a single gateway per machine for most setups. One gateway supports multiple agents (see docs: /gateway#multiple-gateways-same-host).
If you need multiple gateways (e.g., a rescue bot on the same host), isolate ports + config/state (see docs: /gateway#multiple-gateways-same-host).

Troubles: run openclaw status
Troubleshooting: https://docs.openclaw.ai/troubleshooting
[2026-03-13 19:37:26] ✅ Gateway OK (RPC probe passed)
[2026-03-13 19:42:42] Watchdog check...
Cleanup hint: launchctl bootout gui/$UID/ai.openclaw.gateway
Cleanup hint: rm ~/Library/LaunchAgents/ai.openclaw.gateway.plist

Recommendation: run a single gateway per machine for most setups. One gateway supports multiple agents (see docs: /gateway#multiple-gateways-same-host).
If you need multiple gateways (e.g., a rescue bot on the same host), isolate ports + config/state (see docs: /gateway#multiple-gateways-same-host).

Troubles: run openclaw status
Troubleshooting: https://docs.openclaw.ai/troubleshooting
[2026-03-13 19:42:42] ✅ Gateway OK (RPC probe passed)
[2026-03-13 19:47:58] Watchdog check...
Cleanup hint: launchctl bootout gui/$UID/ai.openclaw.gateway
Cleanup hint: rm ~/Library/LaunchAgents/ai.openclaw.gateway.plist

Recommendation: run a single gateway per machine for most setups. One gateway supports multiple agents (see docs: /gateway#multiple-gateways-same-host).
If you need multiple gateways (e.g., a rescue bot on the same host), isolate ports + config/state (see docs: /gateway#multiple-gateways-same-host).

Troubles: run openclaw status
Troubleshooting: https://docs.openclaw.ai/troubleshooting
[2026-03-13 19:47:58] ✅ Gateway OK (RPC probe passed)
[2026-03-13 19:53:15] Watchdog check...
Cleanup hint: launchctl bootout gui/$UID/ai.openclaw.gateway
Cleanup hint: rm ~/Library/LaunchAgents/ai.openclaw.gateway.plist

Recommendation: run a single gateway per machine for most setups. One gateway supports multiple agents (see docs: /gateway#multiple-gateways-same-host).
If you need multiple gateways (e.g., a rescue bot on the same host), isolate ports + config/state (see docs: /gateway#multiple-gateways-same-host).

Troubles: run openclaw status
Troubleshooting: https://docs.openclaw.ai/troubleshooting
[2026-03-13 19:53:15] ✅ Gateway OK (RPC probe passed)
[2026-03-13 19:58:30] Watchdog check...
Cleanup hint: launchctl bootout gui/$UID/ai.openclaw.gateway
Cleanup hint: rm ~/Library/LaunchAgents/ai.openclaw.gateway.plist

Recommendation: run a single gateway per machine for most setups. One gateway supports multiple agents (see docs: /gateway#multiple-gateways-same-host).
If you need multiple gateways (e.g., a rescue bot on the same host), isolate ports + config/state (see docs: /gateway#multiple-gateways-same-host).

Troubles: run openclaw status
Troubleshooting: https://docs.openclaw.ai/troubleshooting
[2026-03-13 19:58:30] ✅ Gateway OK (RPC probe passed)
[2026-03-13 20:03:45] Watchdog check...
Cleanup hint: launchctl bootout gui/$UID/ai.openclaw.gateway
Cleanup hint: rm ~/Library/LaunchAgents/ai.openclaw.gateway.plist

Recommendation: run a single gateway per machine for most setups. One gateway supports multiple agents (see docs: /gateway#multiple-gateways-same-host).
If you need multiple gateways (e.g., a rescue bot on the same host), isolate ports + config/state (see docs: /gateway#multiple-gateways-same-host).

Troubles: run openclaw status
Troubleshooting: https://docs.openclaw.ai/troubleshooting
[2026-03-13 20:03:45] ✅ Gateway OK (RPC probe passed)
[2026-03-13 20:09:02] Watchdog check...
Cleanup hint: launchctl bootout gui/$UID/ai.openclaw.gateway
Cleanup hint: rm ~/Library/LaunchAgents/ai.openclaw.gateway.plist

Recommendation: run a single gateway per machine for most setups. One gateway supports multiple agents (see docs: /gateway#multiple-gateways-same-host).
If you need multiple gateways (e.g., a rescue bot on the same host), isolate ports + config/state (see docs: /gateway#multiple-gateways-same-host).

Troubles: run openclaw status
Troubleshooting: https://docs.openclaw.ai/troubleshooting
[2026-03-13 20:09:02] ✅ Gateway OK (RPC probe passed)
[2026-03-13 20:14:18] Watchdog check...
Cleanup hint: launchctl bootout gui/$UID/ai.openclaw.gateway
Cleanup hint: rm ~/Library/LaunchAgents/ai.openclaw.gateway.plist

Recommendation: run a single gateway per machine for most setups. One gateway supports multiple agents (see docs: /gateway#multiple-gateways-same-host).
If you need multiple gateways (e.g., a rescue bot on the same host), isolate ports + config/state (see docs: /gateway#multiple-gateways-same-host).

Troubles: run openclaw status
Troubleshooting: https://docs.openclaw.ai/troubleshooting
[2026-03-13 20:14:18] ✅ Gateway OK (RPC probe passed)
[2026-03-13 20:19:40] Watchdog check...
Cleanup hint: launchctl bootout gui/$UID/ai.openclaw.gateway
Cleanup hint: rm ~/Library/LaunchAgents/ai.openclaw.gateway.plist

Recommendation: run a single gateway per machine for most setups. One gateway supports multiple agents (see docs: /gateway#multiple-gateways-same-host).
If you need multiple gateways (e.g., a rescue bot on the same host), isolate ports + config/state (see docs: /gateway#multiple-gateways-same-host).

Troubles: run openclaw status
Troubleshooting: https://docs.openclaw.ai/troubleshooting
[2026-03-13 20:19:40] ✅ Gateway OK (RPC probe passed)
[2026-03-13 20:24:56] Watchdog check...
Cleanup hint: launchctl bootout gui/$UID/ai.openclaw.gateway
Cleanup hint: rm ~/Library/LaunchAgents/ai.openclaw.gateway.plist

Recommendation: run a single gateway per machine for most setups. One gateway supports multiple agents (see docs: /gateway#multiple-gateways-same-host).
If you need multiple gateways (e.g., a rescue bot on the same host), isolate ports + config/state (see docs: /gateway#multiple-gateways-same-host).

Troubles: run openclaw status
Troubleshooting: https://docs.openclaw.ai/troubleshooting
[2026-03-13 20:24:56] ✅ Gateway OK (RPC probe passed)
[2026-03-13 20:30:11] Watchdog check...
Cleanup hint: launchctl bootout gui/$UID/ai.openclaw.gateway
Cleanup hint: rm ~/Library/LaunchAgents/ai.openclaw.gateway.plist

Recommendation: run a single gateway per machine for most setups. One gateway supports multiple agents (see docs: /gateway#multiple-gateways-same-host).
If you need multiple gateways (e.g., a rescue bot on the same host), isolate ports + config/state (see docs: /gateway#multiple-gateways-same-host).

Troubles: run openclaw status
Troubleshooting: https://docs.openclaw.ai/troubleshooting
[2026-03-13 20:30:11] ✅ Gateway OK (RPC probe passed)
[2026-03-13 20:35:24] Watchdog check...
Cleanup hint: launchctl bootout gui/$UID/ai.openclaw.gateway
Cleanup hint: rm ~/Library/LaunchAgents/ai.openclaw.gateway.plist

Recommendation: run a single gateway per machine for most setups. One gateway supports multiple agents (see docs: /gateway#multiple-gateways-same-host).
If you need multiple gateways (e.g., a rescue bot on the same host), isolate ports + config/state (see docs: /gateway#multiple-gateways-same-host).

Troubles: run openclaw status
Troubleshooting: https://docs.openclaw.ai/troubleshooting
[2026-03-13 20:35:24] ✅ Gateway OK (RPC probe passed)
[2026-03-13 20:40:36] Watchdog check...
Cleanup hint: launchctl bootout gui/$UID/ai.openclaw.gateway
Cleanup hint: rm ~/Library/LaunchAgents/ai.openclaw.gateway.plist

Recommendation: run a single gateway per machine for most setups. One gateway supports multiple agents (see docs: /gateway#multiple-gateways-same-host).
If you need multiple gateways (e.g., a rescue bot on the same host), isolate ports + config/state (see docs: /gateway#multiple-gateways-same-host).

Troubles: run openclaw status
Troubleshooting: https://docs.openclaw.ai/troubleshooting
[2026-03-13 20:40:36] ✅ Gateway OK (RPC probe passed)
[2026-03-13 20:45:51] Watchdog check...
Cleanup hint: launchctl bootout gui/$UID/ai.openclaw.gateway
Cleanup hint: rm ~/Library/LaunchAgents/ai.openclaw.gateway.plist

Recommendation: run a single gateway per machine for most setups. One gateway supports multiple agents (see docs: /gateway#multiple-gateways-same-host).
If you need multiple gateways (e.g., a rescue bot on the same host), isolate ports + config/state (see docs: /gateway#multiple-gateways-same-host).

Troubles: run openclaw status
Troubleshooting: https://docs.openclaw.ai/troubleshooting
[2026-03-13 20:45:51] ✅ Gateway OK (RPC probe passed)
[2026-03-13 20:51:08] Watchdog check...
Cleanup hint: launchctl bootout gui/$UID/ai.openclaw.gateway
Cleanup hint: rm ~/Library/LaunchAgents/ai.openclaw.gateway.plist

Recommendation: run a single gateway per machine for most setups. One gateway supports multiple agents (see docs: /gateway#multiple-gateways-same-host).
If you need multiple gateways (e.g., a rescue bot on the same host), isolate ports + config/state (see docs: /gateway#multiple-gateways-same-host).

Troubles: run openclaw status
Troubleshooting: https://docs.openclaw.ai/troubleshooting
[2026-03-13 20:51:08] ✅ Gateway OK (RPC probe passed)
[2026-03-13 20:56:30] Watchdog check...
Cleanup hint: launchctl bootout gui/$UID/ai.openclaw.gateway
Cleanup hint: rm ~/Library/LaunchAgents/ai.openclaw.gateway.plist

Recommendation: run a single gateway per machine for most setups. One gateway supports multiple agents (see docs: /gateway#multiple-gateways-same-host).
If you need multiple gateways (e.g., a rescue bot on the same host), isolate ports + config/state (see docs: /gateway#multiple-gateways-same-host).

Troubles: run openclaw status
Troubleshooting: https://docs.openclaw.ai/troubleshooting
[2026-03-13 20:56:30] ✅ Gateway OK (RPC probe passed)
[2026-03-13 21:01:41] Watchdog check...
Cleanup hint: launchctl bootout gui/$UID/ai.openclaw.gateway
Cleanup hint: rm ~/Library/LaunchAgents/ai.openclaw.gateway.plist

Recommendation: run a single gateway per machine for most setups. One gateway supports multiple agents (see docs: /gateway#multiple-gateways-same-host).
If you need multiple gateways (e.g., a rescue bot on the same host), isolate ports + config/state (see docs: /gateway#multiple-gateways-same-host).

Troubles: run openclaw status
Troubleshooting: https://docs.openclaw.ai/troubleshooting
[2026-03-13 21:01:41] ✅ Gateway OK (RPC probe passed)
[2026-03-13 21:06:52] Watchdog check...
Cleanup hint: launchctl bootout gui/$UID/ai.openclaw.gateway
Cleanup hint: rm ~/Library/LaunchAgents/ai.openclaw.gateway.plist

Recommendation: run a single gateway per machine for most setups. One gateway supports multiple agents (see docs: /gateway#multiple-gateways-same-host).
If you need multiple gateways (e.g., a rescue bot on the same host), isolate ports + config/state (see docs: /gateway#multiple-gateways-same-host).

Troubles: run openclaw status
Troubleshooting: https://docs.openclaw.ai/troubleshooting
[2026-03-13 21:06:52] ✅ Gateway OK (RPC probe passed)
[2026-03-13 21:12:09] Watchdog check...
Cleanup hint: launchctl bootout gui/$UID/ai.openclaw.gateway
Cleanup hint: rm ~/Library/LaunchAgents/ai.openclaw.gateway.plist

Recommendation: run a single gateway per machine for most setups. One gateway supports multiple agents (see docs: /gateway#multiple-gateways-same-host).
If you need multiple gateways (e.g., a rescue bot on the same host), isolate ports + config/state (see docs: /gateway#multiple-gateways-same-host).

Troubles: run openclaw status
Troubleshooting: https://docs.openclaw.ai/troubleshooting
[2026-03-13 21:12:09] ✅ Gateway OK (RPC probe passed)
[2026-03-13 21:17:24] Watchdog check...
Cleanup hint: launchctl bootout gui/$UID/ai.openclaw.gateway
Cleanup hint: rm ~/Library/LaunchAgents/ai.openclaw.gateway.plist

Recommendation: run a single gateway per machine for most setups. One gateway supports multiple agents (see docs: /gateway#multiple-gateways-same-host).
If you need multiple gateways (e.g., a rescue bot on the same host), isolate ports + config/state (see docs: /gateway#multiple-gateways-same-host).

Troubles: run openclaw status
Troubleshooting: https://docs.openclaw.ai/troubleshooting
[2026-03-13 21:17:24] ✅ Gateway OK (RPC probe passed)
[2026-03-13 21:22:39] Watchdog check...
Cleanup hint: launchctl bootout gui/$UID/ai.openclaw.gateway
Cleanup hint: rm ~/Library/LaunchAgents/ai.openclaw.gateway.plist

Recommendation: run a single gateway per machine for most setups. One gateway supports multiple agents (see docs: /gateway#multiple-gateways-same-host).
If you need multiple gateways (e.g., a rescue bot on the same host), isolate ports + config/state (see docs: /gateway#multiple-gateways-same-host).

Troubles: run openclaw status
Troubleshooting: https://docs.openclaw.ai/troubleshooting
[2026-03-13 21:22:39] ✅ Gateway OK (RPC probe passed)
[2026-03-13 21:27:53] Watchdog check...
Cleanup hint: launchctl bootout gui/$UID/ai.openclaw.gateway
Cleanup hint: rm ~/Library/LaunchAgents/ai.openclaw.gateway.plist

Recommendation: run a single gateway per machine for most setups. One gateway supports multiple agents (see docs: /gateway#multiple-gateways-same-host).
If you need multiple gateways (e.g., a rescue bot on the same host), isolate ports + config/state (see docs: /gateway#multiple-gateways-same-host).

Troubles: run openclaw status
Troubleshooting: https://docs.openclaw.ai/troubleshooting
[2026-03-13 21:27:53] ✅ Gateway OK (RPC probe passed)
[2026-03-13 21:33:07] Watchdog check...
Cleanup hint: launchctl bootout gui/$UID/ai.openclaw.gateway
Cleanup hint: rm ~/Library/LaunchAgents/ai.openclaw.gateway.plist

Recommendation: run a single gateway per machine for most setups. One gateway supports multiple agents (see docs: /gateway#multiple-gateways-same-host).
If you need multiple gateways (e.g., a rescue bot on the same host), isolate ports + config/state (see docs: /gateway#multiple-gateways-same-host).

Troubles: run openclaw status
Troubleshooting: https://docs.openclaw.ai/troubleshooting
[2026-03-13 21:33:07] ✅ Gateway OK (RPC probe passed)
[2026-03-13 21:38:21] Watchdog check...
Cleanup hint: launchctl bootout gui/$UID/ai.openclaw.gateway
Cleanup hint: rm ~/Library/LaunchAgents/ai.openclaw.gateway.plist

Recommendation: run a single gateway per machine for most setups. One gateway supports multiple agents (see docs: /gateway#multiple-gateways-same-host).
If you need multiple gateways (e.g., a rescue bot on the same host), isolate ports + config/state (see docs: /gateway#multiple-gateways-same-host).

Troubles: run openclaw status
Troubleshooting: https://docs.openclaw.ai/troubleshooting
[2026-03-13 21:38:21] ✅ Gateway OK (RPC probe passed)
[2026-03-13 21:43:34] Watchdog check...
Cleanup hint: launchctl bootout gui/$UID/ai.openclaw.gateway
Cleanup hint: rm ~/Library/LaunchAgents/ai.openclaw.gateway.plist

Recommendation: run a single gateway per machine for most setups. One gateway supports multiple agents (see docs: /gateway#multiple-gateways-same-host).
If you need multiple gateways (e.g., a rescue bot on the same host), isolate ports + config/state (see docs: /gateway#multiple-gateways-same-host).

Troubles: run openclaw status
Troubleshooting: https://docs.openclaw.ai/troubleshooting
[2026-03-13 21:43:34] ✅ Gateway OK (RPC probe passed)
[2026-03-13 21:48:49] Watchdog check...
Cleanup hint: launchctl bootout gui/$UID/ai.openclaw.gateway
Cleanup hint: rm ~/Library/LaunchAgents/ai.openclaw.gateway.plist

Recommendation: run a single gateway per machine for most setups. One gateway supports multiple agents (see docs: /gateway#multiple-gateways-same-host).
If you need multiple gateways (e.g., a rescue bot on the same host), isolate ports + config/state (see docs: /gateway#multiple-gateways-same-host).

Troubles: run openclaw status
Troubleshooting: https://docs.openclaw.ai/troubleshooting
[2026-03-13 21:48:49] ✅ Gateway OK (RPC probe passed)
[2026-03-13 21:54:04] Watchdog check...
Cleanup hint: launchctl bootout gui/$UID/ai.openclaw.gateway
Cleanup hint: rm ~/Library/LaunchAgents/ai.openclaw.gateway.plist

Recommendation: run a single gateway per machine for most setups. One gateway supports multiple agents (see docs: /gateway#multiple-gateways-same-host).
If you need multiple gateways (e.g., a rescue bot on the same host), isolate ports + config/state (see docs: /gateway#multiple-gateways-same-host).

Troubles: run openclaw status
Troubleshooting: https://docs.openclaw.ai/troubleshooting
[2026-03-13 21:54:04] ✅ Gateway OK (RPC probe passed)
[2026-03-13 21:59:18] Watchdog check...
Cleanup hint: launchctl bootout gui/$UID/ai.openclaw.gateway
Cleanup hint: rm ~/Library/LaunchAgents/ai.openclaw.gateway.plist

Recommendation: run a single gateway per machine for most setups. One gateway supports multiple agents (see docs: /gateway#multiple-gateways-same-host).
If you need multiple gateways (e.g., a rescue bot on the same host), isolate ports + config/state (see docs: /gateway#multiple-gateways-same-host).

Troubles: run openclaw status
Troubleshooting: https://docs.openclaw.ai/troubleshooting
[2026-03-13 21:59:18] ✅ Gateway OK (RPC probe passed)
[2026-03-13 22:04:32] Watchdog check...
Cleanup hint: launchctl bootout gui/$UID/ai.openclaw.gateway
Cleanup hint: rm ~/Library/LaunchAgents/ai.openclaw.gateway.plist

Recommendation: run a single gateway per machine for most setups. One gateway supports multiple agents (see docs: /gateway#multiple-gateways-same-host).
If you need multiple gateways (e.g., a rescue bot on the same host), isolate ports + config/state (see docs: /gateway#multiple-gateways-same-host).

Troubles: run openclaw status
Troubleshooting: https://docs.openclaw.ai/troubleshooting
[2026-03-13 22:04:32] ✅ Gateway OK (RPC probe passed)
[2026-03-13 22:09:43] Watchdog check...
Cleanup hint: launchctl bootout gui/$UID/ai.openclaw.gateway
Cleanup hint: rm ~/Library/LaunchAgents/ai.openclaw.gateway.plist

Recommendation: run a single gateway per machine for most setups. One gateway supports multiple agents (see docs: /gateway#multiple-gateways-same-host).
If you need multiple gateways (e.g., a rescue bot on the same host), isolate ports + config/state (see docs: /gateway#multiple-gateways-same-host).

Troubles: run openclaw status
Troubleshooting: https://docs.openclaw.ai/troubleshooting
[2026-03-13 22:09:43] ✅ Gateway OK (RPC probe passed)
[2026-03-13 22:14:56] Watchdog check...
Cleanup hint: launchctl bootout gui/$UID/ai.openclaw.gateway
Cleanup hint: rm ~/Library/LaunchAgents/ai.openclaw.gateway.plist

Recommendation: run a single gateway per machine for most setups. One gateway supports multiple agents (see docs: /gateway#multiple-gateways-same-host).
If you need multiple gateways (e.g., a rescue bot on the same host), isolate ports + config/state (see docs: /gateway#multiple-gateways-same-host).

Troubles: run openclaw status
Troubleshooting: https://docs.openclaw.ai/troubleshooting
[2026-03-13 22:14:56] ✅ Gateway OK (RPC probe passed)
[2026-03-13 22:20:09] Watchdog check...
Cleanup hint: launchctl bootout gui/$UID/ai.openclaw.gateway
Cleanup hint: rm ~/Library/LaunchAgents/ai.openclaw.gateway.plist

Recommendation: run a single gateway per machine for most setups. One gateway supports multiple agents (see docs: /gateway#multiple-gateways-same-host).
If you need multiple gateways (e.g., a rescue bot on the same host), isolate ports + config/state (see docs: /gateway#multiple-gateways-same-host).

Troubles: run openclaw status
Troubleshooting: https://docs.openclaw.ai/troubleshooting
[2026-03-13 22:20:09] ✅ Gateway OK (RPC probe passed)
[2026-03-13 22:25:21] Watchdog check...
Cleanup hint: launchctl bootout gui/$UID/ai.openclaw.gateway
Cleanup hint: rm ~/Library/LaunchAgents/ai.openclaw.gateway.plist

Recommendation: run a single gateway per machine for most setups. One gateway supports multiple agents (see docs: /gateway#multiple-gateways-same-host).
If you need multiple gateways (e.g., a rescue bot on the same host), isolate ports + config/state (see docs: /gateway#multiple-gateways-same-host).

Troubles: run openclaw status
Troubleshooting: https://docs.openclaw.ai/troubleshooting
[2026-03-13 22:25:21] ✅ Gateway OK (RPC probe passed)
[2026-03-13 22:30:34] Watchdog check...
Cleanup hint: launchctl bootout gui/$UID/ai.openclaw.gateway
Cleanup hint: rm ~/Library/LaunchAgents/ai.openclaw.gateway.plist

Recommendation: run a single gateway per machine for most setups. One gateway supports multiple agents (see docs: /gateway#multiple-gateways-same-host).
If you need multiple gateways (e.g., a rescue bot on the same host), isolate ports + config/state (see docs: /gateway#multiple-gateways-same-host).

Troubles: run openclaw status
Troubleshooting: https://docs.openclaw.ai/troubleshooting
[2026-03-13 22:30:34] ✅ Gateway OK (RPC probe passed)
[2026-03-13 22:35:57] Watchdog check...
Cleanup hint: launchctl bootout gui/$UID/ai.openclaw.gateway
Cleanup hint: rm ~/Library/LaunchAgents/ai.openclaw.gateway.plist

Recommendation: run a single gateway per machine for most setups. One gateway supports multiple agents (see docs: /gateway#multiple-gateways-same-host).
If you need multiple gateways (e.g., a rescue bot on the same host), isolate ports + config/state (see docs: /gateway#multiple-gateways-same-host).

Troubles: run openclaw status
Troubleshooting: https://docs.openclaw.ai/troubleshooting
[2026-03-13 22:35:57] ✅ Gateway OK (RPC probe passed)
[2026-03-13 22:41:12] Watchdog check...
Cleanup hint: launchctl bootout gui/$UID/ai.openclaw.gateway
Cleanup hint: rm ~/Library/LaunchAgents/ai.openclaw.gateway.plist

Recommendation: run a single gateway per machine for most setups. One gateway supports multiple agents (see docs: /gateway#multiple-gateways-same-host).
If you need multiple gateways (e.g., a rescue bot on the same host), isolate ports + config/state (see docs: /gateway#multiple-gateways-same-host).

Troubles: run openclaw status
Troubleshooting: https://docs.openclaw.ai/troubleshooting
[2026-03-13 22:41:12] ✅ Gateway OK (RPC probe passed)
[2026-03-13 22:46:24] Watchdog check...
Cleanup hint: launchctl bootout gui/$UID/ai.openclaw.gateway
Cleanup hint: rm ~/Library/LaunchAgents/ai.openclaw.gateway.plist

Recommendation: run a single gateway per machine for most setups. One gateway supports multiple agents (see docs: /gateway#multiple-gateways-same-host).
If you need multiple gateways (e.g., a rescue bot on the same host), isolate ports + config/state (see docs: /gateway#multiple-gateways-same-host).

Troubles: run openclaw status
Troubleshooting: https://docs.openclaw.ai/troubleshooting
[2026-03-13 22:46:24] ✅ Gateway OK (RPC probe passed)
[2026-03-13 22:51:37] Watchdog check...
Cleanup hint: launchctl bootout gui/$UID/ai.openclaw.gateway
Cleanup hint: rm ~/Library/LaunchAgents/ai.openclaw.gateway.plist

Recommendation: run a single gateway per machine for most setups. One gateway supports multiple agents (see docs: /gateway#multiple-gateways-same-host).
If you need multiple gateways (e.g., a rescue bot on the same host), isolate ports + config/state (see docs: /gateway#multiple-gateways-same-host).

Troubles: run openclaw status
Troubleshooting: https://docs.openclaw.ai/troubleshooting
[2026-03-13 22:51:37] ✅ Gateway OK (RPC probe passed)
[2026-03-13 22:56:49] Watchdog check...
Cleanup hint: launchctl bootout gui/$UID/ai.openclaw.gateway
Cleanup hint: rm ~/Library/LaunchAgents/ai.openclaw.gateway.plist

Recommendation: run a single gateway per machine for most setups. One gateway supports multiple agents (see docs: /gateway#multiple-gateways-same-host).
If you need multiple gateways (e.g., a rescue bot on the same host), isolate ports + config/state (see docs: /gateway#multiple-gateways-same-host).

Troubles: run openclaw status
Troubleshooting: https://docs.openclaw.ai/troubleshooting
[2026-03-13 22:56:49] ✅ Gateway OK (RPC probe passed)
[2026-03-13 23:02:01] Watchdog check...
Cleanup hint: launchctl bootout gui/$UID/ai.openclaw.gateway
Cleanup hint: rm ~/Library/LaunchAgents/ai.openclaw.gateway.plist

Recommendation: run a single gateway per machine for most setups. One gateway supports multiple agents (see docs: /gateway#multiple-gateways-same-host).
If you need multiple gateways (e.g., a rescue bot on the same host), isolate ports + config/state (see docs: /gateway#multiple-gateways-same-host).

Troubles: run openclaw status
Troubleshooting: https://docs.openclaw.ai/troubleshooting
[2026-03-13 23:02:01] ✅ Gateway OK (RPC probe passed)
[2026-03-13 23:07:14] Watchdog check...
Cleanup hint: launchctl bootout gui/$UID/ai.openclaw.gateway
Cleanup hint: rm ~/Library/LaunchAgents/ai.openclaw.gateway.plist

Recommendation: run a single gateway per machine for most setups. One gateway supports multiple agents (see docs: /gateway#multiple-gateways-same-host).
If you need multiple gateways (e.g., a rescue bot on the same host), isolate ports + config/state (see docs: /gateway#multiple-gateways-same-host).

Troubles: run openclaw status
Troubleshooting: https://docs.openclaw.ai/troubleshooting
[2026-03-13 23:07:14] ✅ Gateway OK (RPC probe passed)
[2026-03-13 23:12:26] Watchdog check...
Cleanup hint: launchctl bootout gui/$UID/ai.openclaw.gateway
Cleanup hint: rm ~/Library/LaunchAgents/ai.openclaw.gateway.plist

Recommendation: run a single gateway per machine for most setups. One gateway supports multiple agents (see docs: /gateway#multiple-gateways-same-host).
If you need multiple gateways (e.g., a rescue bot on the same host), isolate ports + config/state (see docs: /gateway#multiple-gateways-same-host).

Troubles: run openclaw status
Troubleshooting: https://docs.openclaw.ai/troubleshooting
[2026-03-13 23:12:26] ✅ Gateway OK (RPC probe passed)
[2026-03-13 23:17:38] Watchdog check...
Cleanup hint: launchctl bootout gui/$UID/ai.openclaw.gateway
Cleanup hint: rm ~/Library/LaunchAgents/ai.openclaw.gateway.plist

Recommendation: run a single gateway per machine for most setups. One gateway supports multiple agents (see docs: /gateway#multiple-gateways-same-host).
If you need multiple gateways (e.g., a rescue bot on the same host), isolate ports + config/state (see docs: /gateway#multiple-gateways-same-host).

Troubles: run openclaw status
Troubleshooting: https://docs.openclaw.ai/troubleshooting
[2026-03-13 23:17:38] ✅ Gateway OK (RPC probe passed)
[2026-03-13 23:22:53] Watchdog check...
Cleanup hint: launchctl bootout gui/$UID/ai.openclaw.gateway
Cleanup hint: rm ~/Library/LaunchAgents/ai.openclaw.gateway.plist

Recommendation: run a single gateway per machine for most setups. One gateway supports multiple agents (see docs: /gateway#multiple-gateways-same-host).
If you need multiple gateways (e.g., a rescue bot on the same host), isolate ports + config/state (see docs: /gateway#multiple-gateways-same-host).

Troubles: run openclaw status
Troubleshooting: https://docs.openclaw.ai/troubleshooting
[2026-03-13 23:22:53] ✅ Gateway OK (RPC probe passed)
[2026-03-13 23:28:06] Watchdog check...
Cleanup hint: launchctl bootout gui/$UID/ai.openclaw.gateway
Cleanup hint: rm ~/Library/LaunchAgents/ai.openclaw.gateway.plist

Recommendation: run a single gateway per machine for most setups. One gateway supports multiple agents (see docs: /gateway#multiple-gateways-same-host).
If you need multiple gateways (e.g., a rescue bot on the same host), isolate ports + config/state (see docs: /gateway#multiple-gateways-same-host).

Troubles: run openclaw status
Troubleshooting: https://docs.openclaw.ai/troubleshooting
[2026-03-13 23:28:06] ✅ Gateway OK (RPC probe passed)
[2026-03-13 23:33:20] Watchdog check...
Cleanup hint: launchctl bootout gui/$UID/ai.openclaw.gateway
Cleanup hint: rm ~/Library/LaunchAgents/ai.openclaw.gateway.plist

Recommendation: run a single gateway per machine for most setups. One gateway supports multiple agents (see docs: /gateway#multiple-gateways-same-host).
If you need multiple gateways (e.g., a rescue bot on the same host), isolate ports + config/state (see docs: /gateway#multiple-gateways-same-host).

Troubles: run openclaw status
Troubleshooting: https://docs.openclaw.ai/troubleshooting
[2026-03-13 23:33:20] ✅ Gateway OK (RPC probe passed)
[2026-03-13 23:38:33] Watchdog check...
Cleanup hint: launchctl bootout gui/$UID/ai.openclaw.gateway
Cleanup hint: rm ~/Library/LaunchAgents/ai.openclaw.gateway.plist

Recommendation: run a single gateway per machine for most setups. One gateway supports multiple agents (see docs: /gateway#multiple-gateways-same-host).
If you need multiple gateways (e.g., a rescue bot on the same host), isolate ports + config/state (see docs: /gateway#multiple-gateways-same-host).

Troubles: run openclaw status
Troubleshooting: https://docs.openclaw.ai/troubleshooting
[2026-03-13 23:38:33] ✅ Gateway OK (RPC probe passed)
[2026-03-13 23:43:47] Watchdog check...
Cleanup hint: launchctl bootout gui/$UID/ai.openclaw.gateway
Cleanup hint: rm ~/Library/LaunchAgents/ai.openclaw.gateway.plist

Recommendation: run a single gateway per machine for most setups. One gateway supports multiple agents (see docs: /gateway#multiple-gateways-same-host).
If you need multiple gateways (e.g., a rescue bot on the same host), isolate ports + config/state (see docs: /gateway#multiple-gateways-same-host).

Troubles: run openclaw status
Troubleshooting: https://docs.openclaw.ai/troubleshooting
[2026-03-13 23:43:47] ✅ Gateway OK (RPC probe passed)
[2026-03-13 23:49:00] Watchdog check...
Cleanup hint: launchctl bootout gui/$UID/ai.openclaw.gateway
Cleanup hint: rm ~/Library/LaunchAgents/ai.openclaw.gateway.plist

Recommendation: run a single gateway per machine for most setups. One gateway supports multiple agents (see docs: /gateway#multiple-gateways-same-host).
If you need multiple gateways (e.g., a rescue bot on the same host), isolate ports + config/state (see docs: /gateway#multiple-gateways-same-host).

Troubles: run openclaw status
Troubleshooting: https://docs.openclaw.ai/troubleshooting
[2026-03-13 23:49:00] ✅ Gateway OK (RPC probe passed)
[2026-03-13 23:54:15] Watchdog check...
Cleanup hint: launchctl bootout gui/$UID/ai.openclaw.gateway
Cleanup hint: rm ~/Library/LaunchAgents/ai.openclaw.gateway.plist

Recommendation: run a single gateway per machine for most setups. One gateway supports multiple agents (see docs: /gateway#multiple-gateways-same-host).
If you need multiple gateways (e.g., a rescue bot on the same host), isolate ports + config/state (see docs: /gateway#multiple-gateways-same-host).

Troubles: run openclaw status
Troubleshooting: https://docs.openclaw.ai/troubleshooting
[2026-03-13 23:54:15] ✅ Gateway OK (RPC probe passed)
[2026-03-13 23:59:28] Watchdog check...
Cleanup hint: launchctl bootout gui/$UID/ai.openclaw.gateway
Cleanup hint: rm ~/Library/LaunchAgents/ai.openclaw.gateway.plist

Recommendation: run a single gateway per machine for most setups. One gateway supports multiple agents (see docs: /gateway#multiple-gateways-same-host).
If you need multiple gateways (e.g., a rescue bot on the same host), isolate ports + config/state (see docs: /gateway#multiple-gateways-same-host).

Troubles: run openclaw status
Troubleshooting: https://docs.openclaw.ai/troubleshooting
[2026-03-13 23:59:28] ✅ Gateway OK (RPC probe passed)
[2026-03-14 00:04:40] Watchdog check...
Cleanup hint: launchctl bootout gui/$UID/ai.openclaw.gateway
Cleanup hint: rm ~/Library/LaunchAgents/ai.openclaw.gateway.plist

Recommendation: run a single gateway per machine for most setups. One gateway supports multiple agents (see docs: /gateway#multiple-gateways-same-host).
If you need multiple gateways (e.g., a rescue bot on the same host), isolate ports + config/state (see docs: /gateway#multiple-gateways-same-host).

Troubles: run openclaw status
Troubleshooting: https://docs.openclaw.ai/troubleshooting
[2026-03-14 00:04:40] ✅ Gateway OK (RPC probe passed)
[2026-03-14 00:09:52] Watchdog check...
Cleanup hint: launchctl bootout gui/$UID/ai.openclaw.gateway
Cleanup hint: rm ~/Library/LaunchAgents/ai.openclaw.gateway.plist

Recommendation: run a single gateway per machine for most setups. One gateway supports multiple agents (see docs: /gateway#multiple-gateways-same-host).
If you need multiple gateways (e.g., a rescue bot on the same host), isolate ports + config/state (see docs: /gateway#multiple-gateways-same-host).

Troubles: run openclaw status
Troubleshooting: https://docs.openclaw.ai/troubleshooting
[2026-03-14 00:09:52] ✅ Gateway OK (RPC probe passed)
[2026-03-14 00:15:07] Watchdog check...
Cleanup hint: launchctl bootout gui/$UID/ai.openclaw.gateway
Cleanup hint: rm ~/Library/LaunchAgents/ai.openclaw.gateway.plist

Recommendation: run a single gateway per machine for most setups. One gateway supports multiple agents (see docs: /gateway#multiple-gateways-same-host).
If you need multiple gateways (e.g., a rescue bot on the same host), isolate ports + config/state (see docs: /gateway#multiple-gateways-same-host).

Troubles: run openclaw status
Troubleshooting: https://docs.openclaw.ai/troubleshooting
[2026-03-14 00:15:07] ✅ Gateway OK (RPC probe passed)
[2026-03-14 00:20:20] Watchdog check...
Cleanup hint: launchctl bootout gui/$UID/ai.openclaw.gateway
Cleanup hint: rm ~/Library/LaunchAgents/ai.openclaw.gateway.plist

Recommendation: run a single gateway per machine for most setups. One gateway supports multiple agents (see docs: /gateway#multiple-gateways-same-host).
If you need multiple gateways (e.g., a rescue bot on the same host), isolate ports + config/state (see docs: /gateway#multiple-gateways-same-host).

Troubles: run openclaw status
Troubleshooting: https://docs.openclaw.ai/troubleshooting
[2026-03-14 00:20:20] ✅ Gateway OK (RPC probe passed)
[2026-03-14 00:25:33] Watchdog check...
Cleanup hint: launchctl bootout gui/$UID/ai.openclaw.gateway
Cleanup hint: rm ~/Library/LaunchAgents/ai.openclaw.gateway.plist

Recommendation: run a single gateway per machine for most setups. One gateway supports multiple agents (see docs: /gateway#multiple-gateways-same-host).
If you need multiple gateways (e.g., a rescue bot on the same host), isolate ports + config/state (see docs: /gateway#multiple-gateways-same-host).

Troubles: run openclaw status
Troubleshooting: https://docs.openclaw.ai/troubleshooting
[2026-03-14 00:25:33] ✅ Gateway OK (RPC probe passed)
[2026-03-14 00:30:46] Watchdog check...
Cleanup hint: launchctl bootout gui/$UID/ai.openclaw.gateway
Cleanup hint: rm ~/Library/LaunchAgents/ai.openclaw.gateway.plist

Recommendation: run a single gateway per machine for most setups. One gateway supports multiple agents (see docs: /gateway#multiple-gateways-same-host).
If you need multiple gateways (e.g., a rescue bot on the same host), isolate ports + config/state (see docs: /gateway#multiple-gateways-same-host).

Troubles: run openclaw status
Troubleshooting: https://docs.openclaw.ai/troubleshooting
[2026-03-14 00:30:46] ✅ Gateway OK (RPC probe passed)
[2026-03-14 00:35:59] Watchdog check...
Cleanup hint: launchctl bootout gui/$UID/ai.openclaw.gateway
Cleanup hint: rm ~/Library/LaunchAgents/ai.openclaw.gateway.plist

Recommendation: run a single gateway per machine for most setups. One gateway supports multiple agents (see docs: /gateway#multiple-gateways-same-host).
If you need multiple gateways (e.g., a rescue bot on the same host), isolate ports + config/state (see docs: /gateway#multiple-gateways-same-host).

Troubles: run openclaw status
Troubleshooting: https://docs.openclaw.ai/troubleshooting
[2026-03-14 00:35:59] ✅ Gateway OK (RPC probe passed)
[2026-03-14 00:41:11] Watchdog check...
Cleanup hint: launchctl bootout gui/$UID/ai.openclaw.gateway
Cleanup hint: rm ~/Library/LaunchAgents/ai.openclaw.gateway.plist

Recommendation: run a single gateway per machine for most setups. One gateway supports multiple agents (see docs: /gateway#multiple-gateways-same-host).
If you need multiple gateways (e.g., a rescue bot on the same host), isolate ports + config/state (see docs: /gateway#multiple-gateways-same-host).

Troubles: run openclaw status
Troubleshooting: https://docs.openclaw.ai/troubleshooting
[2026-03-14 00:41:11] ✅ Gateway OK (RPC probe passed)
[2026-03-14 00:46:24] Watchdog check...
Cleanup hint: launchctl bootout gui/$UID/ai.openclaw.gateway
Cleanup hint: rm ~/Library/LaunchAgents/ai.openclaw.gateway.plist

Recommendation: run a single gateway per machine for most setups. One gateway supports multiple agents (see docs: /gateway#multiple-gateways-same-host).
If you need multiple gateways (e.g., a rescue bot on the same host), isolate ports + config/state (see docs: /gateway#multiple-gateways-same-host).

Troubles: run openclaw status
Troubleshooting: https://docs.openclaw.ai/troubleshooting
[2026-03-14 00:46:24] ✅ Gateway OK (RPC probe passed)
[2026-03-14 00:51:37] Watchdog check...
Cleanup hint: launchctl bootout gui/$UID/ai.openclaw.gateway
Cleanup hint: rm ~/Library/LaunchAgents/ai.openclaw.gateway.plist

Recommendation: run a single gateway per machine for most setups. One gateway supports multiple agents (see docs: /gateway#multiple-gateways-same-host).
If you need multiple gateways (e.g., a rescue bot on the same host), isolate ports + config/state (see docs: /gateway#multiple-gateways-same-host).

Troubles: run openclaw status
Troubleshooting: https://docs.openclaw.ai/troubleshooting
[2026-03-14 00:51:37] ✅ Gateway OK (RPC probe passed)
[2026-03-14 00:56:50] Watchdog check...
Cleanup hint: launchctl bootout gui/$UID/ai.openclaw.gateway
Cleanup hint: rm ~/Library/LaunchAgents/ai.openclaw.gateway.plist

Recommendation: run a single gateway per machine for most setups. One gateway supports multiple agents (see docs: /gateway#multiple-gateways-same-host).
If you need multiple gateways (e.g., a rescue bot on the same host), isolate ports + config/state (see docs: /gateway#multiple-gateways-same-host).

Troubles: run openclaw status
Troubleshooting: https://docs.openclaw.ai/troubleshooting
[2026-03-14 00:56:50] ✅ Gateway OK (RPC probe passed)
[2026-03-14 01:02:03] Watchdog check...
Cleanup hint: launchctl bootout gui/$UID/ai.openclaw.gateway
Cleanup hint: rm ~/Library/LaunchAgents/ai.openclaw.gateway.plist

Recommendation: run a single gateway per machine for most setups. One gateway supports multiple agents (see docs: /gateway#multiple-gateways-same-host).
If you need multiple gateways (e.g., a rescue bot on the same host), isolate ports + config/state (see docs: /gateway#multiple-gateways-same-host).

Troubles: run openclaw status
Troubleshooting: https://docs.openclaw.ai/troubleshooting
[2026-03-14 01:02:03] ✅ Gateway OK (RPC probe passed)
[2026-03-14 01:07:15] Watchdog check...
Cleanup hint: launchctl bootout gui/$UID/ai.openclaw.gateway
Cleanup hint: rm ~/Library/LaunchAgents/ai.openclaw.gateway.plist

Recommendation: run a single gateway per machine for most setups. One gateway supports multiple agents (see docs: /gateway#multiple-gateways-same-host).
If you need multiple gateways (e.g., a rescue bot on the same host), isolate ports + config/state (see docs: /gateway#multiple-gateways-same-host).

Troubles: run openclaw status
Troubleshooting: https://docs.openclaw.ai/troubleshooting
[2026-03-14 01:07:15] ✅ Gateway OK (RPC probe passed)
[2026-03-14 01:12:29] Watchdog check...
Cleanup hint: launchctl bootout gui/$UID/ai.openclaw.gateway
Cleanup hint: rm ~/Library/LaunchAgents/ai.openclaw.gateway.plist

Recommendation: run a single gateway per machine for most setups. One gateway supports multiple agents (see docs: /gateway#multiple-gateways-same-host).
If you need multiple gateways (e.g., a rescue bot on the same host), isolate ports + config/state (see docs: /gateway#multiple-gateways-same-host).

Troubles: run openclaw status
Troubleshooting: https://docs.openclaw.ai/troubleshooting
[2026-03-14 01:12:29] ✅ Gateway OK (RPC probe passed)
[2026-03-14 01:17:42] Watchdog check...
Cleanup hint: launchctl bootout gui/$UID/ai.openclaw.gateway
Cleanup hint: rm ~/Library/LaunchAgents/ai.openclaw.gateway.plist

Recommendation: run a single gateway per machine for most setups. One gateway supports multiple agents (see docs: /gateway#multiple-gateways-same-host).
If you need multiple gateways (e.g., a rescue bot on the same host), isolate ports + config/state (see docs: /gateway#multiple-gateways-same-host).

Troubles: run openclaw status
Troubleshooting: https://docs.openclaw.ai/troubleshooting
[2026-03-14 01:17:42] ✅ Gateway OK (RPC probe passed)
[2026-03-14 01:22:54] Watchdog check...
Cleanup hint: launchctl bootout gui/$UID/ai.openclaw.gateway
Cleanup hint: rm ~/Library/LaunchAgents/ai.openclaw.gateway.plist

Recommendation: run a single gateway per machine for most setups. One gateway supports multiple agents (see docs: /gateway#multiple-gateways-same-host).
If you need multiple gateways (e.g., a rescue bot on the same host), isolate ports + config/state (see docs: /gateway#multiple-gateways-same-host).

Troubles: run openclaw status
Troubleshooting: https://docs.openclaw.ai/troubleshooting
[2026-03-14 01:22:54] ✅ Gateway OK (RPC probe passed)
[2026-03-14 01:28:07] Watchdog check...
Cleanup hint: launchctl bootout gui/$UID/ai.openclaw.gateway
Cleanup hint: rm ~/Library/LaunchAgents/ai.openclaw.gateway.plist

Recommendation: run a single gateway per machine for most setups. One gateway supports multiple agents (see docs: /gateway#multiple-gateways-same-host).
If you need multiple gateways (e.g., a rescue bot on the same host), isolate ports + config/state (see docs: /gateway#multiple-gateways-same-host).

Troubles: run openclaw status
Troubleshooting: https://docs.openclaw.ai/troubleshooting
[2026-03-14 01:28:07] ✅ Gateway OK (RPC probe passed)
[2026-03-14 01:33:20] Watchdog check...
Cleanup hint: launchctl bootout gui/$UID/ai.openclaw.gateway
Cleanup hint: rm ~/Library/LaunchAgents/ai.openclaw.gateway.plist

Recommendation: run a single gateway per machine for most setups. One gateway supports multiple agents (see docs: /gateway#multiple-gateways-same-host).
If you need multiple gateways (e.g., a rescue bot on the same host), isolate ports + config/state (see docs: /gateway#multiple-gateways-same-host).

Troubles: run openclaw status
Troubleshooting: https://docs.openclaw.ai/troubleshooting
[2026-03-14 01:33:20] ✅ Gateway OK (RPC probe passed)
[2026-03-14 01:38:32] Watchdog check...
Cleanup hint: launchctl bootout gui/$UID/ai.openclaw.gateway
Cleanup hint: rm ~/Library/LaunchAgents/ai.openclaw.gateway.plist

Recommendation: run a single gateway per machine for most setups. One gateway supports multiple agents (see docs: /gateway#multiple-gateways-same-host).
If you need multiple gateways (e.g., a rescue bot on the same host), isolate ports + config/state (see docs: /gateway#multiple-gateways-same-host).

Troubles: run openclaw status
Troubleshooting: https://docs.openclaw.ai/troubleshooting
[2026-03-14 01:38:32] ✅ Gateway OK (RPC probe passed)
[2026-03-14 01:43:44] Watchdog check...
Cleanup hint: launchctl bootout gui/$UID/ai.openclaw.gateway
Cleanup hint: rm ~/Library/LaunchAgents/ai.openclaw.gateway.plist

Recommendation: run a single gateway per machine for most setups. One gateway supports multiple agents (see docs: /gateway#multiple-gateways-same-host).
If you need multiple gateways (e.g., a rescue bot on the same host), isolate ports + config/state (see docs: /gateway#multiple-gateways-same-host).

Troubles: run openclaw status
Troubleshooting: https://docs.openclaw.ai/troubleshooting
[2026-03-14 01:43:44] ✅ Gateway OK (RPC probe passed)
[2026-03-14 01:48:57] Watchdog check...
Cleanup hint: launchctl bootout gui/$UID/ai.openclaw.gateway
Cleanup hint: rm ~/Library/LaunchAgents/ai.openclaw.gateway.plist

Recommendation: run a single gateway per machine for most setups. One gateway supports multiple agents (see docs: /gateway#multiple-gateways-same-host).
If you need multiple gateways (e.g., a rescue bot on the same host), isolate ports + config/state (see docs: /gateway#multiple-gateways-same-host).

Troubles: run openclaw status
Troubleshooting: https://docs.openclaw.ai/troubleshooting
[2026-03-14 01:48:57] ✅ Gateway OK (RPC probe passed)
[2026-03-14 01:54:09] Watchdog check...
Cleanup hint: launchctl bootout gui/$UID/ai.openclaw.gateway
Cleanup hint: rm ~/Library/LaunchAgents/ai.openclaw.gateway.plist

Recommendation: run a single gateway per machine for most setups. One gateway supports multiple agents (see docs: /gateway#multiple-gateways-same-host).
If you need multiple gateways (e.g., a rescue bot on the same host), isolate ports + config/state (see docs: /gateway#multiple-gateways-same-host).

Troubles: run openclaw status
Troubleshooting: https://docs.openclaw.ai/troubleshooting
[2026-03-14 01:54:09] ✅ Gateway OK (RPC probe passed)
[2026-03-14 01:59:22] Watchdog check...
Cleanup hint: launchctl bootout gui/$UID/ai.openclaw.gateway
Cleanup hint: rm ~/Library/LaunchAgents/ai.openclaw.gateway.plist

Recommendation: run a single gateway per machine for most setups. One gateway supports multiple agents (see docs: /gateway#multiple-gateways-same-host).
If you need multiple gateways (e.g., a rescue bot on the same host), isolate ports + config/state (see docs: /gateway#multiple-gateways-same-host).

Troubles: run openclaw status
Troubleshooting: https://docs.openclaw.ai/troubleshooting
[2026-03-14 01:59:22] ✅ Gateway OK (RPC probe passed)
[2026-03-14 02:04:35] Watchdog check...
Cleanup hint: launchctl bootout gui/$UID/ai.openclaw.gateway
Cleanup hint: rm ~/Library/LaunchAgents/ai.openclaw.gateway.plist

Recommendation: run a single gateway per machine for most setups. One gateway supports multiple agents (see docs: /gateway#multiple-gateways-same-host).
If you need multiple gateways (e.g., a rescue bot on the same host), isolate ports + config/state (see docs: /gateway#multiple-gateways-same-host).

Troubles: run openclaw status
Troubleshooting: https://docs.openclaw.ai/troubleshooting
[2026-03-14 02:04:35] ✅ Gateway OK (RPC probe passed)
[2026-03-14 02:09:47] Watchdog check...
Cleanup hint: launchctl bootout gui/$UID/ai.openclaw.gateway
Cleanup hint: rm ~/Library/LaunchAgents/ai.openclaw.gateway.plist

Recommendation: run a single gateway per machine for most setups. One gateway supports multiple agents (see docs: /gateway#multiple-gateways-same-host).
If you need multiple gateways (e.g., a rescue bot on the same host), isolate ports + config/state (see docs: /gateway#multiple-gateways-same-host).

Troubles: run openclaw status
Troubleshooting: https://docs.openclaw.ai/troubleshooting
[2026-03-14 02:09:47] ✅ Gateway OK (RPC probe passed)
[2026-03-14 02:15:00] Watchdog check...
Cleanup hint: launchctl bootout gui/$UID/ai.openclaw.gateway
Cleanup hint: rm ~/Library/LaunchAgents/ai.openclaw.gateway.plist

Recommendation: run a single gateway per machine for most setups. One gateway supports multiple agents (see docs: /gateway#multiple-gateways-same-host).
If you need multiple gateways (e.g., a rescue bot on the same host), isolate ports + config/state (see docs: /gateway#multiple-gateways-same-host).

Troubles: run openclaw status
Troubleshooting: https://docs.openclaw.ai/troubleshooting
[2026-03-14 02:15:00] ✅ Gateway OK (RPC probe passed)
[2026-03-14 02:20:13] Watchdog check...
Cleanup hint: launchctl bootout gui/$UID/ai.openclaw.gateway
Cleanup hint: rm ~/Library/LaunchAgents/ai.openclaw.gateway.plist

Recommendation: run a single gateway per machine for most setups. One gateway supports multiple agents (see docs: /gateway#multiple-gateways-same-host).
If you need multiple gateways (e.g., a rescue bot on the same host), isolate ports + config/state (see docs: /gateway#multiple-gateways-same-host).

Troubles: run openclaw status
Troubleshooting: https://docs.openclaw.ai/troubleshooting
[2026-03-14 02:20:13] ✅ Gateway OK (RPC probe passed)
[2026-03-14 02:25:26] Watchdog check...
Cleanup hint: launchctl bootout gui/$UID/ai.openclaw.gateway
Cleanup hint: rm ~/Library/LaunchAgents/ai.openclaw.gateway.plist

Recommendation: run a single gateway per machine for most setups. One gateway supports multiple agents (see docs: /gateway#multiple-gateways-same-host).
If you need multiple gateways (e.g., a rescue bot on the same host), isolate ports + config/state (see docs: /gateway#multiple-gateways-same-host).

Troubles: run openclaw status
Troubleshooting: https://docs.openclaw.ai/troubleshooting
[2026-03-14 02:25:26] ✅ Gateway OK (RPC probe passed)
[2026-03-14 02:30:39] Watchdog check...
Cleanup hint: launchctl bootout gui/$UID/ai.openclaw.gateway
Cleanup hint: rm ~/Library/LaunchAgents/ai.openclaw.gateway.plist

Recommendation: run a single gateway per machine for most setups. One gateway supports multiple agents (see docs: /gateway#multiple-gateways-same-host).
If you need multiple gateways (e.g., a rescue bot on the same host), isolate ports + config/state (see docs: /gateway#multiple-gateways-same-host).

Troubles: run openclaw status
Troubleshooting: https://docs.openclaw.ai/troubleshooting
[2026-03-14 02:30:39] ✅ Gateway OK (RPC probe passed)
[2026-03-14 02:35:51] Watchdog check...
Cleanup hint: launchctl bootout gui/$UID/ai.openclaw.gateway
Cleanup hint: rm ~/Library/LaunchAgents/ai.openclaw.gateway.plist

Recommendation: run a single gateway per machine for most setups. One gateway supports multiple agents (see docs: /gateway#multiple-gateways-same-host).
If you need multiple gateways (e.g., a rescue bot on the same host), isolate ports + config/state (see docs: /gateway#multiple-gateways-same-host).

Troubles: run openclaw status
Troubleshooting: https://docs.openclaw.ai/troubleshooting
[2026-03-14 02:35:51] ✅ Gateway OK (RPC probe passed)
[2026-03-14 02:41:04] Watchdog check...
Cleanup hint: launchctl bootout gui/$UID/ai.openclaw.gateway
Cleanup hint: rm ~/Library/LaunchAgents/ai.openclaw.gateway.plist

Recommendation: run a single gateway per machine for most setups. One gateway supports multiple agents (see docs: /gateway#multiple-gateways-same-host).
If you need multiple gateways (e.g., a rescue bot on the same host), isolate ports + config/state (see docs: /gateway#multiple-gateways-same-host).

Troubles: run openclaw status
Troubleshooting: https://docs.openclaw.ai/troubleshooting
[2026-03-14 02:41:04] ✅ Gateway OK (RPC probe passed)
[2026-03-14 02:46:16] Watchdog check...
Cleanup hint: launchctl bootout gui/$UID/ai.openclaw.gateway
Cleanup hint: rm ~/Library/LaunchAgents/ai.openclaw.gateway.plist

Recommendation: run a single gateway per machine for most setups. One gateway supports multiple agents (see docs: /gateway#multiple-gateways-same-host).
If you need multiple gateways (e.g., a rescue bot on the same host), isolate ports + config/state (see docs: /gateway#multiple-gateways-same-host).

Troubles: run openclaw status
Troubleshooting: https://docs.openclaw.ai/troubleshooting
[2026-03-14 02:46:16] ✅ Gateway OK (RPC probe passed)
[2026-03-14 02:51:28] Watchdog check...
Cleanup hint: launchctl bootout gui/$UID/ai.openclaw.gateway
Cleanup hint: rm ~/Library/LaunchAgents/ai.openclaw.gateway.plist

Recommendation: run a single gateway per machine for most setups. One gateway supports multiple agents (see docs: /gateway#multiple-gateways-same-host).
If you need multiple gateways (e.g., a rescue bot on the same host), isolate ports + config/state (see docs: /gateway#multiple-gateways-same-host).

Troubles: run openclaw status
Troubleshooting: https://docs.openclaw.ai/troubleshooting
[2026-03-14 02:51:28] ✅ Gateway OK (RPC probe passed)
[2026-03-14 02:56:46] Watchdog check...
Cleanup hint: launchctl bootout gui/$UID/ai.openclaw.gateway
Cleanup hint: rm ~/Library/LaunchAgents/ai.openclaw.gateway.plist

Recommendation: run a single gateway per machine for most setups. One gateway supports multiple agents (see docs: /gateway#multiple-gateways-same-host).
If you need multiple gateways (e.g., a rescue bot on the same host), isolate ports + config/state (see docs: /gateway#multiple-gateways-same-host).

Troubles: run openclaw status
Troubleshooting: https://docs.openclaw.ai/troubleshooting
[2026-03-14 02:56:46] ✅ Gateway OK (RPC probe passed)
[2026-03-14 03:02:00] Watchdog check...
Cleanup hint: launchctl bootout gui/$UID/ai.openclaw.gateway
Cleanup hint: rm ~/Library/LaunchAgents/ai.openclaw.gateway.plist

Recommendation: run a single gateway per machine for most setups. One gateway supports multiple agents (see docs: /gateway#multiple-gateways-same-host).
If you need multiple gateways (e.g., a rescue bot on the same host), isolate ports + config/state (see docs: /gateway#multiple-gateways-same-host).

Troubles: run openclaw status
Troubleshooting: https://docs.openclaw.ai/troubleshooting
[2026-03-14 03:02:00] ✅ Gateway OK (RPC probe passed)
[2026-03-14 03:07:12] Watchdog check...
Cleanup hint: launchctl bootout gui/$UID/ai.openclaw.gateway
Cleanup hint: rm ~/Library/LaunchAgents/ai.openclaw.gateway.plist

Recommendation: run a single gateway per machine for most setups. One gateway supports multiple agents (see docs: /gateway#multiple-gateways-same-host).
If you need multiple gateways (e.g., a rescue bot on the same host), isolate ports + config/state (see docs: /gateway#multiple-gateways-same-host).

Troubles: run openclaw status
Troubleshooting: https://docs.openclaw.ai/troubleshooting
[2026-03-14 03:07:12] ✅ Gateway OK (RPC probe passed)
[2026-03-14 03:12:26] Watchdog check...
Cleanup hint: launchctl bootout gui/$UID/ai.openclaw.gateway
Cleanup hint: rm ~/Library/LaunchAgents/ai.openclaw.gateway.plist

Recommendation: run a single gateway per machine for most setups. One gateway supports multiple agents (see docs: /gateway#multiple-gateways-same-host).
If you need multiple gateways (e.g., a rescue bot on the same host), isolate ports + config/state (see docs: /gateway#multiple-gateways-same-host).

Troubles: run openclaw status
Troubleshooting: https://docs.openclaw.ai/troubleshooting
[2026-03-14 03:12:26] ✅ Gateway OK (RPC probe passed)
[2026-03-14 03:17:39] Watchdog check...
Cleanup hint: launchctl bootout gui/$UID/ai.openclaw.gateway
Cleanup hint: rm ~/Library/LaunchAgents/ai.openclaw.gateway.plist

Recommendation: run a single gateway per machine for most setups. One gateway supports multiple agents (see docs: /gateway#multiple-gateways-same-host).
If you need multiple gateways (e.g., a rescue bot on the same host), isolate ports + config/state (see docs: /gateway#multiple-gateways-same-host).

Troubles: run openclaw status
Troubleshooting: https://docs.openclaw.ai/troubleshooting
[2026-03-14 03:17:39] ✅ Gateway OK (RPC probe passed)
[2026-03-14 03:22:52] Watchdog check...
Cleanup hint: launchctl bootout gui/$UID/ai.openclaw.gateway
Cleanup hint: rm ~/Library/LaunchAgents/ai.openclaw.gateway.plist

Recommendation: run a single gateway per machine for most setups. One gateway supports multiple agents (see docs: /gateway#multiple-gateways-same-host).
If you need multiple gateways (e.g., a rescue bot on the same host), isolate ports + config/state (see docs: /gateway#multiple-gateways-same-host).

Troubles: run openclaw status
Troubleshooting: https://docs.openclaw.ai/troubleshooting
[2026-03-14 03:22:52] ✅ Gateway OK (RPC probe passed)
[2026-03-14 03:28:05] Watchdog check...
Cleanup hint: launchctl bootout gui/$UID/ai.openclaw.gateway
Cleanup hint: rm ~/Library/LaunchAgents/ai.openclaw.gateway.plist

Recommendation: run a single gateway per machine for most setups. One gateway supports multiple agents (see docs: /gateway#multiple-gateways-same-host).
If you need multiple gateways (e.g., a rescue bot on the same host), isolate ports + config/state (see docs: /gateway#multiple-gateways-same-host).

Troubles: run openclaw status
Troubleshooting: https://docs.openclaw.ai/troubleshooting
[2026-03-14 03:28:05] ✅ Gateway OK (RPC probe passed)
[2026-03-14 03:33:18] Watchdog check...
Cleanup hint: launchctl bootout gui/$UID/ai.openclaw.gateway
Cleanup hint: rm ~/Library/LaunchAgents/ai.openclaw.gateway.plist

Recommendation: run a single gateway per machine for most setups. One gateway supports multiple agents (see docs: /gateway#multiple-gateways-same-host).
If you need multiple gateways (e.g., a rescue bot on the same host), isolate ports + config/state (see docs: /gateway#multiple-gateways-same-host).

Troubles: run openclaw status
Troubleshooting: https://docs.openclaw.ai/troubleshooting
[2026-03-14 03:33:18] ✅ Gateway OK (RPC probe passed)
[2026-03-14 03:38:31] Watchdog check...
Cleanup hint: launchctl bootout gui/$UID/ai.openclaw.gateway
Cleanup hint: rm ~/Library/LaunchAgents/ai.openclaw.gateway.plist

Recommendation: run a single gateway per machine for most setups. One gateway supports multiple agents (see docs: /gateway#multiple-gateways-same-host).
If you need multiple gateways (e.g., a rescue bot on the same host), isolate ports + config/state (see docs: /gateway#multiple-gateways-same-host).

Troubles: run openclaw status
Troubleshooting: https://docs.openclaw.ai/troubleshooting
[2026-03-14 03:38:31] ✅ Gateway OK (RPC probe passed)
[2026-03-14 03:43:43] Watchdog check...
Cleanup hint: launchctl bootout gui/$UID/ai.openclaw.gateway
Cleanup hint: rm ~/Library/LaunchAgents/ai.openclaw.gateway.plist

Recommendation: run a single gateway per machine for most setups. One gateway supports multiple agents (see docs: /gateway#multiple-gateways-same-host).
If you need multiple gateways (e.g., a rescue bot on the same host), isolate ports + config/state (see docs: /gateway#multiple-gateways-same-host).

Troubles: run openclaw status
Troubleshooting: https://docs.openclaw.ai/troubleshooting
[2026-03-14 03:43:43] ✅ Gateway OK (RPC probe passed)
[2026-03-14 03:48:56] Watchdog check...
Cleanup hint: launchctl bootout gui/$UID/ai.openclaw.gateway
Cleanup hint: rm ~/Library/LaunchAgents/ai.openclaw.gateway.plist

Recommendation: run a single gateway per machine for most setups. One gateway supports multiple agents (see docs: /gateway#multiple-gateways-same-host).
If you need multiple gateways (e.g., a rescue bot on the same host), isolate ports + config/state (see docs: /gateway#multiple-gateways-same-host).

Troubles: run openclaw status
Troubleshooting: https://docs.openclaw.ai/troubleshooting
[2026-03-14 03:48:56] ✅ Gateway OK (RPC probe passed)
[2026-03-14 03:54:07] Watchdog check...
Cleanup hint: launchctl bootout gui/$UID/ai.openclaw.gateway
Cleanup hint: rm ~/Library/LaunchAgents/ai.openclaw.gateway.plist

Recommendation: run a single gateway per machine for most setups. One gateway supports multiple agents (see docs: /gateway#multiple-gateways-same-host).
If you need multiple gateways (e.g., a rescue bot on the same host), isolate ports + config/state (see docs: /gateway#multiple-gateways-same-host).

Troubles: run openclaw status
Troubleshooting: https://docs.openclaw.ai/troubleshooting
[2026-03-14 03:54:07] ✅ Gateway OK (RPC probe passed)
[2026-03-14 03:59:19] Watchdog check...
Cleanup hint: launchctl bootout gui/$UID/ai.openclaw.gateway
Cleanup hint: rm ~/Library/LaunchAgents/ai.openclaw.gateway.plist

Recommendation: run a single gateway per machine for most setups. One gateway supports multiple agents (see docs: /gateway#multiple-gateways-same-host).
If you need multiple gateways (e.g., a rescue bot on the same host), isolate ports + config/state (see docs: /gateway#multiple-gateways-same-host).

Troubles: run openclaw status
Troubleshooting: https://docs.openclaw.ai/troubleshooting
[2026-03-14 03:59:19] ✅ Gateway OK (RPC probe passed)
[2026-03-14 04:04:31] Watchdog check...
Cleanup hint: launchctl bootout gui/$UID/ai.openclaw.gateway
Cleanup hint: rm ~/Library/LaunchAgents/ai.openclaw.gateway.plist

Recommendation: run a single gateway per machine for most setups. One gateway supports multiple agents (see docs: /gateway#multiple-gateways-same-host).
If you need multiple gateways (e.g., a rescue bot on the same host), isolate ports + config/state (see docs: /gateway#multiple-gateways-same-host).

Troubles: run openclaw status
Troubleshooting: https://docs.openclaw.ai/troubleshooting
[2026-03-14 04:04:31] ✅ Gateway OK (RPC probe passed)
[2026-03-14 04:09:43] Watchdog check...
Cleanup hint: launchctl bootout gui/$UID/ai.openclaw.gateway
Cleanup hint: rm ~/Library/LaunchAgents/ai.openclaw.gateway.plist

Recommendation: run a single gateway per machine for most setups. One gateway supports multiple agents (see docs: /gateway#multiple-gateways-same-host).
If you need multiple gateways (e.g., a rescue bot on the same host), isolate ports + config/state (see docs: /gateway#multiple-gateways-same-host).

Troubles: run openclaw status
Troubleshooting: https://docs.openclaw.ai/troubleshooting
[2026-03-14 04:09:43] ✅ Gateway OK (RPC probe passed)
[2026-03-14 04:14:55] Watchdog check...
Cleanup hint: launchctl bootout gui/$UID/ai.openclaw.gateway
Cleanup hint: rm ~/Library/LaunchAgents/ai.openclaw.gateway.plist

Recommendation: run a single gateway per machine for most setups. One gateway supports multiple agents (see docs: /gateway#multiple-gateways-same-host).
If you need multiple gateways (e.g., a rescue bot on the same host), isolate ports + config/state (see docs: /gateway#multiple-gateways-same-host).

Troubles: run openclaw status
Troubleshooting: https://docs.openclaw.ai/troubleshooting
[2026-03-14 04:14:55] ✅ Gateway OK (RPC probe passed)
[2026-03-14 04:20:09] Watchdog check...
Cleanup hint: launchctl bootout gui/$UID/ai.openclaw.gateway
Cleanup hint: rm ~/Library/LaunchAgents/ai.openclaw.gateway.plist

Recommendation: run a single gateway per machine for most setups. One gateway supports multiple agents (see docs: /gateway#multiple-gateways-same-host).
If you need multiple gateways (e.g., a rescue bot on the same host), isolate ports + config/state (see docs: /gateway#multiple-gateways-same-host).

Troubles: run openclaw status
Troubleshooting: https://docs.openclaw.ai/troubleshooting
[2026-03-14 04:20:09] ✅ Gateway OK (RPC probe passed)
[2026-03-14 04:25:23] Watchdog check...
Cleanup hint: launchctl bootout gui/$UID/ai.openclaw.gateway
Cleanup hint: rm ~/Library/LaunchAgents/ai.openclaw.gateway.plist

Recommendation: run a single gateway per machine for most setups. One gateway supports multiple agents (see docs: /gateway#multiple-gateways-same-host).
If you need multiple gateways (e.g., a rescue bot on the same host), isolate ports + config/state (see docs: /gateway#multiple-gateways-same-host).

Troubles: run openclaw status
Troubleshooting: https://docs.openclaw.ai/troubleshooting
[2026-03-14 04:25:23] ✅ Gateway OK (RPC probe passed)
[2026-03-14 04:30:36] Watchdog check...
Cleanup hint: launchctl bootout gui/$UID/ai.openclaw.gateway
Cleanup hint: rm ~/Library/LaunchAgents/ai.openclaw.gateway.plist

Recommendation: run a single gateway per machine for most setups. One gateway supports multiple agents (see docs: /gateway#multiple-gateways-same-host).
If you need multiple gateways (e.g., a rescue bot on the same host), isolate ports + config/state (see docs: /gateway#multiple-gateways-same-host).

Troubles: run openclaw status
Troubleshooting: https://docs.openclaw.ai/troubleshooting
[2026-03-14 04:30:36] ✅ Gateway OK (RPC probe passed)
[2026-03-14 04:35:48] Watchdog check...
Cleanup hint: launchctl bootout gui/$UID/ai.openclaw.gateway
Cleanup hint: rm ~/Library/LaunchAgents/ai.openclaw.gateway.plist

Recommendation: run a single gateway per machine for most setups. One gateway supports multiple agents (see docs: /gateway#multiple-gateways-same-host).
If you need multiple gateways (e.g., a rescue bot on the same host), isolate ports + config/state (see docs: /gateway#multiple-gateways-same-host).

Troubles: run openclaw status
Troubleshooting: https://docs.openclaw.ai/troubleshooting
[2026-03-14 04:35:48] ✅ Gateway OK (RPC probe passed)
[2026-03-14 04:41:00] Watchdog check...
Cleanup hint: launchctl bootout gui/$UID/ai.openclaw.gateway
Cleanup hint: rm ~/Library/LaunchAgents/ai.openclaw.gateway.plist

Recommendation: run a single gateway per machine for most setups. One gateway supports multiple agents (see docs: /gateway#multiple-gateways-same-host).
If you need multiple gateways (e.g., a rescue bot on the same host), isolate ports + config/state (see docs: /gateway#multiple-gateways-same-host).

Troubles: run openclaw status
Troubleshooting: https://docs.openclaw.ai/troubleshooting
[2026-03-14 04:41:00] ✅ Gateway OK (RPC probe passed)
[2026-03-14 04:46:12] Watchdog check...
Cleanup hint: launchctl bootout gui/$UID/ai.openclaw.gateway
Cleanup hint: rm ~/Library/LaunchAgents/ai.openclaw.gateway.plist

Recommendation: run a single gateway per machine for most setups. One gateway supports multiple agents (see docs: /gateway#multiple-gateways-same-host).
If you need multiple gateways (e.g., a rescue bot on the same host), isolate ports + config/state (see docs: /gateway#multiple-gateways-same-host).

Troubles: run openclaw status
Troubleshooting: https://docs.openclaw.ai/troubleshooting
[2026-03-14 04:46:12] ✅ Gateway OK (RPC probe passed)
[2026-03-14 04:51:24] Watchdog check...
Cleanup hint: launchctl bootout gui/$UID/ai.openclaw.gateway
Cleanup hint: rm ~/Library/LaunchAgents/ai.openclaw.gateway.plist

Recommendation: run a single gateway per machine for most setups. One gateway supports multiple agents (see docs: /gateway#multiple-gateways-same-host).
If you need multiple gateways (e.g., a rescue bot on the same host), isolate ports + config/state (see docs: /gateway#multiple-gateways-same-host).

Troubles: run openclaw status
Troubleshooting: https://docs.openclaw.ai/troubleshooting
[2026-03-14 04:51:24] ✅ Gateway OK (RPC probe passed)
[2026-03-14 04:56:36] Watchdog check...
Cleanup hint: launchctl bootout gui/$UID/ai.openclaw.gateway
Cleanup hint: rm ~/Library/LaunchAgents/ai.openclaw.gateway.plist

Recommendation: run a single gateway per machine for most setups. One gateway supports multiple agents (see docs: /gateway#multiple-gateways-same-host).
If you need multiple gateways (e.g., a rescue bot on the same host), isolate ports + config/state (see docs: /gateway#multiple-gateways-same-host).

Troubles: run openclaw status
Troubleshooting: https://docs.openclaw.ai/troubleshooting
[2026-03-14 04:56:36] ✅ Gateway OK (RPC probe passed)
[2026-03-14 05:01:49] Watchdog check...
Cleanup hint: launchctl bootout gui/$UID/ai.openclaw.gateway
Cleanup hint: rm ~/Library/LaunchAgents/ai.openclaw.gateway.plist

Recommendation: run a single gateway per machine for most setups. One gateway supports multiple agents (see docs: /gateway#multiple-gateways-same-host).
If you need multiple gateways (e.g., a rescue bot on the same host), isolate ports + config/state (see docs: /gateway#multiple-gateways-same-host).

Troubles: run openclaw status
Troubleshooting: https://docs.openclaw.ai/troubleshooting
[2026-03-14 05:01:49] ✅ Gateway OK (RPC probe passed)
[2026-03-14 05:07:01] Watchdog check...
Cleanup hint: launchctl bootout gui/$UID/ai.openclaw.gateway
Cleanup hint: rm ~/Library/LaunchAgents/ai.openclaw.gateway.plist

Recommendation: run a single gateway per machine for most setups. One gateway supports multiple agents (see docs: /gateway#multiple-gateways-same-host).
If you need multiple gateways (e.g., a rescue bot on the same host), isolate ports + config/state (see docs: /gateway#multiple-gateways-same-host).

Troubles: run openclaw status
Troubleshooting: https://docs.openclaw.ai/troubleshooting
[2026-03-14 05:07:01] ✅ Gateway OK (RPC probe passed)
[2026-03-14 05:12:13] Watchdog check...
Cleanup hint: launchctl bootout gui/$UID/ai.openclaw.gateway
Cleanup hint: rm ~/Library/LaunchAgents/ai.openclaw.gateway.plist

Recommendation: run a single gateway per machine for most setups. One gateway supports multiple agents (see docs: /gateway#multiple-gateways-same-host).
If you need multiple gateways (e.g., a rescue bot on the same host), isolate ports + config/state (see docs: /gateway#multiple-gateways-same-host).

Troubles: run openclaw status
Troubleshooting: https://docs.openclaw.ai/troubleshooting
[2026-03-14 05:12:13] ✅ Gateway OK (RPC probe passed)
[2026-03-14 05:17:26] Watchdog check...
Cleanup hint: launchctl bootout gui/$UID/ai.openclaw.gateway
Cleanup hint: rm ~/Library/LaunchAgents/ai.openclaw.gateway.plist

Recommendation: run a single gateway per machine for most setups. One gateway supports multiple agents (see docs: /gateway#multiple-gateways-same-host).
If you need multiple gateways (e.g., a rescue bot on the same host), isolate ports + config/state (see docs: /gateway#multiple-gateways-same-host).

Troubles: run openclaw status
Troubleshooting: https://docs.openclaw.ai/troubleshooting
[2026-03-14 05:17:26] ✅ Gateway OK (RPC probe passed)
[2026-03-14 05:22:38] Watchdog check...
Cleanup hint: launchctl bootout gui/$UID/ai.openclaw.gateway
Cleanup hint: rm ~/Library/LaunchAgents/ai.openclaw.gateway.plist

Recommendation: run a single gateway per machine for most setups. One gateway supports multiple agents (see docs: /gateway#multiple-gateways-same-host).
If you need multiple gateways (e.g., a rescue bot on the same host), isolate ports + config/state (see docs: /gateway#multiple-gateways-same-host).

Troubles: run openclaw status
Troubleshooting: https://docs.openclaw.ai/troubleshooting
[2026-03-14 05:22:38] ✅ Gateway OK (RPC probe passed)
[2026-03-14 05:27:50] Watchdog check...
Cleanup hint: launchctl bootout gui/$UID/ai.openclaw.gateway
Cleanup hint: rm ~/Library/LaunchAgents/ai.openclaw.gateway.plist

Recommendation: run a single gateway per machine for most setups. One gateway supports multiple agents (see docs: /gateway#multiple-gateways-same-host).
If you need multiple gateways (e.g., a rescue bot on the same host), isolate ports + config/state (see docs: /gateway#multiple-gateways-same-host).

Troubles: run openclaw status
Troubleshooting: https://docs.openclaw.ai/troubleshooting
[2026-03-14 05:27:50] ✅ Gateway OK (RPC probe passed)
[2026-03-14 05:33:03] Watchdog check...
Cleanup hint: launchctl bootout gui/$UID/ai.openclaw.gateway
Cleanup hint: rm ~/Library/LaunchAgents/ai.openclaw.gateway.plist

Recommendation: run a single gateway per machine for most setups. One gateway supports multiple agents (see docs: /gateway#multiple-gateways-same-host).
If you need multiple gateways (e.g., a rescue bot on the same host), isolate ports + config/state (see docs: /gateway#multiple-gateways-same-host).

Troubles: run openclaw status
Troubleshooting: https://docs.openclaw.ai/troubleshooting
[2026-03-14 05:33:03] ✅ Gateway OK (RPC probe passed)
[2026-03-14 05:38:15] Watchdog check...
Cleanup hint: launchctl bootout gui/$UID/ai.openclaw.gateway
Cleanup hint: rm ~/Library/LaunchAgents/ai.openclaw.gateway.plist

Recommendation: run a single gateway per machine for most setups. One gateway supports multiple agents (see docs: /gateway#multiple-gateways-same-host).
If you need multiple gateways (e.g., a rescue bot on the same host), isolate ports + config/state (see docs: /gateway#multiple-gateways-same-host).

Troubles: run openclaw status
Troubleshooting: https://docs.openclaw.ai/troubleshooting
[2026-03-14 05:38:15] ✅ Gateway OK (RPC probe passed)
[2026-03-14 05:43:26] Watchdog check...
Cleanup hint: launchctl bootout gui/$UID/ai.openclaw.gateway
Cleanup hint: rm ~/Library/LaunchAgents/ai.openclaw.gateway.plist

Recommendation: run a single gateway per machine for most setups. One gateway supports multiple agents (see docs: /gateway#multiple-gateways-same-host).
If you need multiple gateways (e.g., a rescue bot on the same host), isolate ports + config/state (see docs: /gateway#multiple-gateways-same-host).

Troubles: run openclaw status
Troubleshooting: https://docs.openclaw.ai/troubleshooting
[2026-03-14 05:43:26] ✅ Gateway OK (RPC probe passed)
[2026-03-14 05:48:38] Watchdog check...
Cleanup hint: launchctl bootout gui/$UID/ai.openclaw.gateway
Cleanup hint: rm ~/Library/LaunchAgents/ai.openclaw.gateway.plist

Recommendation: run a single gateway per machine for most setups. One gateway supports multiple agents (see docs: /gateway#multiple-gateways-same-host).
If you need multiple gateways (e.g., a rescue bot on the same host), isolate ports + config/state (see docs: /gateway#multiple-gateways-same-host).

Troubles: run openclaw status
Troubleshooting: https://docs.openclaw.ai/troubleshooting
[2026-03-14 05:48:38] ✅ Gateway OK (RPC probe passed)
[2026-03-14 05:53:50] Watchdog check...
Cleanup hint: launchctl bootout gui/$UID/ai.openclaw.gateway
Cleanup hint: rm ~/Library/LaunchAgents/ai.openclaw.gateway.plist

Recommendation: run a single gateway per machine for most setups. One gateway supports multiple agents (see docs: /gateway#multiple-gateways-same-host).
If you need multiple gateways (e.g., a rescue bot on the same host), isolate ports + config/state (see docs: /gateway#multiple-gateways-same-host).

Troubles: run openclaw status
Troubleshooting: https://docs.openclaw.ai/troubleshooting
[2026-03-14 05:53:50] ✅ Gateway OK (RPC probe passed)
[2026-03-14 05:59:03] Watchdog check...
Cleanup hint: launchctl bootout gui/$UID/ai.openclaw.gateway
Cleanup hint: rm ~/Library/LaunchAgents/ai.openclaw.gateway.plist

Recommendation: run a single gateway per machine for most setups. One gateway supports multiple agents (see docs: /gateway#multiple-gateways-same-host).
If you need multiple gateways (e.g., a rescue bot on the same host), isolate ports + config/state (see docs: /gateway#multiple-gateways-same-host).

Troubles: run openclaw status
Troubleshooting: https://docs.openclaw.ai/troubleshooting
[2026-03-14 05:59:03] ✅ Gateway OK (RPC probe passed)
[2026-03-14 06:04:16] Watchdog check...
Cleanup hint: launchctl bootout gui/$UID/ai.openclaw.gateway
Cleanup hint: rm ~/Library/LaunchAgents/ai.openclaw.gateway.plist

Recommendation: run a single gateway per machine for most setups. One gateway supports multiple agents (see docs: /gateway#multiple-gateways-same-host).
If you need multiple gateways (e.g., a rescue bot on the same host), isolate ports + config/state (see docs: /gateway#multiple-gateways-same-host).

Troubles: run openclaw status
Troubleshooting: https://docs.openclaw.ai/troubleshooting
[2026-03-14 06:04:16] ✅ Gateway OK (RPC probe passed)
[2026-03-14 06:09:29] Watchdog check...
Cleanup hint: launchctl bootout gui/$UID/ai.openclaw.gateway
Cleanup hint: rm ~/Library/LaunchAgents/ai.openclaw.gateway.plist

Recommendation: run a single gateway per machine for most setups. One gateway supports multiple agents (see docs: /gateway#multiple-gateways-same-host).
If you need multiple gateways (e.g., a rescue bot on the same host), isolate ports + config/state (see docs: /gateway#multiple-gateways-same-host).

Troubles: run openclaw status
Troubleshooting: https://docs.openclaw.ai/troubleshooting
[2026-03-14 06:09:29] ✅ Gateway OK (RPC probe passed)
[2026-03-14 06:14:41] Watchdog check...
Cleanup hint: launchctl bootout gui/$UID/ai.openclaw.gateway
Cleanup hint: rm ~/Library/LaunchAgents/ai.openclaw.gateway.plist

Recommendation: run a single gateway per machine for most setups. One gateway supports multiple agents (see docs: /gateway#multiple-gateways-same-host).
If you need multiple gateways (e.g., a rescue bot on the same host), isolate ports + config/state (see docs: /gateway#multiple-gateways-same-host).

Troubles: run openclaw status
Troubleshooting: https://docs.openclaw.ai/troubleshooting
[2026-03-14 06:14:41] ✅ Gateway OK (RPC probe passed)
[2026-03-14 06:19:54] Watchdog check...
Cleanup hint: launchctl bootout gui/$UID/ai.openclaw.gateway
Cleanup hint: rm ~/Library/LaunchAgents/ai.openclaw.gateway.plist

Recommendation: run a single gateway per machine for most setups. One gateway supports multiple agents (see docs: /gateway#multiple-gateways-same-host).
If you need multiple gateways (e.g., a rescue bot on the same host), isolate ports + config/state (see docs: /gateway#multiple-gateways-same-host).

Troubles: run openclaw status
Troubleshooting: https://docs.openclaw.ai/troubleshooting
[2026-03-14 06:19:54] ✅ Gateway OK (RPC probe passed)
[2026-03-14 06:25:07] Watchdog check...
Cleanup hint: launchctl bootout gui/$UID/ai.openclaw.gateway
Cleanup hint: rm ~/Library/LaunchAgents/ai.openclaw.gateway.plist

Recommendation: run a single gateway per machine for most setups. One gateway supports multiple agents (see docs: /gateway#multiple-gateways-same-host).
If you need multiple gateways (e.g., a rescue bot on the same host), isolate ports + config/state (see docs: /gateway#multiple-gateways-same-host).

Troubles: run openclaw status
Troubleshooting: https://docs.openclaw.ai/troubleshooting
[2026-03-14 06:25:07] ✅ Gateway OK (RPC probe passed)
[2026-03-14 06:30:23] Watchdog check...
Cleanup hint: launchctl bootout gui/$UID/ai.openclaw.gateway
Cleanup hint: rm ~/Library/LaunchAgents/ai.openclaw.gateway.plist

Recommendation: run a single gateway per machine for most setups. One gateway supports multiple agents (see docs: /gateway#multiple-gateways-same-host).
If you need multiple gateways (e.g., a rescue bot on the same host), isolate ports + config/state (see docs: /gateway#multiple-gateways-same-host).

Troubles: run openclaw status
Troubleshooting: https://docs.openclaw.ai/troubleshooting
[2026-03-14 06:30:23] ✅ Gateway OK (RPC probe passed)
[2026-03-14 06:35:37] Watchdog check...
Cleanup hint: launchctl bootout gui/$UID/ai.openclaw.gateway
Cleanup hint: rm ~/Library/LaunchAgents/ai.openclaw.gateway.plist

Recommendation: run a single gateway per machine for most setups. One gateway supports multiple agents (see docs: /gateway#multiple-gateways-same-host).
If you need multiple gateways (e.g., a rescue bot on the same host), isolate ports + config/state (see docs: /gateway#multiple-gateways-same-host).

Troubles: run openclaw status
Troubleshooting: https://docs.openclaw.ai/troubleshooting
[2026-03-14 06:35:37] ✅ Gateway OK (RPC probe passed)
[2026-03-14 06:40:49] Watchdog check...
Cleanup hint: launchctl bootout gui/$UID/ai.openclaw.gateway
Cleanup hint: rm ~/Library/LaunchAgents/ai.openclaw.gateway.plist

Recommendation: run a single gateway per machine for most setups. One gateway supports multiple agents (see docs: /gateway#multiple-gateways-same-host).
If you need multiple gateways (e.g., a rescue bot on the same host), isolate ports + config/state (see docs: /gateway#multiple-gateways-same-host).

Troubles: run openclaw status
Troubleshooting: https://docs.openclaw.ai/troubleshooting
[2026-03-14 06:40:49] ✅ Gateway OK (RPC probe passed)
[2026-03-14 06:46:03] Watchdog check...
Cleanup hint: launchctl bootout gui/$UID/ai.openclaw.gateway
Cleanup hint: rm ~/Library/LaunchAgents/ai.openclaw.gateway.plist

Recommendation: run a single gateway per machine for most setups. One gateway supports multiple agents (see docs: /gateway#multiple-gateways-same-host).
If you need multiple gateways (e.g., a rescue bot on the same host), isolate ports + config/state (see docs: /gateway#multiple-gateways-same-host).

Troubles: run openclaw status
Troubleshooting: https://docs.openclaw.ai/troubleshooting
[2026-03-14 06:46:03] ✅ Gateway OK (RPC probe passed)
[2026-03-14 06:51:16] Watchdog check...
Cleanup hint: launchctl bootout gui/$UID/ai.openclaw.gateway
Cleanup hint: rm ~/Library/LaunchAgents/ai.openclaw.gateway.plist

Recommendation: run a single gateway per machine for most setups. One gateway supports multiple agents (see docs: /gateway#multiple-gateways-same-host).
If you need multiple gateways (e.g., a rescue bot on the same host), isolate ports + config/state (see docs: /gateway#multiple-gateways-same-host).

Troubles: run openclaw status
Troubleshooting: https://docs.openclaw.ai/troubleshooting
[2026-03-14 06:51:16] ✅ Gateway OK (RPC probe passed)
[2026-03-14 06:56:28] Watchdog check...
Cleanup hint: launchctl bootout gui/$UID/ai.openclaw.gateway
Cleanup hint: rm ~/Library/LaunchAgents/ai.openclaw.gateway.plist

Recommendation: run a single gateway per machine for most setups. One gateway supports multiple agents (see docs: /gateway#multiple-gateways-same-host).
If you need multiple gateways (e.g., a rescue bot on the same host), isolate ports + config/state (see docs: /gateway#multiple-gateways-same-host).

Troubles: run openclaw status
Troubleshooting: https://docs.openclaw.ai/troubleshooting
[2026-03-14 06:56:28] ✅ Gateway OK (RPC probe passed)
[2026-03-14 07:01:42] Watchdog check...
Cleanup hint: launchctl bootout gui/$UID/ai.openclaw.gateway
Cleanup hint: rm ~/Library/LaunchAgents/ai.openclaw.gateway.plist

Recommendation: run a single gateway per machine for most setups. One gateway supports multiple agents (see docs: /gateway#multiple-gateways-same-host).
If you need multiple gateways (e.g., a rescue bot on the same host), isolate ports + config/state (see docs: /gateway#multiple-gateways-same-host).

Troubles: run openclaw status
Troubleshooting: https://docs.openclaw.ai/troubleshooting
[2026-03-14 07:01:42] ✅ Gateway OK (RPC probe passed)
[2026-03-14 07:06:55] Watchdog check...
Cleanup hint: launchctl bootout gui/$UID/ai.openclaw.gateway
Cleanup hint: rm ~/Library/LaunchAgents/ai.openclaw.gateway.plist

Recommendation: run a single gateway per machine for most setups. One gateway supports multiple agents (see docs: /gateway#multiple-gateways-same-host).
If you need multiple gateways (e.g., a rescue bot on the same host), isolate ports + config/state (see docs: /gateway#multiple-gateways-same-host).

Troubles: run openclaw status
Troubleshooting: https://docs.openclaw.ai/troubleshooting
[2026-03-14 07:06:55] ✅ Gateway OK (RPC probe passed)
[2026-03-14 07:12:08] Watchdog check...
Cleanup hint: launchctl bootout gui/$UID/ai.openclaw.gateway
Cleanup hint: rm ~/Library/LaunchAgents/ai.openclaw.gateway.plist

Recommendation: run a single gateway per machine for most setups. One gateway supports multiple agents (see docs: /gateway#multiple-gateways-same-host).
If you need multiple gateways (e.g., a rescue bot on the same host), isolate ports + config/state (see docs: /gateway#multiple-gateways-same-host).

Troubles: run openclaw status
Troubleshooting: https://docs.openclaw.ai/troubleshooting
[2026-03-14 07:12:08] ✅ Gateway OK (RPC probe passed)
[2026-03-14 07:17:20] Watchdog check...
Cleanup hint: launchctl bootout gui/$UID/ai.openclaw.gateway
Cleanup hint: rm ~/Library/LaunchAgents/ai.openclaw.gateway.plist

Recommendation: run a single gateway per machine for most setups. One gateway supports multiple agents (see docs: /gateway#multiple-gateways-same-host).
If you need multiple gateways (e.g., a rescue bot on the same host), isolate ports + config/state (see docs: /gateway#multiple-gateways-same-host).

Troubles: run openclaw status
Troubleshooting: https://docs.openclaw.ai/troubleshooting
[2026-03-14 07:17:20] ✅ Gateway OK (RPC probe passed)
[2026-03-14 07:22:32] Watchdog check...
Cleanup hint: launchctl bootout gui/$UID/ai.openclaw.gateway
Cleanup hint: rm ~/Library/LaunchAgents/ai.openclaw.gateway.plist

Recommendation: run a single gateway per machine for most setups. One gateway supports multiple agents (see docs: /gateway#multiple-gateways-same-host).
If you need multiple gateways (e.g., a rescue bot on the same host), isolate ports + config/state (see docs: /gateway#multiple-gateways-same-host).

Troubles: run openclaw status
Troubleshooting: https://docs.openclaw.ai/troubleshooting
[2026-03-14 07:22:32] ✅ Gateway OK (RPC probe passed)
[2026-03-14 07:27:43] Watchdog check...
Cleanup hint: launchctl bootout gui/$UID/ai.openclaw.gateway
Cleanup hint: rm ~/Library/LaunchAgents/ai.openclaw.gateway.plist

Recommendation: run a single gateway per machine for most setups. One gateway supports multiple agents (see docs: /gateway#multiple-gateways-same-host).
If you need multiple gateways (e.g., a rescue bot on the same host), isolate ports + config/state (see docs: /gateway#multiple-gateways-same-host).

Troubles: run openclaw status
Troubleshooting: https://docs.openclaw.ai/troubleshooting
[2026-03-14 07:27:43] ✅ Gateway OK (RPC probe passed)
[2026-03-14 07:32:54] Watchdog check...
Cleanup hint: launchctl bootout gui/$UID/ai.openclaw.gateway
Cleanup hint: rm ~/Library/LaunchAgents/ai.openclaw.gateway.plist

Recommendation: run a single gateway per machine for most setups. One gateway supports multiple agents (see docs: /gateway#multiple-gateways-same-host).
If you need multiple gateways (e.g., a rescue bot on the same host), isolate ports + config/state (see docs: /gateway#multiple-gateways-same-host).

Troubles: run openclaw status
Troubleshooting: https://docs.openclaw.ai/troubleshooting
[2026-03-14 07:32:54] ✅ Gateway OK (RPC probe passed)
[2026-03-14 07:38:06] Watchdog check...
Cleanup hint: launchctl bootout gui/$UID/ai.openclaw.gateway
Cleanup hint: rm ~/Library/LaunchAgents/ai.openclaw.gateway.plist

Recommendation: run a single gateway per machine for most setups. One gateway supports multiple agents (see docs: /gateway#multiple-gateways-same-host).
If you need multiple gateways (e.g., a rescue bot on the same host), isolate ports + config/state (see docs: /gateway#multiple-gateways-same-host).

Troubles: run openclaw status
Troubleshooting: https://docs.openclaw.ai/troubleshooting
[2026-03-14 07:38:06] ✅ Gateway OK (RPC probe passed)
[2026-03-14 07:43:17] Watchdog check...
Cleanup hint: launchctl bootout gui/$UID/ai.openclaw.gateway
Cleanup hint: rm ~/Library/LaunchAgents/ai.openclaw.gateway.plist

Recommendation: run a single gateway per machine for most setups. One gateway supports multiple agents (see docs: /gateway#multiple-gateways-same-host).
If you need multiple gateways (e.g., a rescue bot on the same host), isolate ports + config/state (see docs: /gateway#multiple-gateways-same-host).

Troubles: run openclaw status
Troubleshooting: https://docs.openclaw.ai/troubleshooting
[2026-03-14 07:43:17] ✅ Gateway OK (RPC probe passed)
[2026-03-14 07:48:29] Watchdog check...
Cleanup hint: launchctl bootout gui/$UID/ai.openclaw.gateway
Cleanup hint: rm ~/Library/LaunchAgents/ai.openclaw.gateway.plist

Recommendation: run a single gateway per machine for most setups. One gateway supports multiple agents (see docs: /gateway#multiple-gateways-same-host).
If you need multiple gateways (e.g., a rescue bot on the same host), isolate ports + config/state (see docs: /gateway#multiple-gateways-same-host).

Troubles: run openclaw status
Troubleshooting: https://docs.openclaw.ai/troubleshooting
[2026-03-14 07:48:29] ✅ Gateway OK (RPC probe passed)
[2026-03-14 07:53:40] Watchdog check...
Cleanup hint: launchctl bootout gui/$UID/ai.openclaw.gateway
Cleanup hint: rm ~/Library/LaunchAgents/ai.openclaw.gateway.plist

Recommendation: run a single gateway per machine for most setups. One gateway supports multiple agents (see docs: /gateway#multiple-gateways-same-host).
If you need multiple gateways (e.g., a rescue bot on the same host), isolate ports + config/state (see docs: /gateway#multiple-gateways-same-host).

Troubles: run openclaw status
Troubleshooting: https://docs.openclaw.ai/troubleshooting
[2026-03-14 07:53:40] ✅ Gateway OK (RPC probe passed)
[2026-03-14 07:58:52] Watchdog check...
Cleanup hint: launchctl bootout gui/$UID/ai.openclaw.gateway
Cleanup hint: rm ~/Library/LaunchAgents/ai.openclaw.gateway.plist

Recommendation: run a single gateway per machine for most setups. One gateway supports multiple agents (see docs: /gateway#multiple-gateways-same-host).
If you need multiple gateways (e.g., a rescue bot on the same host), isolate ports + config/state (see docs: /gateway#multiple-gateways-same-host).

Troubles: run openclaw status
Troubleshooting: https://docs.openclaw.ai/troubleshooting
[2026-03-14 07:58:52] ✅ Gateway OK (RPC probe passed)
[2026-03-14 08:04:04] Watchdog check...
Cleanup hint: launchctl bootout gui/$UID/ai.openclaw.gateway
Cleanup hint: rm ~/Library/LaunchAgents/ai.openclaw.gateway.plist

Recommendation: run a single gateway per machine for most setups. One gateway supports multiple agents (see docs: /gateway#multiple-gateways-same-host).
If you need multiple gateways (e.g., a rescue bot on the same host), isolate ports + config/state (see docs: /gateway#multiple-gateways-same-host).

Troubles: run openclaw status
Troubleshooting: https://docs.openclaw.ai/troubleshooting
[2026-03-14 08:04:04] ✅ Gateway OK (RPC probe passed)
[2026-03-14 08:09:15] Watchdog check...
Cleanup hint: launchctl bootout gui/$UID/ai.openclaw.gateway
Cleanup hint: rm ~/Library/LaunchAgents/ai.openclaw.gateway.plist

Recommendation: run a single gateway per machine for most setups. One gateway supports multiple agents (see docs: /gateway#multiple-gateways-same-host).
If you need multiple gateways (e.g., a rescue bot on the same host), isolate ports + config/state (see docs: /gateway#multiple-gateways-same-host).

Troubles: run openclaw status
Troubleshooting: https://docs.openclaw.ai/troubleshooting
[2026-03-14 08:09:15] ✅ Gateway OK (RPC probe passed)
[2026-03-14 08:14:28] Watchdog check...
Cleanup hint: launchctl bootout gui/$UID/ai.openclaw.gateway
Cleanup hint: rm ~/Library/LaunchAgents/ai.openclaw.gateway.plist

Recommendation: run a single gateway per machine for most setups. One gateway supports multiple agents (see docs: /gateway#multiple-gateways-same-host).
If you need multiple gateways (e.g., a rescue bot on the same host), isolate ports + config/state (see docs: /gateway#multiple-gateways-same-host).

Troubles: run openclaw status
Troubleshooting: https://docs.openclaw.ai/troubleshooting
[2026-03-14 08:14:28] ✅ Gateway OK (RPC probe passed)
[2026-03-14 08:19:40] Watchdog check...
Cleanup hint: launchctl bootout gui/$UID/ai.openclaw.gateway
Cleanup hint: rm ~/Library/LaunchAgents/ai.openclaw.gateway.plist

Recommendation: run a single gateway per machine for most setups. One gateway supports multiple agents (see docs: /gateway#multiple-gateways-same-host).
If you need multiple gateways (e.g., a rescue bot on the same host), isolate ports + config/state (see docs: /gateway#multiple-gateways-same-host).

Troubles: run openclaw status
Troubleshooting: https://docs.openclaw.ai/troubleshooting
[2026-03-14 08:19:40] ✅ Gateway OK (RPC probe passed)
[2026-03-14 08:24:52] Watchdog check...
Cleanup hint: launchctl bootout gui/$UID/ai.openclaw.gateway
Cleanup hint: rm ~/Library/LaunchAgents/ai.openclaw.gateway.plist

Recommendation: run a single gateway per machine for most setups. One gateway supports multiple agents (see docs: /gateway#multiple-gateways-same-host).
If you need multiple gateways (e.g., a rescue bot on the same host), isolate ports + config/state (see docs: /gateway#multiple-gateways-same-host).

Troubles: run openclaw status
Troubleshooting: https://docs.openclaw.ai/troubleshooting
[2026-03-14 08:24:52] ✅ Gateway OK (RPC probe passed)
[2026-03-14 08:30:04] Watchdog check...
Cleanup hint: launchctl bootout gui/$UID/ai.openclaw.gateway
Cleanup hint: rm ~/Library/LaunchAgents/ai.openclaw.gateway.plist

Recommendation: run a single gateway per machine for most setups. One gateway supports multiple agents (see docs: /gateway#multiple-gateways-same-host).
If you need multiple gateways (e.g., a rescue bot on the same host), isolate ports + config/state (see docs: /gateway#multiple-gateways-same-host).

Troubles: run openclaw status
Troubleshooting: https://docs.openclaw.ai/troubleshooting
[2026-03-14 08:30:04] ✅ Gateway OK (RPC probe passed)
[2026-03-14 08:35:19] Watchdog check...
Cleanup hint: launchctl bootout gui/$UID/ai.openclaw.gateway
Cleanup hint: rm ~/Library/LaunchAgents/ai.openclaw.gateway.plist

Recommendation: run a single gateway per machine for most setups. One gateway supports multiple agents (see docs: /gateway#multiple-gateways-same-host).
If you need multiple gateways (e.g., a rescue bot on the same host), isolate ports + config/state (see docs: /gateway#multiple-gateways-same-host).

Troubles: run openclaw status
Troubleshooting: https://docs.openclaw.ai/troubleshooting
[2026-03-14 08:35:19] ✅ Gateway OK (RPC probe passed)
[2026-03-14 08:40:33] Watchdog check...
Cleanup hint: launchctl bootout gui/$UID/ai.openclaw.gateway
Cleanup hint: rm ~/Library/LaunchAgents/ai.openclaw.gateway.plist

Recommendation: run a single gateway per machine for most setups. One gateway supports multiple agents (see docs: /gateway#multiple-gateways-same-host).
If you need multiple gateways (e.g., a rescue bot on the same host), isolate ports + config/state (see docs: /gateway#multiple-gateways-same-host).

Troubles: run openclaw status
Troubleshooting: https://docs.openclaw.ai/troubleshooting
[2026-03-14 08:40:33] ✅ Gateway OK (RPC probe passed)
[2026-03-14 08:45:47] Watchdog check...
Cleanup hint: launchctl bootout gui/$UID/ai.openclaw.gateway
Cleanup hint: rm ~/Library/LaunchAgents/ai.openclaw.gateway.plist

Recommendation: run a single gateway per machine for most setups. One gateway supports multiple agents (see docs: /gateway#multiple-gateways-same-host).
If you need multiple gateways (e.g., a rescue bot on the same host), isolate ports + config/state (see docs: /gateway#multiple-gateways-same-host).

Troubles: run openclaw status
Troubleshooting: https://docs.openclaw.ai/troubleshooting
[2026-03-14 08:45:47] ✅ Gateway OK (RPC probe passed)
[2026-03-14 08:51:01] Watchdog check...
Cleanup hint: launchctl bootout gui/$UID/ai.openclaw.gateway
Cleanup hint: rm ~/Library/LaunchAgents/ai.openclaw.gateway.plist

Recommendation: run a single gateway per machine for most setups. One gateway supports multiple agents (see docs: /gateway#multiple-gateways-same-host).
If you need multiple gateways (e.g., a rescue bot on the same host), isolate ports + config/state (see docs: /gateway#multiple-gateways-same-host).

Troubles: run openclaw status
Troubleshooting: https://docs.openclaw.ai/troubleshooting
[2026-03-14 08:51:01] ✅ Gateway OK (RPC probe passed)
[2026-03-14 08:56:16] Watchdog check...
Cleanup hint: launchctl bootout gui/$UID/ai.openclaw.gateway
Cleanup hint: rm ~/Library/LaunchAgents/ai.openclaw.gateway.plist

Recommendation: run a single gateway per machine for most setups. One gateway supports multiple agents (see docs: /gateway#multiple-gateways-same-host).
If you need multiple gateways (e.g., a rescue bot on the same host), isolate ports + config/state (see docs: /gateway#multiple-gateways-same-host).

Troubles: run openclaw status
Troubleshooting: https://docs.openclaw.ai/troubleshooting
[2026-03-14 08:56:16] ✅ Gateway OK (RPC probe passed)
[2026-03-14 09:01:31] Watchdog check...
Cleanup hint: launchctl bootout gui/$UID/ai.openclaw.gateway
Cleanup hint: rm ~/Library/LaunchAgents/ai.openclaw.gateway.plist

Recommendation: run a single gateway per machine for most setups. One gateway supports multiple agents (see docs: /gateway#multiple-gateways-same-host).
If you need multiple gateways (e.g., a rescue bot on the same host), isolate ports + config/state (see docs: /gateway#multiple-gateways-same-host).

Troubles: run openclaw status
Troubleshooting: https://docs.openclaw.ai/troubleshooting
[2026-03-14 09:01:31] ✅ Gateway OK (RPC probe passed)
[2026-03-14 09:06:46] Watchdog check...
Cleanup hint: launchctl bootout gui/$UID/ai.openclaw.gateway
Cleanup hint: rm ~/Library/LaunchAgents/ai.openclaw.gateway.plist

Recommendation: run a single gateway per machine for most setups. One gateway supports multiple agents (see docs: /gateway#multiple-gateways-same-host).
If you need multiple gateways (e.g., a rescue bot on the same host), isolate ports + config/state (see docs: /gateway#multiple-gateways-same-host).

Troubles: run openclaw status
Troubleshooting: https://docs.openclaw.ai/troubleshooting
[2026-03-14 09:06:46] ✅ Gateway OK (RPC probe passed)
[2026-03-14 09:12:01] Watchdog check...
Cleanup hint: launchctl bootout gui/$UID/ai.openclaw.gateway
Cleanup hint: rm ~/Library/LaunchAgents/ai.openclaw.gateway.plist

Recommendation: run a single gateway per machine for most setups. One gateway supports multiple agents (see docs: /gateway#multiple-gateways-same-host).
If you need multiple gateways (e.g., a rescue bot on the same host), isolate ports + config/state (see docs: /gateway#multiple-gateways-same-host).

Troubles: run openclaw status
Troubleshooting: https://docs.openclaw.ai/troubleshooting
[2026-03-14 09:12:01] ✅ Gateway OK (RPC probe passed)
[2026-03-14 09:17:16] Watchdog check...
Cleanup hint: launchctl bootout gui/$UID/ai.openclaw.gateway
Cleanup hint: rm ~/Library/LaunchAgents/ai.openclaw.gateway.plist

Recommendation: run a single gateway per machine for most setups. One gateway supports multiple agents (see docs: /gateway#multiple-gateways-same-host).
If you need multiple gateways (e.g., a rescue bot on the same host), isolate ports + config/state (see docs: /gateway#multiple-gateways-same-host).

Troubles: run openclaw status
Troubleshooting: https://docs.openclaw.ai/troubleshooting
[2026-03-14 09:17:16] ✅ Gateway OK (RPC probe passed)
[2026-03-14 09:22:31] Watchdog check...
Cleanup hint: launchctl bootout gui/$UID/ai.openclaw.gateway
Cleanup hint: rm ~/Library/LaunchAgents/ai.openclaw.gateway.plist

Recommendation: run a single gateway per machine for most setups. One gateway supports multiple agents (see docs: /gateway#multiple-gateways-same-host).
If you need multiple gateways (e.g., a rescue bot on the same host), isolate ports + config/state (see docs: /gateway#multiple-gateways-same-host).

Troubles: run openclaw status
Troubleshooting: https://docs.openclaw.ai/troubleshooting
[2026-03-14 09:22:31] ✅ Gateway OK (RPC probe passed)
[2026-03-14 09:27:45] Watchdog check...
Cleanup hint: launchctl bootout gui/$UID/ai.openclaw.gateway
Cleanup hint: rm ~/Library/LaunchAgents/ai.openclaw.gateway.plist

Recommendation: run a single gateway per machine for most setups. One gateway supports multiple agents (see docs: /gateway#multiple-gateways-same-host).
If you need multiple gateways (e.g., a rescue bot on the same host), isolate ports + config/state (see docs: /gateway#multiple-gateways-same-host).

Troubles: run openclaw status
Troubleshooting: https://docs.openclaw.ai/troubleshooting
[2026-03-14 09:27:45] ✅ Gateway OK (RPC probe passed)
[2026-03-14 09:33:13] Watchdog check...
Cleanup hint: launchctl bootout gui/$UID/ai.openclaw.gateway
Cleanup hint: rm ~/Library/LaunchAgents/ai.openclaw.gateway.plist

Recommendation: run a single gateway per machine for most setups. One gateway supports multiple agents (see docs: /gateway#multiple-gateways-same-host).
If you need multiple gateways (e.g., a rescue bot on the same host), isolate ports + config/state (see docs: /gateway#multiple-gateways-same-host).

Troubles: run openclaw status
Troubleshooting: https://docs.openclaw.ai/troubleshooting
[2026-03-14 09:33:13] ✅ Gateway OK (RPC probe passed)
[2026-03-14 09:38:28] Watchdog check...
Cleanup hint: launchctl bootout gui/$UID/ai.openclaw.gateway
Cleanup hint: rm ~/Library/LaunchAgents/ai.openclaw.gateway.plist

Recommendation: run a single gateway per machine for most setups. One gateway supports multiple agents (see docs: /gateway#multiple-gateways-same-host).
If you need multiple gateways (e.g., a rescue bot on the same host), isolate ports + config/state (see docs: /gateway#multiple-gateways-same-host).

Troubles: run openclaw status
Troubleshooting: https://docs.openclaw.ai/troubleshooting
[2026-03-14 09:38:28] ✅ Gateway OK (RPC probe passed)
[2026-03-14 09:43:46] Watchdog check...
Cleanup hint: launchctl bootout gui/$UID/ai.openclaw.gateway
Cleanup hint: rm ~/Library/LaunchAgents/ai.openclaw.gateway.plist

Recommendation: run a single gateway per machine for most setups. One gateway supports multiple agents (see docs: /gateway#multiple-gateways-same-host).
If you need multiple gateways (e.g., a rescue bot on the same host), isolate ports + config/state (see docs: /gateway#multiple-gateways-same-host).

Troubles: run openclaw status
Troubleshooting: https://docs.openclaw.ai/troubleshooting
[2026-03-14 09:43:46] ✅ Gateway OK (RPC probe passed)
[2026-03-14 09:49:05] Watchdog check...
Cleanup hint: launchctl bootout gui/$UID/ai.openclaw.gateway
Cleanup hint: rm ~/Library/LaunchAgents/ai.openclaw.gateway.plist

Recommendation: run a single gateway per machine for most setups. One gateway supports multiple agents (see docs: /gateway#multiple-gateways-same-host).
If you need multiple gateways (e.g., a rescue bot on the same host), isolate ports + config/state (see docs: /gateway#multiple-gateways-same-host).

Troubles: run openclaw status
Troubleshooting: https://docs.openclaw.ai/troubleshooting
[2026-03-14 09:49:05] ✅ Gateway OK (RPC probe passed)
[2026-03-14 09:54:20] Watchdog check...
Cleanup hint: launchctl bootout gui/$UID/ai.openclaw.gateway
Cleanup hint: rm ~/Library/LaunchAgents/ai.openclaw.gateway.plist

Recommendation: run a single gateway per machine for most setups. One gateway supports multiple agents (see docs: /gateway#multiple-gateways-same-host).
If you need multiple gateways (e.g., a rescue bot on the same host), isolate ports + config/state (see docs: /gateway#multiple-gateways-same-host).

Troubles: run openclaw status
Troubleshooting: https://docs.openclaw.ai/troubleshooting
[2026-03-14 09:54:20] ✅ Gateway OK (RPC probe passed)
[2026-03-14 09:59:38] Watchdog check...
Cleanup hint: launchctl bootout gui/$UID/ai.openclaw.gateway
Cleanup hint: rm ~/Library/LaunchAgents/ai.openclaw.gateway.plist

Recommendation: run a single gateway per machine for most setups. One gateway supports multiple agents (see docs: /gateway#multiple-gateways-same-host).
If you need multiple gateways (e.g., a rescue bot on the same host), isolate ports + config/state (see docs: /gateway#multiple-gateways-same-host).

Troubles: run openclaw status
Troubleshooting: https://docs.openclaw.ai/troubleshooting
[2026-03-14 09:59:38] ✅ Gateway OK (RPC probe passed)
[2026-03-14 10:04:55] Watchdog check...
Cleanup hint: launchctl bootout gui/$UID/ai.openclaw.gateway
Cleanup hint: rm ~/Library/LaunchAgents/ai.openclaw.gateway.plist

Recommendation: run a single gateway per machine for most setups. One gateway supports multiple agents (see docs: /gateway#multiple-gateways-same-host).
If you need multiple gateways (e.g., a rescue bot on the same host), isolate ports + config/state (see docs: /gateway#multiple-gateways-same-host).

Troubles: run openclaw status
Troubleshooting: https://docs.openclaw.ai/troubleshooting
[2026-03-14 10:04:55] ✅ Gateway OK (RPC probe passed)
[2026-03-14 10:10:14] Watchdog check...
Cleanup hint: launchctl bootout gui/$UID/ai.openclaw.gateway
Cleanup hint: rm ~/Library/LaunchAgents/ai.openclaw.gateway.plist

Recommendation: run a single gateway per machine for most setups. One gateway supports multiple agents (see docs: /gateway#multiple-gateways-same-host).
If you need multiple gateways (e.g., a rescue bot on the same host), isolate ports + config/state (see docs: /gateway#multiple-gateways-same-host).

Troubles: run openclaw status
Troubleshooting: https://docs.openclaw.ai/troubleshooting
[2026-03-14 10:10:14] ✅ Gateway OK (RPC probe passed)
[2026-03-14 10:15:32] Watchdog check...
Cleanup hint: launchctl bootout gui/$UID/ai.openclaw.gateway
Cleanup hint: rm ~/Library/LaunchAgents/ai.openclaw.gateway.plist

Recommendation: run a single gateway per machine for most setups. One gateway supports multiple agents (see docs: /gateway#multiple-gateways-same-host).
If you need multiple gateways (e.g., a rescue bot on the same host), isolate ports + config/state (see docs: /gateway#multiple-gateways-same-host).

Troubles: run openclaw status
Troubleshooting: https://docs.openclaw.ai/troubleshooting
[2026-03-14 10:15:32] ✅ Gateway OK (RPC probe passed)
[2026-03-14 10:20:48] Watchdog check...
Cleanup hint: launchctl bootout gui/$UID/ai.openclaw.gateway
Cleanup hint: rm ~/Library/LaunchAgents/ai.openclaw.gateway.plist

Recommendation: run a single gateway per machine for most setups. One gateway supports multiple agents (see docs: /gateway#multiple-gateways-same-host).
If you need multiple gateways (e.g., a rescue bot on the same host), isolate ports + config/state (see docs: /gateway#multiple-gateways-same-host).

Troubles: run openclaw status
Troubleshooting: https://docs.openclaw.ai/troubleshooting
[2026-03-14 10:20:48] ✅ Gateway OK (RPC probe passed)
[2026-03-14 10:26:05] Watchdog check...
Cleanup hint: launchctl bootout gui/$UID/ai.openclaw.gateway
Cleanup hint: rm ~/Library/LaunchAgents/ai.openclaw.gateway.plist

Recommendation: run a single gateway per machine for most setups. One gateway supports multiple agents (see docs: /gateway#multiple-gateways-same-host).
If you need multiple gateways (e.g., a rescue bot on the same host), isolate ports + config/state (see docs: /gateway#multiple-gateways-same-host).

Troubles: run openclaw status
Troubleshooting: https://docs.openclaw.ai/troubleshooting
[2026-03-14 10:26:05] ✅ Gateway OK (RPC probe passed)
[2026-03-14 10:31:22] Watchdog check...
Cleanup hint: launchctl bootout gui/$UID/ai.openclaw.gateway
Cleanup hint: rm ~/Library/LaunchAgents/ai.openclaw.gateway.plist

Recommendation: run a single gateway per machine for most setups. One gateway supports multiple agents (see docs: /gateway#multiple-gateways-same-host).
If you need multiple gateways (e.g., a rescue bot on the same host), isolate ports + config/state (see docs: /gateway#multiple-gateways-same-host).

Troubles: run openclaw status
Troubleshooting: https://docs.openclaw.ai/troubleshooting
[2026-03-14 10:31:22] ✅ Gateway OK (RPC probe passed)
[2026-03-14 10:36:40] Watchdog check...
Cleanup hint: launchctl bootout gui/$UID/ai.openclaw.gateway
Cleanup hint: rm ~/Library/LaunchAgents/ai.openclaw.gateway.plist

Recommendation: run a single gateway per machine for most setups. One gateway supports multiple agents (see docs: /gateway#multiple-gateways-same-host).
If you need multiple gateways (e.g., a rescue bot on the same host), isolate ports + config/state (see docs: /gateway#multiple-gateways-same-host).

Troubles: run openclaw status
Troubleshooting: https://docs.openclaw.ai/troubleshooting
[2026-03-14 10:36:40] ✅ Gateway OK (RPC probe passed)
[2026-03-14 10:41:59] Watchdog check...
Cleanup hint: launchctl bootout gui/$UID/ai.openclaw.gateway
Cleanup hint: rm ~/Library/LaunchAgents/ai.openclaw.gateway.plist

Recommendation: run a single gateway per machine for most setups. One gateway supports multiple agents (see docs: /gateway#multiple-gateways-same-host).
If you need multiple gateways (e.g., a rescue bot on the same host), isolate ports + config/state (see docs: /gateway#multiple-gateways-same-host).

Troubles: run openclaw status
Troubleshooting: https://docs.openclaw.ai/troubleshooting
[2026-03-14 10:41:59] ✅ Gateway OK (RPC probe passed)
[2026-03-14 10:47:17] Watchdog check...
Cleanup hint: launchctl bootout gui/$UID/ai.openclaw.gateway
Cleanup hint: rm ~/Library/LaunchAgents/ai.openclaw.gateway.plist

Recommendation: run a single gateway per machine for most setups. One gateway supports multiple agents (see docs: /gateway#multiple-gateways-same-host).
If you need multiple gateways (e.g., a rescue bot on the same host), isolate ports + config/state (see docs: /gateway#multiple-gateways-same-host).

Troubles: run openclaw status
Troubleshooting: https://docs.openclaw.ai/troubleshooting
[2026-03-14 10:47:17] ✅ Gateway OK (RPC probe passed)
[2026-03-14 10:52:34] Watchdog check...
Cleanup hint: launchctl bootout gui/$UID/ai.openclaw.gateway
Cleanup hint: rm ~/Library/LaunchAgents/ai.openclaw.gateway.plist

Recommendation: run a single gateway per machine for most setups. One gateway supports multiple agents (see docs: /gateway#multiple-gateways-same-host).
If you need multiple gateways (e.g., a rescue bot on the same host), isolate ports + config/state (see docs: /gateway#multiple-gateways-same-host).

Troubles: run openclaw status
Troubleshooting: https://docs.openclaw.ai/troubleshooting
[2026-03-14 10:52:34] ✅ Gateway OK (RPC probe passed)
[2026-03-14 10:57:49] Watchdog check...
Cleanup hint: launchctl bootout gui/$UID/ai.openclaw.gateway
Cleanup hint: rm ~/Library/LaunchAgents/ai.openclaw.gateway.plist

Recommendation: run a single gateway per machine for most setups. One gateway supports multiple agents (see docs: /gateway#multiple-gateways-same-host).
If you need multiple gateways (e.g., a rescue bot on the same host), isolate ports + config/state (see docs: /gateway#multiple-gateways-same-host).

Troubles: run openclaw status
Troubleshooting: https://docs.openclaw.ai/troubleshooting
[2026-03-14 10:57:49] ✅ Gateway OK (RPC probe passed)
[2026-03-14 11:03:03] Watchdog check...
Cleanup hint: launchctl bootout gui/$UID/ai.openclaw.gateway
Cleanup hint: rm ~/Library/LaunchAgents/ai.openclaw.gateway.plist

Recommendation: run a single gateway per machine for most setups. One gateway supports multiple agents (see docs: /gateway#multiple-gateways-same-host).
If you need multiple gateways (e.g., a rescue bot on the same host), isolate ports + config/state (see docs: /gateway#multiple-gateways-same-host).

Troubles: run openclaw status
Troubleshooting: https://docs.openclaw.ai/troubleshooting
[2026-03-14 11:03:03] ✅ Gateway OK (RPC probe passed)
[2026-03-14 11:08:19] Watchdog check...
Cleanup hint: launchctl bootout gui/$UID/ai.openclaw.gateway
Cleanup hint: rm ~/Library/LaunchAgents/ai.openclaw.gateway.plist

Recommendation: run a single gateway per machine for most setups. One gateway supports multiple agents (see docs: /gateway#multiple-gateways-same-host).
If you need multiple gateways (e.g., a rescue bot on the same host), isolate ports + config/state (see docs: /gateway#multiple-gateways-same-host).

Troubles: run openclaw status
Troubleshooting: https://docs.openclaw.ai/troubleshooting
[2026-03-14 11:08:19] ✅ Gateway OK (RPC probe passed)
[2026-03-14 11:13:35] Watchdog check...
Cleanup hint: launchctl bootout gui/$UID/ai.openclaw.gateway
Cleanup hint: rm ~/Library/LaunchAgents/ai.openclaw.gateway.plist

Recommendation: run a single gateway per machine for most setups. One gateway supports multiple agents (see docs: /gateway#multiple-gateways-same-host).
If you need multiple gateways (e.g., a rescue bot on the same host), isolate ports + config/state (see docs: /gateway#multiple-gateways-same-host).

Troubles: run openclaw status
Troubleshooting: https://docs.openclaw.ai/troubleshooting
[2026-03-14 11:13:35] ✅ Gateway OK (RPC probe passed)
[2026-03-14 11:18:51] Watchdog check...
Cleanup hint: launchctl bootout gui/$UID/ai.openclaw.gateway
Cleanup hint: rm ~/Library/LaunchAgents/ai.openclaw.gateway.plist

Recommendation: run a single gateway per machine for most setups. One gateway supports multiple agents (see docs: /gateway#multiple-gateways-same-host).
If you need multiple gateways (e.g., a rescue bot on the same host), isolate ports + config/state (see docs: /gateway#multiple-gateways-same-host).

Troubles: run openclaw status
Troubleshooting: https://docs.openclaw.ai/troubleshooting
[2026-03-14 11:18:51] ✅ Gateway OK (RPC probe passed)
[2026-03-14 11:24:07] Watchdog check...
Cleanup hint: launchctl bootout gui/$UID/ai.openclaw.gateway
Cleanup hint: rm ~/Library/LaunchAgents/ai.openclaw.gateway.plist

Recommendation: run a single gateway per machine for most setups. One gateway supports multiple agents (see docs: /gateway#multiple-gateways-same-host).
If you need multiple gateways (e.g., a rescue bot on the same host), isolate ports + config/state (see docs: /gateway#multiple-gateways-same-host).

Troubles: run openclaw status
Troubleshooting: https://docs.openclaw.ai/troubleshooting
[2026-03-14 11:24:07] ✅ Gateway OK (RPC probe passed)
[2026-03-14 11:29:24] Watchdog check...
Cleanup hint: launchctl bootout gui/$UID/ai.openclaw.gateway
Cleanup hint: rm ~/Library/LaunchAgents/ai.openclaw.gateway.plist

Recommendation: run a single gateway per machine for most setups. One gateway supports multiple agents (see docs: /gateway#multiple-gateways-same-host).
If you need multiple gateways (e.g., a rescue bot on the same host), isolate ports + config/state (see docs: /gateway#multiple-gateways-same-host).

Troubles: run openclaw status
Troubleshooting: https://docs.openclaw.ai/troubleshooting
[2026-03-14 11:29:24] ✅ Gateway OK (RPC probe passed)
[2026-03-14 11:34:40] Watchdog check...
Cleanup hint: launchctl bootout gui/$UID/ai.openclaw.gateway
Cleanup hint: rm ~/Library/LaunchAgents/ai.openclaw.gateway.plist

Recommendation: run a single gateway per machine for most setups. One gateway supports multiple agents (see docs: /gateway#multiple-gateways-same-host).
If you need multiple gateways (e.g., a rescue bot on the same host), isolate ports + config/state (see docs: /gateway#multiple-gateways-same-host).

Troubles: run openclaw status
Troubleshooting: https://docs.openclaw.ai/troubleshooting
[2026-03-14 11:34:40] ✅ Gateway OK (RPC probe passed)
[2026-03-14 11:39:57] Watchdog check...
Cleanup hint: launchctl bootout gui/$UID/ai.openclaw.gateway
Cleanup hint: rm ~/Library/LaunchAgents/ai.openclaw.gateway.plist

Recommendation: run a single gateway per machine for most setups. One gateway supports multiple agents (see docs: /gateway#multiple-gateways-same-host).
If you need multiple gateways (e.g., a rescue bot on the same host), isolate ports + config/state (see docs: /gateway#multiple-gateways-same-host).

Troubles: run openclaw status
Troubleshooting: https://docs.openclaw.ai/troubleshooting
[2026-03-14 11:39:57] ✅ Gateway OK (RPC probe passed)
[2026-03-14 11:45:19] Watchdog check...
Cleanup hint: launchctl bootout gui/$UID/ai.openclaw.gateway
Cleanup hint: rm ~/Library/LaunchAgents/ai.openclaw.gateway.plist

Recommendation: run a single gateway per machine for most setups. One gateway supports multiple agents (see docs: /gateway#multiple-gateways-same-host).
If you need multiple gateways (e.g., a rescue bot on the same host), isolate ports + config/state (see docs: /gateway#multiple-gateways-same-host).

Troubles: run openclaw status
Troubleshooting: https://docs.openclaw.ai/troubleshooting
[2026-03-14 11:45:19] ✅ Gateway OK (RPC probe passed)
[2026-03-14 11:50:36] Watchdog check...
Cleanup hint: launchctl bootout gui/$UID/ai.openclaw.gateway
Cleanup hint: rm ~/Library/LaunchAgents/ai.openclaw.gateway.plist

Recommendation: run a single gateway per machine for most setups. One gateway supports multiple agents (see docs: /gateway#multiple-gateways-same-host).
If you need multiple gateways (e.g., a rescue bot on the same host), isolate ports + config/state (see docs: /gateway#multiple-gateways-same-host).

Troubles: run openclaw status
Troubleshooting: https://docs.openclaw.ai/troubleshooting
[2026-03-14 11:50:36] ✅ Gateway OK (RPC probe passed)
[2026-03-14 11:55:55] Watchdog check...
Cleanup hint: launchctl bootout gui/$UID/ai.openclaw.gateway
Cleanup hint: rm ~/Library/LaunchAgents/ai.openclaw.gateway.plist

Recommendation: run a single gateway per machine for most setups. One gateway supports multiple agents (see docs: /gateway#multiple-gateways-same-host).
If you need multiple gateways (e.g., a rescue bot on the same host), isolate ports + config/state (see docs: /gateway#multiple-gateways-same-host).

Troubles: run openclaw status
Troubleshooting: https://docs.openclaw.ai/troubleshooting
[2026-03-14 11:55:55] ✅ Gateway OK (RPC probe passed)
[2026-03-14 12:01:12] Watchdog check...
Cleanup hint: launchctl bootout gui/$UID/ai.openclaw.gateway
Cleanup hint: rm ~/Library/LaunchAgents/ai.openclaw.gateway.plist

Recommendation: run a single gateway per machine for most setups. One gateway supports multiple agents (see docs: /gateway#multiple-gateways-same-host).
If you need multiple gateways (e.g., a rescue bot on the same host), isolate ports + config/state (see docs: /gateway#multiple-gateways-same-host).

Troubles: run openclaw status
Troubleshooting: https://docs.openclaw.ai/troubleshooting
[2026-03-14 12:01:12] ✅ Gateway OK (RPC probe passed)
[2026-03-14 12:06:32] Watchdog check...
Cleanup hint: launchctl bootout gui/$UID/ai.openclaw.gateway
Cleanup hint: rm ~/Library/LaunchAgents/ai.openclaw.gateway.plist

Recommendation: run a single gateway per machine for most setups. One gateway supports multiple agents (see docs: /gateway#multiple-gateways-same-host).
If you need multiple gateways (e.g., a rescue bot on the same host), isolate ports + config/state (see docs: /gateway#multiple-gateways-same-host).

Troubles: run openclaw status
Troubleshooting: https://docs.openclaw.ai/troubleshooting
[2026-03-14 12:06:32] ✅ Gateway OK (RPC probe passed)
[2026-03-14 12:11:48] Watchdog check...
Cleanup hint: launchctl bootout gui/$UID/ai.openclaw.gateway
Cleanup hint: rm ~/Library/LaunchAgents/ai.openclaw.gateway.plist

Recommendation: run a single gateway per machine for most setups. One gateway supports multiple agents (see docs: /gateway#multiple-gateways-same-host).
If you need multiple gateways (e.g., a rescue bot on the same host), isolate ports + config/state (see docs: /gateway#multiple-gateways-same-host).

Troubles: run openclaw status
Troubleshooting: https://docs.openclaw.ai/troubleshooting
[2026-03-14 12:11:48] ✅ Gateway OK (RPC probe passed)
[2026-03-14 12:17:05] Watchdog check...
Cleanup hint: launchctl bootout gui/$UID/ai.openclaw.gateway
Cleanup hint: rm ~/Library/LaunchAgents/ai.openclaw.gateway.plist

Recommendation: run a single gateway per machine for most setups. One gateway supports multiple agents (see docs: /gateway#multiple-gateways-same-host).
If you need multiple gateways (e.g., a rescue bot on the same host), isolate ports + config/state (see docs: /gateway#multiple-gateways-same-host).

Troubles: run openclaw status
Troubleshooting: https://docs.openclaw.ai/troubleshooting
[2026-03-14 12:17:05] ✅ Gateway OK (RPC probe passed)
[2026-03-14 12:22:22] Watchdog check...
Cleanup hint: launchctl bootout gui/$UID/ai.openclaw.gateway
Cleanup hint: rm ~/Library/LaunchAgents/ai.openclaw.gateway.plist

Recommendation: run a single gateway per machine for most setups. One gateway supports multiple agents (see docs: /gateway#multiple-gateways-same-host).
If you need multiple gateways (e.g., a rescue bot on the same host), isolate ports + config/state (see docs: /gateway#multiple-gateways-same-host).

Troubles: run openclaw status
Troubleshooting: https://docs.openclaw.ai/troubleshooting
[2026-03-14 12:22:22] ✅ Gateway OK (RPC probe passed)
[2026-03-14 12:27:38] Watchdog check...
Cleanup hint: launchctl bootout gui/$UID/ai.openclaw.gateway
Cleanup hint: rm ~/Library/LaunchAgents/ai.openclaw.gateway.plist

Recommendation: run a single gateway per machine for most setups. One gateway supports multiple agents (see docs: /gateway#multiple-gateways-same-host).
If you need multiple gateways (e.g., a rescue bot on the same host), isolate ports + config/state (see docs: /gateway#multiple-gateways-same-host).

Troubles: run openclaw status
Troubleshooting: https://docs.openclaw.ai/troubleshooting
[2026-03-14 12:27:38] ✅ Gateway OK (RPC probe passed)
[2026-03-14 12:32:56] Watchdog check...
Cleanup hint: launchctl bootout gui/$UID/ai.openclaw.gateway
Cleanup hint: rm ~/Library/LaunchAgents/ai.openclaw.gateway.plist

Recommendation: run a single gateway per machine for most setups. One gateway supports multiple agents (see docs: /gateway#multiple-gateways-same-host).
If you need multiple gateways (e.g., a rescue bot on the same host), isolate ports + config/state (see docs: /gateway#multiple-gateways-same-host).

Troubles: run openclaw status
Troubleshooting: https://docs.openclaw.ai/troubleshooting
[2026-03-14 12:32:56] ✅ Gateway OK (RPC probe passed)
[2026-03-14 12:38:19] Watchdog check...
Cleanup hint: launchctl bootout gui/$UID/ai.openclaw.gateway
Cleanup hint: rm ~/Library/LaunchAgents/ai.openclaw.gateway.plist

Recommendation: run a single gateway per machine for most setups. One gateway supports multiple agents (see docs: /gateway#multiple-gateways-same-host).
If you need multiple gateways (e.g., a rescue bot on the same host), isolate ports + config/state (see docs: /gateway#multiple-gateways-same-host).

Troubles: run openclaw status
Troubleshooting: https://docs.openclaw.ai/troubleshooting
[2026-03-14 12:38:19] ✅ Gateway OK (RPC probe passed)
[2026-03-14 12:43:36] Watchdog check...
Cleanup hint: launchctl bootout gui/$UID/ai.openclaw.gateway
Cleanup hint: rm ~/Library/LaunchAgents/ai.openclaw.gateway.plist

Recommendation: run a single gateway per machine for most setups. One gateway supports multiple agents (see docs: /gateway#multiple-gateways-same-host).
If you need multiple gateways (e.g., a rescue bot on the same host), isolate ports + config/state (see docs: /gateway#multiple-gateways-same-host).

Troubles: run openclaw status
Troubleshooting: https://docs.openclaw.ai/troubleshooting
[2026-03-14 12:43:36] ✅ Gateway OK (RPC probe passed)
[2026-03-14 12:48:52] Watchdog check...
Cleanup hint: launchctl bootout gui/$UID/ai.openclaw.gateway
Cleanup hint: rm ~/Library/LaunchAgents/ai.openclaw.gateway.plist

Recommendation: run a single gateway per machine for most setups. One gateway supports multiple agents (see docs: /gateway#multiple-gateways-same-host).
If you need multiple gateways (e.g., a rescue bot on the same host), isolate ports + config/state (see docs: /gateway#multiple-gateways-same-host).

Troubles: run openclaw status
Troubleshooting: https://docs.openclaw.ai/troubleshooting
[2026-03-14 12:48:52] ✅ Gateway OK (RPC probe passed)
[2026-03-14 12:54:07] Watchdog check...
Cleanup hint: launchctl bootout gui/$UID/ai.openclaw.gateway
Cleanup hint: rm ~/Library/LaunchAgents/ai.openclaw.gateway.plist

Recommendation: run a single gateway per machine for most setups. One gateway supports multiple agents (see docs: /gateway#multiple-gateways-same-host).
If you need multiple gateways (e.g., a rescue bot on the same host), isolate ports + config/state (see docs: /gateway#multiple-gateways-same-host).

Troubles: run openclaw status
Troubleshooting: https://docs.openclaw.ai/troubleshooting
[2026-03-14 12:54:07] ✅ Gateway OK (RPC probe passed)
[2026-03-14 12:59:23] Watchdog check...
Cleanup hint: launchctl bootout gui/$UID/ai.openclaw.gateway
Cleanup hint: rm ~/Library/LaunchAgents/ai.openclaw.gateway.plist

Recommendation: run a single gateway per machine for most setups. One gateway supports multiple agents (see docs: /gateway#multiple-gateways-same-host).
If you need multiple gateways (e.g., a rescue bot on the same host), isolate ports + config/state (see docs: /gateway#multiple-gateways-same-host).

Troubles: run openclaw status
Troubleshooting: https://docs.openclaw.ai/troubleshooting
[2026-03-14 12:59:23] ✅ Gateway OK (RPC probe passed)
[2026-03-14 13:04:40] Watchdog check...
Cleanup hint: launchctl bootout gui/$UID/ai.openclaw.gateway
Cleanup hint: rm ~/Library/LaunchAgents/ai.openclaw.gateway.plist

Recommendation: run a single gateway per machine for most setups. One gateway supports multiple agents (see docs: /gateway#multiple-gateways-same-host).
If you need multiple gateways (e.g., a rescue bot on the same host), isolate ports + config/state (see docs: /gateway#multiple-gateways-same-host).

Troubles: run openclaw status
Troubleshooting: https://docs.openclaw.ai/troubleshooting
[2026-03-14 13:04:40] ✅ Gateway OK (RPC probe passed)
[2026-03-14 13:09:53] Watchdog check...
Cleanup hint: launchctl bootout gui/$UID/ai.openclaw.gateway
Cleanup hint: rm ~/Library/LaunchAgents/ai.openclaw.gateway.plist

Recommendation: run a single gateway per machine for most setups. One gateway supports multiple agents (see docs: /gateway#multiple-gateways-same-host).
If you need multiple gateways (e.g., a rescue bot on the same host), isolate ports + config/state (see docs: /gateway#multiple-gateways-same-host).

Troubles: run openclaw status
Troubleshooting: https://docs.openclaw.ai/troubleshooting
[2026-03-14 13:09:53] ✅ Gateway OK (RPC probe passed)
[2026-03-14 13:15:07] Watchdog check...
Cleanup hint: launchctl bootout gui/$UID/ai.openclaw.gateway
Cleanup hint: rm ~/Library/LaunchAgents/ai.openclaw.gateway.plist

Recommendation: run a single gateway per machine for most setups. One gateway supports multiple agents (see docs: /gateway#multiple-gateways-same-host).
If you need multiple gateways (e.g., a rescue bot on the same host), isolate ports + config/state (see docs: /gateway#multiple-gateways-same-host).

Troubles: run openclaw status
Troubleshooting: https://docs.openclaw.ai/troubleshooting
[2026-03-14 13:15:07] ✅ Gateway OK (RPC probe passed)
[2026-03-14 13:20:21] Watchdog check...
Cleanup hint: launchctl bootout gui/$UID/ai.openclaw.gateway
Cleanup hint: rm ~/Library/LaunchAgents/ai.openclaw.gateway.plist

Recommendation: run a single gateway per machine for most setups. One gateway supports multiple agents (see docs: /gateway#multiple-gateways-same-host).
If you need multiple gateways (e.g., a rescue bot on the same host), isolate ports + config/state (see docs: /gateway#multiple-gateways-same-host).

Troubles: run openclaw status
Troubleshooting: https://docs.openclaw.ai/troubleshooting
[2026-03-14 13:20:21] ✅ Gateway OK (RPC probe passed)
[2026-03-14 13:25:35] Watchdog check...
Cleanup hint: launchctl bootout gui/$UID/ai.openclaw.gateway
Cleanup hint: rm ~/Library/LaunchAgents/ai.openclaw.gateway.plist

Recommendation: run a single gateway per machine for most setups. One gateway supports multiple agents (see docs: /gateway#multiple-gateways-same-host).
If you need multiple gateways (e.g., a rescue bot on the same host), isolate ports + config/state (see docs: /gateway#multiple-gateways-same-host).

Troubles: run openclaw status
Troubleshooting: https://docs.openclaw.ai/troubleshooting
[2026-03-14 13:25:35] ✅ Gateway OK (RPC probe passed)
[2026-03-14 13:30:53] Watchdog check...
Cleanup hint: launchctl bootout gui/$UID/ai.openclaw.gateway
Cleanup hint: rm ~/Library/LaunchAgents/ai.openclaw.gateway.plist

Recommendation: run a single gateway per machine for most setups. One gateway supports multiple agents (see docs: /gateway#multiple-gateways-same-host).
If you need multiple gateways (e.g., a rescue bot on the same host), isolate ports + config/state (see docs: /gateway#multiple-gateways-same-host).

Troubles: run openclaw status
Troubleshooting: https://docs.openclaw.ai/troubleshooting
[2026-03-14 13:30:53] ✅ Gateway OK (RPC probe passed)
[2026-03-14 13:36:08] Watchdog check...
Cleanup hint: launchctl bootout gui/$UID/ai.openclaw.gateway
Cleanup hint: rm ~/Library/LaunchAgents/ai.openclaw.gateway.plist

Recommendation: run a single gateway per machine for most setups. One gateway supports multiple agents (see docs: /gateway#multiple-gateways-same-host).
If you need multiple gateways (e.g., a rescue bot on the same host), isolate ports + config/state (see docs: /gateway#multiple-gateways-same-host).

Troubles: run openclaw status
Troubleshooting: https://docs.openclaw.ai/troubleshooting
[2026-03-14 13:36:08] ✅ Gateway OK (RPC probe passed)
[2026-03-14 13:41:30] Watchdog check...
Cleanup hint: launchctl bootout gui/$UID/ai.openclaw.gateway
Cleanup hint: rm ~/Library/LaunchAgents/ai.openclaw.gateway.plist

Recommendation: run a single gateway per machine for most setups. One gateway supports multiple agents (see docs: /gateway#multiple-gateways-same-host).
If you need multiple gateways (e.g., a rescue bot on the same host), isolate ports + config/state (see docs: /gateway#multiple-gateways-same-host).

Troubles: run openclaw status
Troubleshooting: https://docs.openclaw.ai/troubleshooting
[2026-03-14 13:41:30] ✅ Gateway OK (RPC probe passed)
[2026-03-14 13:46:46] Watchdog check...
Cleanup hint: launchctl bootout gui/$UID/ai.openclaw.gateway
Cleanup hint: rm ~/Library/LaunchAgents/ai.openclaw.gateway.plist

Recommendation: run a single gateway per machine for most setups. One gateway supports multiple agents (see docs: /gateway#multiple-gateways-same-host).
If you need multiple gateways (e.g., a rescue bot on the same host), isolate ports + config/state (see docs: /gateway#multiple-gateways-same-host).

Troubles: run openclaw status
Troubleshooting: https://docs.openclaw.ai/troubleshooting
[2026-03-14 13:46:46] ✅ Gateway OK (RPC probe passed)
[2026-03-14 13:52:03] Watchdog check...
Cleanup hint: launchctl bootout gui/$UID/ai.openclaw.gateway
Cleanup hint: rm ~/Library/LaunchAgents/ai.openclaw.gateway.plist

Recommendation: run a single gateway per machine for most setups. One gateway supports multiple agents (see docs: /gateway#multiple-gateways-same-host).
If you need multiple gateways (e.g., a rescue bot on the same host), isolate ports + config/state (see docs: /gateway#multiple-gateways-same-host).

Troubles: run openclaw status
Troubleshooting: https://docs.openclaw.ai/troubleshooting
[2026-03-14 13:52:03] ✅ Gateway OK (RPC probe passed)
[2026-03-14 13:57:18] Watchdog check...
Cleanup hint: launchctl bootout gui/$UID/ai.openclaw.gateway
Cleanup hint: rm ~/Library/LaunchAgents/ai.openclaw.gateway.plist

Recommendation: run a single gateway per machine for most setups. One gateway supports multiple agents (see docs: /gateway#multiple-gateways-same-host).
If you need multiple gateways (e.g., a rescue bot on the same host), isolate ports + config/state (see docs: /gateway#multiple-gateways-same-host).

Troubles: run openclaw status
Troubleshooting: https://docs.openclaw.ai/troubleshooting
[2026-03-14 13:57:18] ✅ Gateway OK (RPC probe passed)
[2026-03-14 14:02:39] Watchdog check...
Cleanup hint: launchctl bootout gui/$UID/ai.openclaw.gateway
Cleanup hint: rm ~/Library/LaunchAgents/ai.openclaw.gateway.plist

Recommendation: run a single gateway per machine for most setups. One gateway supports multiple agents (see docs: /gateway#multiple-gateways-same-host).
If you need multiple gateways (e.g., a rescue bot on the same host), isolate ports + config/state (see docs: /gateway#multiple-gateways-same-host).

Troubles: run openclaw status
Troubleshooting: https://docs.openclaw.ai/troubleshooting
[2026-03-14 14:02:39] ✅ Gateway OK (RPC probe passed)
[2026-03-14 14:07:55] Watchdog check...
Cleanup hint: launchctl bootout gui/$UID/ai.openclaw.gateway
Cleanup hint: rm ~/Library/LaunchAgents/ai.openclaw.gateway.plist

Recommendation: run a single gateway per machine for most setups. One gateway supports multiple agents (see docs: /gateway#multiple-gateways-same-host).
If you need multiple gateways (e.g., a rescue bot on the same host), isolate ports + config/state (see docs: /gateway#multiple-gateways-same-host).

Troubles: run openclaw status
Troubleshooting: https://docs.openclaw.ai/troubleshooting
[2026-03-14 14:07:55] ✅ Gateway OK (RPC probe passed)
[2026-03-14 14:13:08] Watchdog check...
Cleanup hint: launchctl bootout gui/$UID/ai.openclaw.gateway
Cleanup hint: rm ~/Library/LaunchAgents/ai.openclaw.gateway.plist

Recommendation: run a single gateway per machine for most setups. One gateway supports multiple agents (see docs: /gateway#multiple-gateways-same-host).
If you need multiple gateways (e.g., a rescue bot on the same host), isolate ports + config/state (see docs: /gateway#multiple-gateways-same-host).

Troubles: run openclaw status
Troubleshooting: https://docs.openclaw.ai/troubleshooting
[2026-03-14 14:13:08] ✅ Gateway OK (RPC probe passed)
[2026-03-14 14:18:21] Watchdog check...
Cleanup hint: launchctl bootout gui/$UID/ai.openclaw.gateway
Cleanup hint: rm ~/Library/LaunchAgents/ai.openclaw.gateway.plist

Recommendation: run a single gateway per machine for most setups. One gateway supports multiple agents (see docs: /gateway#multiple-gateways-same-host).
If you need multiple gateways (e.g., a rescue bot on the same host), isolate ports + config/state (see docs: /gateway#multiple-gateways-same-host).

Troubles: run openclaw status
Troubleshooting: https://docs.openclaw.ai/troubleshooting
[2026-03-14 14:18:21] ✅ Gateway OK (RPC probe passed)
[2026-03-14 14:23:38] Watchdog check...
Cleanup hint: launchctl bootout gui/$UID/ai.openclaw.gateway
Cleanup hint: rm ~/Library/LaunchAgents/ai.openclaw.gateway.plist

Recommendation: run a single gateway per machine for most setups. One gateway supports multiple agents (see docs: /gateway#multiple-gateways-same-host).
If you need multiple gateways (e.g., a rescue bot on the same host), isolate ports + config/state (see docs: /gateway#multiple-gateways-same-host).

Troubles: run openclaw status
Troubleshooting: https://docs.openclaw.ai/troubleshooting
[2026-03-14 14:23:38] ✅ Gateway OK (RPC probe passed)
[2026-03-14 14:28:50] Watchdog check...
Cleanup hint: launchctl bootout gui/$UID/ai.openclaw.gateway
Cleanup hint: rm ~/Library/LaunchAgents/ai.openclaw.gateway.plist

Recommendation: run a single gateway per machine for most setups. One gateway supports multiple agents (see docs: /gateway#multiple-gateways-same-host).
If you need multiple gateways (e.g., a rescue bot on the same host), isolate ports + config/state (see docs: /gateway#multiple-gateways-same-host).

Troubles: run openclaw status
Troubleshooting: https://docs.openclaw.ai/troubleshooting
[2026-03-14 14:28:50] ✅ Gateway OK (RPC probe passed)
[2026-03-14 14:34:03] Watchdog check...
Cleanup hint: launchctl bootout gui/$UID/ai.openclaw.gateway
Cleanup hint: rm ~/Library/LaunchAgents/ai.openclaw.gateway.plist

Recommendation: run a single gateway per machine for most setups. One gateway supports multiple agents (see docs: /gateway#multiple-gateways-same-host).
If you need multiple gateways (e.g., a rescue bot on the same host), isolate ports + config/state (see docs: /gateway#multiple-gateways-same-host).

Troubles: run openclaw status
Troubleshooting: https://docs.openclaw.ai/troubleshooting
[2026-03-14 14:34:03] ✅ Gateway OK (RPC probe passed)
[2026-03-14 14:39:16] Watchdog check...
Cleanup hint: launchctl bootout gui/$UID/ai.openclaw.gateway
Cleanup hint: rm ~/Library/LaunchAgents/ai.openclaw.gateway.plist

Recommendation: run a single gateway per machine for most setups. One gateway supports multiple agents (see docs: /gateway#multiple-gateways-same-host).
If you need multiple gateways (e.g., a rescue bot on the same host), isolate ports + config/state (see docs: /gateway#multiple-gateways-same-host).

Troubles: run openclaw status
Troubleshooting: https://docs.openclaw.ai/troubleshooting
[2026-03-14 14:39:16] ✅ Gateway OK (RPC probe passed)
[2026-03-14 14:44:28] Watchdog check...
Cleanup hint: launchctl bootout gui/$UID/ai.openclaw.gateway
Cleanup hint: rm ~/Library/LaunchAgents/ai.openclaw.gateway.plist

Recommendation: run a single gateway per machine for most setups. One gateway supports multiple agents (see docs: /gateway#multiple-gateways-same-host).
If you need multiple gateways (e.g., a rescue bot on the same host), isolate ports + config/state (see docs: /gateway#multiple-gateways-same-host).

Troubles: run openclaw status
Troubleshooting: https://docs.openclaw.ai/troubleshooting
[2026-03-14 14:44:28] ✅ Gateway OK (RPC probe passed)
[2026-03-14 14:49:40] Watchdog check...
Cleanup hint: launchctl bootout gui/$UID/ai.openclaw.gateway
Cleanup hint: rm ~/Library/LaunchAgents/ai.openclaw.gateway.plist

Recommendation: run a single gateway per machine for most setups. One gateway supports multiple agents (see docs: /gateway#multiple-gateways-same-host).
If you need multiple gateways (e.g., a rescue bot on the same host), isolate ports + config/state (see docs: /gateway#multiple-gateways-same-host).

Troubles: run openclaw status
Troubleshooting: https://docs.openclaw.ai/troubleshooting
[2026-03-14 14:49:40] ✅ Gateway OK (RPC probe passed)
[2026-03-14 14:54:52] Watchdog check...
Cleanup hint: launchctl bootout gui/$UID/ai.openclaw.gateway
Cleanup hint: rm ~/Library/LaunchAgents/ai.openclaw.gateway.plist

Recommendation: run a single gateway per machine for most setups. One gateway supports multiple agents (see docs: /gateway#multiple-gateways-same-host).
If you need multiple gateways (e.g., a rescue bot on the same host), isolate ports + config/state (see docs: /gateway#multiple-gateways-same-host).

Troubles: run openclaw status
Troubleshooting: https://docs.openclaw.ai/troubleshooting
[2026-03-14 14:54:52] ✅ Gateway OK (RPC probe passed)
[2026-03-14 15:00:03] Watchdog check...
Cleanup hint: launchctl bootout gui/$UID/ai.openclaw.gateway
Cleanup hint: rm ~/Library/LaunchAgents/ai.openclaw.gateway.plist

Recommendation: run a single gateway per machine for most setups. One gateway supports multiple agents (see docs: /gateway#multiple-gateways-same-host).
If you need multiple gateways (e.g., a rescue bot on the same host), isolate ports + config/state (see docs: /gateway#multiple-gateways-same-host).

Troubles: run openclaw status
Troubleshooting: https://docs.openclaw.ai/troubleshooting
[2026-03-14 15:00:03] ✅ Gateway OK (RPC probe passed)
[2026-03-14 15:05:15] Watchdog check...
Cleanup hint: launchctl bootout gui/$UID/ai.openclaw.gateway
Cleanup hint: rm ~/Library/LaunchAgents/ai.openclaw.gateway.plist

Recommendation: run a single gateway per machine for most setups. One gateway supports multiple agents (see docs: /gateway#multiple-gateways-same-host).
If you need multiple gateways (e.g., a rescue bot on the same host), isolate ports + config/state (see docs: /gateway#multiple-gateways-same-host).

Troubles: run openclaw status
Troubleshooting: https://docs.openclaw.ai/troubleshooting
[2026-03-14 15:05:15] ✅ Gateway OK (RPC probe passed)
[2026-03-14 15:10:33] Watchdog check...
Cleanup hint: launchctl bootout gui/$UID/ai.openclaw.gateway
Cleanup hint: rm ~/Library/LaunchAgents/ai.openclaw.gateway.plist

Recommendation: run a single gateway per machine for most setups. One gateway supports multiple agents (see docs: /gateway#multiple-gateways-same-host).
If you need multiple gateways (e.g., a rescue bot on the same host), isolate ports + config/state (see docs: /gateway#multiple-gateways-same-host).

Troubles: run openclaw status
Troubleshooting: https://docs.openclaw.ai/troubleshooting
[2026-03-14 15:10:33] ✅ Gateway OK (RPC probe passed)
[2026-03-14 15:15:45] Watchdog check...
Cleanup hint: launchctl bootout gui/$UID/ai.openclaw.gateway
Cleanup hint: rm ~/Library/LaunchAgents/ai.openclaw.gateway.plist

Recommendation: run a single gateway per machine for most setups. One gateway supports multiple agents (see docs: /gateway#multiple-gateways-same-host).
If you need multiple gateways (e.g., a rescue bot on the same host), isolate ports + config/state (see docs: /gateway#multiple-gateways-same-host).

Troubles: run openclaw status
Troubleshooting: https://docs.openclaw.ai/troubleshooting
[2026-03-14 15:15:45] ✅ Gateway OK (RPC probe passed)
[2026-03-14 15:20:58] Watchdog check...
Cleanup hint: launchctl bootout gui/$UID/ai.openclaw.gateway
Cleanup hint: rm ~/Library/LaunchAgents/ai.openclaw.gateway.plist

Recommendation: run a single gateway per machine for most setups. One gateway supports multiple agents (see docs: /gateway#multiple-gateways-same-host).
If you need multiple gateways (e.g., a rescue bot on the same host), isolate ports + config/state (see docs: /gateway#multiple-gateways-same-host).

Troubles: run openclaw status
Troubleshooting: https://docs.openclaw.ai/troubleshooting
[2026-03-14 15:20:58] ✅ Gateway OK (RPC probe passed)
[2026-03-14 15:26:12] Watchdog check...
Cleanup hint: launchctl bootout gui/$UID/ai.openclaw.gateway
Cleanup hint: rm ~/Library/LaunchAgents/ai.openclaw.gateway.plist

Recommendation: run a single gateway per machine for most setups. One gateway supports multiple agents (see docs: /gateway#multiple-gateways-same-host).
If you need multiple gateways (e.g., a rescue bot on the same host), isolate ports + config/state (see docs: /gateway#multiple-gateways-same-host).

Troubles: run openclaw status
Troubleshooting: https://docs.openclaw.ai/troubleshooting
[2026-03-14 15:26:12] ✅ Gateway OK (RPC probe passed)
[2026-03-14 15:31:25] Watchdog check...
Cleanup hint: launchctl bootout gui/$UID/ai.openclaw.gateway
Cleanup hint: rm ~/Library/LaunchAgents/ai.openclaw.gateway.plist

Recommendation: run a single gateway per machine for most setups. One gateway supports multiple agents (see docs: /gateway#multiple-gateways-same-host).
If you need multiple gateways (e.g., a rescue bot on the same host), isolate ports + config/state (see docs: /gateway#multiple-gateways-same-host).

Troubles: run openclaw status
Troubleshooting: https://docs.openclaw.ai/troubleshooting
[2026-03-14 15:31:25] ✅ Gateway OK (RPC probe passed)
[2026-03-14 15:36:37] Watchdog check...
Cleanup hint: launchctl bootout gui/$UID/ai.openclaw.gateway
Cleanup hint: rm ~/Library/LaunchAgents/ai.openclaw.gateway.plist

Recommendation: run a single gateway per machine for most setups. One gateway supports multiple agents (see docs: /gateway#multiple-gateways-same-host).
If you need multiple gateways (e.g., a rescue bot on the same host), isolate ports + config/state (see docs: /gateway#multiple-gateways-same-host).

Troubles: run openclaw status
Troubleshooting: https://docs.openclaw.ai/troubleshooting
[2026-03-14 15:36:37] ✅ Gateway OK (RPC probe passed)
[2026-03-14 15:41:49] Watchdog check...
Cleanup hint: launchctl bootout gui/$UID/ai.openclaw.gateway
Cleanup hint: rm ~/Library/LaunchAgents/ai.openclaw.gateway.plist

Recommendation: run a single gateway per machine for most setups. One gateway supports multiple agents (see docs: /gateway#multiple-gateways-same-host).
If you need multiple gateways (e.g., a rescue bot on the same host), isolate ports + config/state (see docs: /gateway#multiple-gateways-same-host).

Troubles: run openclaw status
Troubleshooting: https://docs.openclaw.ai/troubleshooting
[2026-03-14 15:41:49] ✅ Gateway OK (RPC probe passed)
[2026-03-14 15:47:01] Watchdog check...
Cleanup hint: launchctl bootout gui/$UID/ai.openclaw.gateway
Cleanup hint: rm ~/Library/LaunchAgents/ai.openclaw.gateway.plist

Recommendation: run a single gateway per machine for most setups. One gateway supports multiple agents (see docs: /gateway#multiple-gateways-same-host).
If you need multiple gateways (e.g., a rescue bot on the same host), isolate ports + config/state (see docs: /gateway#multiple-gateways-same-host).

Troubles: run openclaw status
Troubleshooting: https://docs.openclaw.ai/troubleshooting
[2026-03-14 15:47:01] ✅ Gateway OK (RPC probe passed)
[2026-03-14 15:52:10] Watchdog check...
Cleanup hint: launchctl bootout gui/$UID/ai.openclaw.gateway
Cleanup hint: rm ~/Library/LaunchAgents/ai.openclaw.gateway.plist

Recommendation: run a single gateway per machine for most setups. One gateway supports multiple agents (see docs: /gateway#multiple-gateways-same-host).
If you need multiple gateways (e.g., a rescue bot on the same host), isolate ports + config/state (see docs: /gateway#multiple-gateways-same-host).

Troubles: run openclaw status
Troubleshooting: https://docs.openclaw.ai/troubleshooting
[2026-03-14 15:52:10] ✅ Gateway OK (RPC probe passed)
[2026-03-14 15:57:20] Watchdog check...
Cleanup hint: launchctl bootout gui/$UID/ai.openclaw.gateway
Cleanup hint: rm ~/Library/LaunchAgents/ai.openclaw.gateway.plist

Recommendation: run a single gateway per machine for most setups. One gateway supports multiple agents (see docs: /gateway#multiple-gateways-same-host).
If you need multiple gateways (e.g., a rescue bot on the same host), isolate ports + config/state (see docs: /gateway#multiple-gateways-same-host).

Troubles: run openclaw status
Troubleshooting: https://docs.openclaw.ai/troubleshooting
[2026-03-14 15:57:20] ✅ Gateway OK (RPC probe passed)
[2026-03-14 16:02:30] Watchdog check...
Cleanup hint: launchctl bootout gui/$UID/ai.openclaw.gateway
Cleanup hint: rm ~/Library/LaunchAgents/ai.openclaw.gateway.plist

Recommendation: run a single gateway per machine for most setups. One gateway supports multiple agents (see docs: /gateway#multiple-gateways-same-host).
If you need multiple gateways (e.g., a rescue bot on the same host), isolate ports + config/state (see docs: /gateway#multiple-gateways-same-host).

Troubles: run openclaw status
Troubleshooting: https://docs.openclaw.ai/troubleshooting
[2026-03-14 16:02:30] ✅ Gateway OK (RPC probe passed)
[2026-03-14 16:07:40] Watchdog check...
Cleanup hint: launchctl bootout gui/$UID/ai.openclaw.gateway
Cleanup hint: rm ~/Library/LaunchAgents/ai.openclaw.gateway.plist

Recommendation: run a single gateway per machine for most setups. One gateway supports multiple agents (see docs: /gateway#multiple-gateways-same-host).
If you need multiple gateways (e.g., a rescue bot on the same host), isolate ports + config/state (see docs: /gateway#multiple-gateways-same-host).

Troubles: run openclaw status
Troubleshooting: https://docs.openclaw.ai/troubleshooting
[2026-03-14 16:07:40] ✅ Gateway OK (RPC probe passed)
[2026-03-14 16:12:49] Watchdog check...
Cleanup hint: launchctl bootout gui/$UID/ai.openclaw.gateway
Cleanup hint: rm ~/Library/LaunchAgents/ai.openclaw.gateway.plist

Recommendation: run a single gateway per machine for most setups. One gateway supports multiple agents (see docs: /gateway#multiple-gateways-same-host).
If you need multiple gateways (e.g., a rescue bot on the same host), isolate ports + config/state (see docs: /gateway#multiple-gateways-same-host).

Troubles: run openclaw status
Troubleshooting: https://docs.openclaw.ai/troubleshooting
[2026-03-14 16:12:49] ✅ Gateway OK (RPC probe passed)
[2026-03-14 16:17:59] Watchdog check...
Cleanup hint: launchctl bootout gui/$UID/ai.openclaw.gateway
Cleanup hint: rm ~/Library/LaunchAgents/ai.openclaw.gateway.plist

Recommendation: run a single gateway per machine for most setups. One gateway supports multiple agents (see docs: /gateway#multiple-gateways-same-host).
If you need multiple gateways (e.g., a rescue bot on the same host), isolate ports + config/state (see docs: /gateway#multiple-gateways-same-host).

Troubles: run openclaw status
Troubleshooting: https://docs.openclaw.ai/troubleshooting
[2026-03-14 16:17:59] ✅ Gateway OK (RPC probe passed)
[2026-03-14 16:23:17] Watchdog check...
Cleanup hint: launchctl bootout gui/$UID/ai.openclaw.gateway
Cleanup hint: rm ~/Library/LaunchAgents/ai.openclaw.gateway.plist

Recommendation: run a single gateway per machine for most setups. One gateway supports multiple agents (see docs: /gateway#multiple-gateways-same-host).
If you need multiple gateways (e.g., a rescue bot on the same host), isolate ports + config/state (see docs: /gateway#multiple-gateways-same-host).

Troubles: run openclaw status
Troubleshooting: https://docs.openclaw.ai/troubleshooting
[2026-03-14 16:23:17] ✅ Gateway OK (RPC probe passed)
[2026-03-14 16:28:35] Watchdog check...
Cleanup hint: launchctl bootout gui/$UID/ai.openclaw.gateway
Cleanup hint: rm ~/Library/LaunchAgents/ai.openclaw.gateway.plist

Recommendation: run a single gateway per machine for most setups. One gateway supports multiple agents (see docs: /gateway#multiple-gateways-same-host).
If you need multiple gateways (e.g., a rescue bot on the same host), isolate ports + config/state (see docs: /gateway#multiple-gateways-same-host).

Troubles: run openclaw status
Troubleshooting: https://docs.openclaw.ai/troubleshooting
[2026-03-14 16:28:35] ✅ Gateway OK (RPC probe passed)
[2026-03-14 16:33:47] Watchdog check...
Cleanup hint: launchctl bootout gui/$UID/ai.openclaw.gateway
Cleanup hint: rm ~/Library/LaunchAgents/ai.openclaw.gateway.plist

Recommendation: run a single gateway per machine for most setups. One gateway supports multiple agents (see docs: /gateway#multiple-gateways-same-host).
If you need multiple gateways (e.g., a rescue bot on the same host), isolate ports + config/state (see docs: /gateway#multiple-gateways-same-host).

Troubles: run openclaw status
Troubleshooting: https://docs.openclaw.ai/troubleshooting
[2026-03-14 16:33:47] ✅ Gateway OK (RPC probe passed)
[2026-03-14 16:39:03] Watchdog check...
Cleanup hint: launchctl bootout gui/$UID/ai.openclaw.gateway
Cleanup hint: rm ~/Library/LaunchAgents/ai.openclaw.gateway.plist

Recommendation: run a single gateway per machine for most setups. One gateway supports multiple agents (see docs: /gateway#multiple-gateways-same-host).
If you need multiple gateways (e.g., a rescue bot on the same host), isolate ports + config/state (see docs: /gateway#multiple-gateways-same-host).

Troubles: run openclaw status
Troubleshooting: https://docs.openclaw.ai/troubleshooting
[2026-03-14 16:39:03] ✅ Gateway OK (RPC probe passed)
[2026-03-14 16:44:20] Watchdog check...
Cleanup hint: launchctl bootout gui/$UID/ai.openclaw.gateway
Cleanup hint: rm ~/Library/LaunchAgents/ai.openclaw.gateway.plist

Recommendation: run a single gateway per machine for most setups. One gateway supports multiple agents (see docs: /gateway#multiple-gateways-same-host).
If you need multiple gateways (e.g., a rescue bot on the same host), isolate ports + config/state (see docs: /gateway#multiple-gateways-same-host).

Troubles: run openclaw status
Troubleshooting: https://docs.openclaw.ai/troubleshooting
[2026-03-14 16:44:20] ✅ Gateway OK (RPC probe passed)
[2026-03-14 16:49:34] Watchdog check...
Cleanup hint: launchctl bootout gui/$UID/ai.openclaw.gateway
Cleanup hint: rm ~/Library/LaunchAgents/ai.openclaw.gateway.plist

Recommendation: run a single gateway per machine for most setups. One gateway supports multiple agents (see docs: /gateway#multiple-gateways-same-host).
If you need multiple gateways (e.g., a rescue bot on the same host), isolate ports + config/state (see docs: /gateway#multiple-gateways-same-host).

Troubles: run openclaw status
Troubleshooting: https://docs.openclaw.ai/troubleshooting
[2026-03-14 16:49:34] ✅ Gateway OK (RPC probe passed)
[2026-03-14 16:54:54] Watchdog check...
Cleanup hint: launchctl bootout gui/$UID/ai.openclaw.gateway
Cleanup hint: rm ~/Library/LaunchAgents/ai.openclaw.gateway.plist

Recommendation: run a single gateway per machine for most setups. One gateway supports multiple agents (see docs: /gateway#multiple-gateways-same-host).
If you need multiple gateways (e.g., a rescue bot on the same host), isolate ports + config/state (see docs: /gateway#multiple-gateways-same-host).

Troubles: run openclaw status
Troubleshooting: https://docs.openclaw.ai/troubleshooting
[2026-03-14 16:54:54] ✅ Gateway OK (RPC probe passed)
[2026-03-14 17:00:13] Watchdog check...
Cleanup hint: launchctl bootout gui/$UID/ai.openclaw.gateway
Cleanup hint: rm ~/Library/LaunchAgents/ai.openclaw.gateway.plist

Recommendation: run a single gateway per machine for most setups. One gateway supports multiple agents (see docs: /gateway#multiple-gateways-same-host).
If you need multiple gateways (e.g., a rescue bot on the same host), isolate ports + config/state (see docs: /gateway#multiple-gateways-same-host).

Troubles: run openclaw status
Troubleshooting: https://docs.openclaw.ai/troubleshooting
[2026-03-14 17:00:13] ✅ Gateway OK (RPC probe passed)
[2026-03-14 17:05:28] Watchdog check...
Cleanup hint: launchctl bootout gui/$UID/ai.openclaw.gateway
Cleanup hint: rm ~/Library/LaunchAgents/ai.openclaw.gateway.plist

Recommendation: run a single gateway per machine for most setups. One gateway supports multiple agents (see docs: /gateway#multiple-gateways-same-host).
If you need multiple gateways (e.g., a rescue bot on the same host), isolate ports + config/state (see docs: /gateway#multiple-gateways-same-host).

Troubles: run openclaw status
Troubleshooting: https://docs.openclaw.ai/troubleshooting
[2026-03-14 17:05:28] ✅ Gateway OK (RPC probe passed)
[2026-03-14 17:10:42] Watchdog check...
Cleanup hint: launchctl bootout gui/$UID/ai.openclaw.gateway
Cleanup hint: rm ~/Library/LaunchAgents/ai.openclaw.gateway.plist

Recommendation: run a single gateway per machine for most setups. One gateway supports multiple agents (see docs: /gateway#multiple-gateways-same-host).
If you need multiple gateways (e.g., a rescue bot on the same host), isolate ports + config/state (see docs: /gateway#multiple-gateways-same-host).

Troubles: run openclaw status
Troubleshooting: https://docs.openclaw.ai/troubleshooting
[2026-03-14 17:10:42] ✅ Gateway OK (RPC probe passed)
[2026-03-14 17:15:56] Watchdog check...
Cleanup hint: launchctl bootout gui/$UID/ai.openclaw.gateway
Cleanup hint: rm ~/Library/LaunchAgents/ai.openclaw.gateway.plist

Recommendation: run a single gateway per machine for most setups. One gateway supports multiple agents (see docs: /gateway#multiple-gateways-same-host).
If you need multiple gateways (e.g., a rescue bot on the same host), isolate ports + config/state (see docs: /gateway#multiple-gateways-same-host).

Troubles: run openclaw status
Troubleshooting: https://docs.openclaw.ai/troubleshooting
[2026-03-14 17:15:56] ✅ Gateway OK (RPC probe passed)
[2026-03-14 17:21:09] Watchdog check...
Cleanup hint: launchctl bootout gui/$UID/ai.openclaw.gateway
Cleanup hint: rm ~/Library/LaunchAgents/ai.openclaw.gateway.plist

Recommendation: run a single gateway per machine for most setups. One gateway supports multiple agents (see docs: /gateway#multiple-gateways-same-host).
If you need multiple gateways (e.g., a rescue bot on the same host), isolate ports + config/state (see docs: /gateway#multiple-gateways-same-host).

Troubles: run openclaw status
Troubleshooting: https://docs.openclaw.ai/troubleshooting
[2026-03-14 17:21:09] ✅ Gateway OK (RPC probe passed)
[2026-03-14 17:26:22] Watchdog check...
Cleanup hint: launchctl bootout gui/$UID/ai.openclaw.gateway
Cleanup hint: rm ~/Library/LaunchAgents/ai.openclaw.gateway.plist

Recommendation: run a single gateway per machine for most setups. One gateway supports multiple agents (see docs: /gateway#multiple-gateways-same-host).
If you need multiple gateways (e.g., a rescue bot on the same host), isolate ports + config/state (see docs: /gateway#multiple-gateways-same-host).

Troubles: run openclaw status
Troubleshooting: https://docs.openclaw.ai/troubleshooting
[2026-03-14 17:26:22] ✅ Gateway OK (RPC probe passed)
[2026-03-14 17:31:35] Watchdog check...
Cleanup hint: launchctl bootout gui/$UID/ai.openclaw.gateway
Cleanup hint: rm ~/Library/LaunchAgents/ai.openclaw.gateway.plist

Recommendation: run a single gateway per machine for most setups. One gateway supports multiple agents (see docs: /gateway#multiple-gateways-same-host).
If you need multiple gateways (e.g., a rescue bot on the same host), isolate ports + config/state (see docs: /gateway#multiple-gateways-same-host).

Troubles: run openclaw status
Troubleshooting: https://docs.openclaw.ai/troubleshooting
[2026-03-14 17:31:35] ✅ Gateway OK (RPC probe passed)
[2026-03-14 17:36:49] Watchdog check...
Cleanup hint: launchctl bootout gui/$UID/ai.openclaw.gateway
Cleanup hint: rm ~/Library/LaunchAgents/ai.openclaw.gateway.plist

Recommendation: run a single gateway per machine for most setups. One gateway supports multiple agents (see docs: /gateway#multiple-gateways-same-host).
If you need multiple gateways (e.g., a rescue bot on the same host), isolate ports + config/state (see docs: /gateway#multiple-gateways-same-host).

Troubles: run openclaw status
Troubleshooting: https://docs.openclaw.ai/troubleshooting
[2026-03-14 17:36:49] ✅ Gateway OK (RPC probe passed)
[2026-03-14 17:42:04] Watchdog check...
Cleanup hint: launchctl bootout gui/$UID/ai.openclaw.gateway
Cleanup hint: rm ~/Library/LaunchAgents/ai.openclaw.gateway.plist

Recommendation: run a single gateway per machine for most setups. One gateway supports multiple agents (see docs: /gateway#multiple-gateways-same-host).
If you need multiple gateways (e.g., a rescue bot on the same host), isolate ports + config/state (see docs: /gateway#multiple-gateways-same-host).

Troubles: run openclaw status
Troubleshooting: https://docs.openclaw.ai/troubleshooting
[2026-03-14 17:42:04] ✅ Gateway OK (RPC probe passed)
[2026-03-14 17:47:17] Watchdog check...
Cleanup hint: launchctl bootout gui/$UID/ai.openclaw.gateway
Cleanup hint: rm ~/Library/LaunchAgents/ai.openclaw.gateway.plist

Recommendation: run a single gateway per machine for most setups. One gateway supports multiple agents (see docs: /gateway#multiple-gateways-same-host).
If you need multiple gateways (e.g., a rescue bot on the same host), isolate ports + config/state (see docs: /gateway#multiple-gateways-same-host).

Troubles: run openclaw status
Troubleshooting: https://docs.openclaw.ai/troubleshooting
[2026-03-14 17:47:17] ✅ Gateway OK (RPC probe passed)
[2026-03-14 17:52:30] Watchdog check...
Cleanup hint: launchctl bootout gui/$UID/ai.openclaw.gateway
Cleanup hint: rm ~/Library/LaunchAgents/ai.openclaw.gateway.plist

Recommendation: run a single gateway per machine for most setups. One gateway supports multiple agents (see docs: /gateway#multiple-gateways-same-host).
If you need multiple gateways (e.g., a rescue bot on the same host), isolate ports + config/state (see docs: /gateway#multiple-gateways-same-host).

Troubles: run openclaw status
Troubleshooting: https://docs.openclaw.ai/troubleshooting
[2026-03-14 17:52:30] ✅ Gateway OK (RPC probe passed)
[2026-03-14 17:57:42] Watchdog check...
Cleanup hint: launchctl bootout gui/$UID/ai.openclaw.gateway
Cleanup hint: rm ~/Library/LaunchAgents/ai.openclaw.gateway.plist

Recommendation: run a single gateway per machine for most setups. One gateway supports multiple agents (see docs: /gateway#multiple-gateways-same-host).
If you need multiple gateways (e.g., a rescue bot on the same host), isolate ports + config/state (see docs: /gateway#multiple-gateways-same-host).

Troubles: run openclaw status
Troubleshooting: https://docs.openclaw.ai/troubleshooting
[2026-03-14 17:57:42] ✅ Gateway OK (RPC probe passed)
[2026-03-14 18:02:55] Watchdog check...
Cleanup hint: launchctl bootout gui/$UID/ai.openclaw.gateway
Cleanup hint: rm ~/Library/LaunchAgents/ai.openclaw.gateway.plist

Recommendation: run a single gateway per machine for most setups. One gateway supports multiple agents (see docs: /gateway#multiple-gateways-same-host).
If you need multiple gateways (e.g., a rescue bot on the same host), isolate ports + config/state (see docs: /gateway#multiple-gateways-same-host).

Troubles: run openclaw status
Troubleshooting: https://docs.openclaw.ai/troubleshooting
[2026-03-14 18:02:55] ✅ Gateway OK (RPC probe passed)
[2026-03-14 18:08:10] Watchdog check...
Cleanup hint: launchctl bootout gui/$UID/ai.openclaw.gateway
Cleanup hint: rm ~/Library/LaunchAgents/ai.openclaw.gateway.plist

Recommendation: run a single gateway per machine for most setups. One gateway supports multiple agents (see docs: /gateway#multiple-gateways-same-host).
If you need multiple gateways (e.g., a rescue bot on the same host), isolate ports + config/state (see docs: /gateway#multiple-gateways-same-host).

Troubles: run openclaw status
Troubleshooting: https://docs.openclaw.ai/troubleshooting
[2026-03-14 18:08:10] ✅ Gateway OK (RPC probe passed)
[2026-03-14 18:13:32] Watchdog check...
Cleanup hint: launchctl bootout gui/$UID/ai.openclaw.gateway
Cleanup hint: rm ~/Library/LaunchAgents/ai.openclaw.gateway.plist

Recommendation: run a single gateway per machine for most setups. One gateway supports multiple agents (see docs: /gateway#multiple-gateways-same-host).
If you need multiple gateways (e.g., a rescue bot on the same host), isolate ports + config/state (see docs: /gateway#multiple-gateways-same-host).

Troubles: run openclaw status
Troubleshooting: https://docs.openclaw.ai/troubleshooting
[2026-03-14 18:13:32] ✅ Gateway OK (RPC probe passed)
[2026-03-14 18:18:48] Watchdog check...
Cleanup hint: launchctl bootout gui/$UID/ai.openclaw.gateway
Cleanup hint: rm ~/Library/LaunchAgents/ai.openclaw.gateway.plist

Recommendation: run a single gateway per machine for most setups. One gateway supports multiple agents (see docs: /gateway#multiple-gateways-same-host).
If you need multiple gateways (e.g., a rescue bot on the same host), isolate ports + config/state (see docs: /gateway#multiple-gateways-same-host).

Troubles: run openclaw status
Troubleshooting: https://docs.openclaw.ai/troubleshooting
[2026-03-14 18:18:48] ✅ Gateway OK (RPC probe passed)
[2026-03-14 18:24:03] Watchdog check...
Cleanup hint: launchctl bootout gui/$UID/ai.openclaw.gateway
Cleanup hint: rm ~/Library/LaunchAgents/ai.openclaw.gateway.plist

Recommendation: run a single gateway per machine for most setups. One gateway supports multiple agents (see docs: /gateway#multiple-gateways-same-host).
If you need multiple gateways (e.g., a rescue bot on the same host), isolate ports + config/state (see docs: /gateway#multiple-gateways-same-host).

Troubles: run openclaw status
Troubleshooting: https://docs.openclaw.ai/troubleshooting
[2026-03-14 18:24:03] ✅ Gateway OK (RPC probe passed)
[2026-03-14 18:29:18] Watchdog check...
Cleanup hint: launchctl bootout gui/$UID/ai.openclaw.gateway
Cleanup hint: rm ~/Library/LaunchAgents/ai.openclaw.gateway.plist

Recommendation: run a single gateway per machine for most setups. One gateway supports multiple agents (see docs: /gateway#multiple-gateways-same-host).
If you need multiple gateways (e.g., a rescue bot on the same host), isolate ports + config/state (see docs: /gateway#multiple-gateways-same-host).

Troubles: run openclaw status
Troubleshooting: https://docs.openclaw.ai/troubleshooting
[2026-03-14 18:29:18] ✅ Gateway OK (RPC probe passed)
[2026-03-14 18:34:32] Watchdog check...
Cleanup hint: launchctl bootout gui/$UID/ai.openclaw.gateway
Cleanup hint: rm ~/Library/LaunchAgents/ai.openclaw.gateway.plist

Recommendation: run a single gateway per machine for most setups. One gateway supports multiple agents (see docs: /gateway#multiple-gateways-same-host).
If you need multiple gateways (e.g., a rescue bot on the same host), isolate ports + config/state (see docs: /gateway#multiple-gateways-same-host).

Troubles: run openclaw status
Troubleshooting: https://docs.openclaw.ai/troubleshooting
[2026-03-14 18:34:32] ✅ Gateway OK (RPC probe passed)
[2026-03-14 18:39:47] Watchdog check...
Cleanup hint: launchctl bootout gui/$UID/ai.openclaw.gateway
Cleanup hint: rm ~/Library/LaunchAgents/ai.openclaw.gateway.plist

Recommendation: run a single gateway per machine for most setups. One gateway supports multiple agents (see docs: /gateway#multiple-gateways-same-host).
If you need multiple gateways (e.g., a rescue bot on the same host), isolate ports + config/state (see docs: /gateway#multiple-gateways-same-host).

Troubles: run openclaw status
Troubleshooting: https://docs.openclaw.ai/troubleshooting
[2026-03-14 18:39:47] ✅ Gateway OK (RPC probe passed)
[2026-03-14 18:45:03] Watchdog check...
Cleanup hint: launchctl bootout gui/$UID/ai.openclaw.gateway
Cleanup hint: rm ~/Library/LaunchAgents/ai.openclaw.gateway.plist

Recommendation: run a single gateway per machine for most setups. One gateway supports multiple agents (see docs: /gateway#multiple-gateways-same-host).
If you need multiple gateways (e.g., a rescue bot on the same host), isolate ports + config/state (see docs: /gateway#multiple-gateways-same-host).

Troubles: run openclaw status
Troubleshooting: https://docs.openclaw.ai/troubleshooting
[2026-03-14 18:45:03] ✅ Gateway OK (RPC probe passed)
[2026-03-14 18:50:20] Watchdog check...
Cleanup hint: launchctl bootout gui/$UID/ai.openclaw.gateway
Cleanup hint: rm ~/Library/LaunchAgents/ai.openclaw.gateway.plist

Recommendation: run a single gateway per machine for most setups. One gateway supports multiple agents (see docs: /gateway#multiple-gateways-same-host).
If you need multiple gateways (e.g., a rescue bot on the same host), isolate ports + config/state (see docs: /gateway#multiple-gateways-same-host).

Troubles: run openclaw status
Troubleshooting: https://docs.openclaw.ai/troubleshooting
[2026-03-14 18:50:20] ✅ Gateway OK (RPC probe passed)
[2026-03-14 18:55:37] Watchdog check...
Cleanup hint: launchctl bootout gui/$UID/ai.openclaw.gateway
Cleanup hint: rm ~/Library/LaunchAgents/ai.openclaw.gateway.plist

Recommendation: run a single gateway per machine for most setups. One gateway supports multiple agents (see docs: /gateway#multiple-gateways-same-host).
If you need multiple gateways (e.g., a rescue bot on the same host), isolate ports + config/state (see docs: /gateway#multiple-gateways-same-host).

Troubles: run openclaw status
Troubleshooting: https://docs.openclaw.ai/troubleshooting
[2026-03-14 18:55:37] ✅ Gateway OK (RPC probe passed)
[2026-03-14 19:00:49] Watchdog check...
Cleanup hint: launchctl bootout gui/$UID/ai.openclaw.gateway
Cleanup hint: rm ~/Library/LaunchAgents/ai.openclaw.gateway.plist

Recommendation: run a single gateway per machine for most setups. One gateway supports multiple agents (see docs: /gateway#multiple-gateways-same-host).
If you need multiple gateways (e.g., a rescue bot on the same host), isolate ports + config/state (see docs: /gateway#multiple-gateways-same-host).

Troubles: run openclaw status
Troubleshooting: https://docs.openclaw.ai/troubleshooting
[2026-03-14 19:00:49] ✅ Gateway OK (RPC probe passed)
[2026-03-14 19:06:02] Watchdog check...
Cleanup hint: launchctl bootout gui/$UID/ai.openclaw.gateway
Cleanup hint: rm ~/Library/LaunchAgents/ai.openclaw.gateway.plist

Recommendation: run a single gateway per machine for most setups. One gateway supports multiple agents (see docs: /gateway#multiple-gateways-same-host).
If you need multiple gateways (e.g., a rescue bot on the same host), isolate ports + config/state (see docs: /gateway#multiple-gateways-same-host).

Troubles: run openclaw status
Troubleshooting: https://docs.openclaw.ai/troubleshooting
[2026-03-14 19:06:02] ✅ Gateway OK (RPC probe passed)
[2026-03-14 19:11:12] Watchdog check...
Cleanup hint: launchctl bootout gui/$UID/ai.openclaw.gateway
Cleanup hint: rm ~/Library/LaunchAgents/ai.openclaw.gateway.plist

Recommendation: run a single gateway per machine for most setups. One gateway supports multiple agents (see docs: /gateway#multiple-gateways-same-host).
If you need multiple gateways (e.g., a rescue bot on the same host), isolate ports + config/state (see docs: /gateway#multiple-gateways-same-host).

Troubles: run openclaw status
Troubleshooting: https://docs.openclaw.ai/troubleshooting
[2026-03-14 19:11:12] ✅ Gateway OK (RPC probe passed)
[2026-03-14 19:16:22] Watchdog check...
Cleanup hint: launchctl bootout gui/$UID/ai.openclaw.gateway
Cleanup hint: rm ~/Library/LaunchAgents/ai.openclaw.gateway.plist

Recommendation: run a single gateway per machine for most setups. One gateway supports multiple agents (see docs: /gateway#multiple-gateways-same-host).
If you need multiple gateways (e.g., a rescue bot on the same host), isolate ports + config/state (see docs: /gateway#multiple-gateways-same-host).

Troubles: run openclaw status
Troubleshooting: https://docs.openclaw.ai/troubleshooting
[2026-03-14 19:16:22] ✅ Gateway OK (RPC probe passed)
[2026-03-14 19:21:32] Watchdog check...
Cleanup hint: launchctl bootout gui/$UID/ai.openclaw.gateway
Cleanup hint: rm ~/Library/LaunchAgents/ai.openclaw.gateway.plist

Recommendation: run a single gateway per machine for most setups. One gateway supports multiple agents (see docs: /gateway#multiple-gateways-same-host).
If you need multiple gateways (e.g., a rescue bot on the same host), isolate ports + config/state (see docs: /gateway#multiple-gateways-same-host).

Troubles: run openclaw status
Troubleshooting: https://docs.openclaw.ai/troubleshooting
[2026-03-14 19:21:32] ✅ Gateway OK (RPC probe passed)
[2026-03-14 19:26:43] Watchdog check...
Cleanup hint: launchctl bootout gui/$UID/ai.openclaw.gateway
Cleanup hint: rm ~/Library/LaunchAgents/ai.openclaw.gateway.plist

Recommendation: run a single gateway per machine for most setups. One gateway supports multiple agents (see docs: /gateway#multiple-gateways-same-host).
If you need multiple gateways (e.g., a rescue bot on the same host), isolate ports + config/state (see docs: /gateway#multiple-gateways-same-host).

Troubles: run openclaw status
Troubleshooting: https://docs.openclaw.ai/troubleshooting
[2026-03-14 19:26:43] ✅ Gateway OK (RPC probe passed)
[2026-03-14 19:31:53] Watchdog check...
Cleanup hint: launchctl bootout gui/$UID/ai.openclaw.gateway
Cleanup hint: rm ~/Library/LaunchAgents/ai.openclaw.gateway.plist

Recommendation: run a single gateway per machine for most setups. One gateway supports multiple agents (see docs: /gateway#multiple-gateways-same-host).
If you need multiple gateways (e.g., a rescue bot on the same host), isolate ports + config/state (see docs: /gateway#multiple-gateways-same-host).

Troubles: run openclaw status
Troubleshooting: https://docs.openclaw.ai/troubleshooting
[2026-03-14 19:31:53] ✅ Gateway OK (RPC probe passed)
[2026-03-14 19:37:05] Watchdog check...
Cleanup hint: launchctl bootout gui/$UID/ai.openclaw.gateway
Cleanup hint: rm ~/Library/LaunchAgents/ai.openclaw.gateway.plist

Recommendation: run a single gateway per machine for most setups. One gateway supports multiple agents (see docs: /gateway#multiple-gateways-same-host).
If you need multiple gateways (e.g., a rescue bot on the same host), isolate ports + config/state (see docs: /gateway#multiple-gateways-same-host).

Troubles: run openclaw status
Troubleshooting: https://docs.openclaw.ai/troubleshooting
[2026-03-14 19:37:05] ✅ Gateway OK (RPC probe passed)
[2026-03-14 19:42:20] Watchdog check...
Cleanup hint: launchctl bootout gui/$UID/ai.openclaw.gateway
Cleanup hint: rm ~/Library/LaunchAgents/ai.openclaw.gateway.plist

Recommendation: run a single gateway per machine for most setups. One gateway supports multiple agents (see docs: /gateway#multiple-gateways-same-host).
If you need multiple gateways (e.g., a rescue bot on the same host), isolate ports + config/state (see docs: /gateway#multiple-gateways-same-host).

Troubles: run openclaw status
Troubleshooting: https://docs.openclaw.ai/troubleshooting
[2026-03-14 19:42:20] ✅ Gateway OK (RPC probe passed)
[2026-03-14 19:47:34] Watchdog check...
Cleanup hint: launchctl bootout gui/$UID/ai.openclaw.gateway
Cleanup hint: rm ~/Library/LaunchAgents/ai.openclaw.gateway.plist

Recommendation: run a single gateway per machine for most setups. One gateway supports multiple agents (see docs: /gateway#multiple-gateways-same-host).
If you need multiple gateways (e.g., a rescue bot on the same host), isolate ports + config/state (see docs: /gateway#multiple-gateways-same-host).

Troubles: run openclaw status
Troubleshooting: https://docs.openclaw.ai/troubleshooting
[2026-03-14 19:47:34] ✅ Gateway OK (RPC probe passed)
[2026-03-14 19:52:48] Watchdog check...
Cleanup hint: launchctl bootout gui/$UID/ai.openclaw.gateway
Cleanup hint: rm ~/Library/LaunchAgents/ai.openclaw.gateway.plist

Recommendation: run a single gateway per machine for most setups. One gateway supports multiple agents (see docs: /gateway#multiple-gateways-same-host).
If you need multiple gateways (e.g., a rescue bot on the same host), isolate ports + config/state (see docs: /gateway#multiple-gateways-same-host).

Troubles: run openclaw status
Troubleshooting: https://docs.openclaw.ai/troubleshooting
[2026-03-14 19:52:48] ✅ Gateway OK (RPC probe passed)
[2026-03-14 19:58:09] Watchdog check...
Cleanup hint: launchctl bootout gui/$UID/ai.openclaw.gateway
Cleanup hint: rm ~/Library/LaunchAgents/ai.openclaw.gateway.plist

Recommendation: run a single gateway per machine for most setups. One gateway supports multiple agents (see docs: /gateway#multiple-gateways-same-host).
If you need multiple gateways (e.g., a rescue bot on the same host), isolate ports + config/state (see docs: /gateway#multiple-gateways-same-host).

Troubles: run openclaw status
Troubleshooting: https://docs.openclaw.ai/troubleshooting
[2026-03-14 19:58:09] ✅ Gateway OK (RPC probe passed)
[2026-03-14 20:03:23] Watchdog check...
Cleanup hint: launchctl bootout gui/$UID/ai.openclaw.gateway
Cleanup hint: rm ~/Library/LaunchAgents/ai.openclaw.gateway.plist

Recommendation: run a single gateway per machine for most setups. One gateway supports multiple agents (see docs: /gateway#multiple-gateways-same-host).
If you need multiple gateways (e.g., a rescue bot on the same host), isolate ports + config/state (see docs: /gateway#multiple-gateways-same-host).

Troubles: run openclaw status
Troubleshooting: https://docs.openclaw.ai/troubleshooting
[2026-03-14 20:03:23] ✅ Gateway OK (RPC probe passed)
[2026-03-14 20:08:40] Watchdog check...
Cleanup hint: launchctl bootout gui/$UID/ai.openclaw.gateway
Cleanup hint: rm ~/Library/LaunchAgents/ai.openclaw.gateway.plist

Recommendation: run a single gateway per machine for most setups. One gateway supports multiple agents (see docs: /gateway#multiple-gateways-same-host).
If you need multiple gateways (e.g., a rescue bot on the same host), isolate ports + config/state (see docs: /gateway#multiple-gateways-same-host).

Troubles: run openclaw status
Troubleshooting: https://docs.openclaw.ai/troubleshooting
[2026-03-14 20:08:40] ❌ Gateway unhealthy, restarting LaunchAgent...
[2026-03-14 20:08:40] ✅ Gateway restarted by kickstart
[2026-03-14 20:22:29] Watchdog check...
[2026-03-14 20:36:58] Watchdog check...
Cleanup hint: launchctl bootout gui/$UID/ai.openclaw.gateway
Cleanup hint: rm ~/Library/LaunchAgents/ai.openclaw.gateway.plist

Recommendation: run a single gateway per machine for most setups. One gateway supports multiple agents (see docs: /gateway#multiple-gateways-same-host).
If you need multiple gateways (e.g., a rescue bot on the same host), isolate ports + config/state (see docs: /gateway#multiple-gateways-same-host).

Troubles: run openclaw status
Troubleshooting: https://docs.openclaw.ai/troubleshooting
[2026-03-14 20:36:58] ✅ Gateway OK (RPC probe passed)
[2026-03-14 20:44:54] Watchdog check...
Cleanup hint: launchctl bootout gui/$UID/ai.openclaw.gateway
Cleanup hint: rm ~/Library/LaunchAgents/ai.openclaw.gateway.plist

Recommendation: run a single gateway per machine for most setups. One gateway supports multiple agents (see docs: /gateway#multiple-gateways-same-host).
If you need multiple gateways (e.g., a rescue bot on the same host), isolate ports + config/state (see docs: /gateway#multiple-gateways-same-host).

Troubles: run openclaw status
Troubleshooting: https://docs.openclaw.ai/troubleshooting
[2026-03-14 20:44:54] ✅ Gateway OK (RPC probe passed)
[2026-03-14 20:50:04] Watchdog check...
Cleanup hint: launchctl bootout gui/$UID/ai.openclaw.gateway
Cleanup hint: rm ~/Library/LaunchAgents/ai.openclaw.gateway.plist

Recommendation: run a single gateway per machine for most setups. One gateway supports multiple agents (see docs: /gateway#multiple-gateways-same-host).
If you need multiple gateways (e.g., a rescue bot on the same host), isolate ports + config/state (see docs: /gateway#multiple-gateways-same-host).

Troubles: run openclaw status
Troubleshooting: https://docs.openclaw.ai/troubleshooting
[2026-03-14 20:50:04] ✅ Gateway OK (RPC probe passed)
[2026-03-14 20:55:13] Watchdog check...
Cleanup hint: launchctl bootout gui/$UID/ai.openclaw.gateway
Cleanup hint: rm ~/Library/LaunchAgents/ai.openclaw.gateway.plist

Recommendation: run a single gateway per machine for most setups. One gateway supports multiple agents (see docs: /gateway#multiple-gateways-same-host).
If you need multiple gateways (e.g., a rescue bot on the same host), isolate ports + config/state (see docs: /gateway#multiple-gateways-same-host).

Troubles: run openclaw status
Troubleshooting: https://docs.openclaw.ai/troubleshooting
[2026-03-14 20:55:13] ✅ Gateway OK (RPC probe passed)
[2026-03-14 21:00:22] Watchdog check...
Cleanup hint: launchctl bootout gui/$UID/ai.openclaw.gateway
Cleanup hint: rm ~/Library/LaunchAgents/ai.openclaw.gateway.plist

Recommendation: run a single gateway per machine for most setups. One gateway supports multiple agents (see docs: /gateway#multiple-gateways-same-host).
If you need multiple gateways (e.g., a rescue bot on the same host), isolate ports + config/state (see docs: /gateway#multiple-gateways-same-host).

Troubles: run openclaw status
Troubleshooting: https://docs.openclaw.ai/troubleshooting
[2026-03-14 21:00:22] ✅ Gateway OK (RPC probe passed)
[2026-03-14 21:05:31] Watchdog check...
Cleanup hint: launchctl bootout gui/$UID/ai.openclaw.gateway
Cleanup hint: rm ~/Library/LaunchAgents/ai.openclaw.gateway.plist

Recommendation: run a single gateway per machine for most setups. One gateway supports multiple agents (see docs: /gateway#multiple-gateways-same-host).
If you need multiple gateways (e.g., a rescue bot on the same host), isolate ports + config/state (see docs: /gateway#multiple-gateways-same-host).

Troubles: run openclaw status
Troubleshooting: https://docs.openclaw.ai/troubleshooting
[2026-03-14 21:05:31] ✅ Gateway OK (RPC probe passed)
[2026-03-14 21:10:40] Watchdog check...
Cleanup hint: launchctl bootout gui/$UID/ai.openclaw.gateway
Cleanup hint: rm ~/Library/LaunchAgents/ai.openclaw.gateway.plist

Recommendation: run a single gateway per machine for most setups. One gateway supports multiple agents (see docs: /gateway#multiple-gateways-same-host).
If you need multiple gateways (e.g., a rescue bot on the same host), isolate ports + config/state (see docs: /gateway#multiple-gateways-same-host).

Troubles: run openclaw status
Troubleshooting: https://docs.openclaw.ai/troubleshooting
[2026-03-14 21:10:40] ✅ Gateway OK (RPC probe passed)
[2026-03-14 21:15:49] Watchdog check...
Cleanup hint: launchctl bootout gui/$UID/ai.openclaw.gateway
Cleanup hint: rm ~/Library/LaunchAgents/ai.openclaw.gateway.plist

Recommendation: run a single gateway per machine for most setups. One gateway supports multiple agents (see docs: /gateway#multiple-gateways-same-host).
If you need multiple gateways (e.g., a rescue bot on the same host), isolate ports + config/state (see docs: /gateway#multiple-gateways-same-host).

Troubles: run openclaw status
Troubleshooting: https://docs.openclaw.ai/troubleshooting
[2026-03-14 21:15:49] ✅ Gateway OK (RPC probe passed)
[2026-03-14 21:20:58] Watchdog check...
Cleanup hint: launchctl bootout gui/$UID/ai.openclaw.gateway
Cleanup hint: rm ~/Library/LaunchAgents/ai.openclaw.gateway.plist

Recommendation: run a single gateway per machine for most setups. One gateway supports multiple agents (see docs: /gateway#multiple-gateways-same-host).
If you need multiple gateways (e.g., a rescue bot on the same host), isolate ports + config/state (see docs: /gateway#multiple-gateways-same-host).

Troubles: run openclaw status
Troubleshooting: https://docs.openclaw.ai/troubleshooting
[2026-03-14 21:20:58] ✅ Gateway OK (RPC probe passed)
[2026-03-14 21:26:07] Watchdog check...
Cleanup hint: launchctl bootout gui/$UID/ai.openclaw.gateway
Cleanup hint: rm ~/Library/LaunchAgents/ai.openclaw.gateway.plist

Recommendation: run a single gateway per machine for most setups. One gateway supports multiple agents (see docs: /gateway#multiple-gateways-same-host).
If you need multiple gateways (e.g., a rescue bot on the same host), isolate ports + config/state (see docs: /gateway#multiple-gateways-same-host).

Troubles: run openclaw status
Troubleshooting: https://docs.openclaw.ai/troubleshooting
[2026-03-14 21:26:07] ✅ Gateway OK (RPC probe passed)
[2026-03-14 21:31:16] Watchdog check...
Cleanup hint: launchctl bootout gui/$UID/ai.openclaw.gateway
Cleanup hint: rm ~/Library/LaunchAgents/ai.openclaw.gateway.plist

Recommendation: run a single gateway per machine for most setups. One gateway supports multiple agents (see docs: /gateway#multiple-gateways-same-host).
If you need multiple gateways (e.g., a rescue bot on the same host), isolate ports + config/state (see docs: /gateway#multiple-gateways-same-host).

Troubles: run openclaw status
Troubleshooting: https://docs.openclaw.ai/troubleshooting
[2026-03-14 21:31:16] ✅ Gateway OK (RPC probe passed)
[2026-03-14 21:36:25] Watchdog check...
Cleanup hint: launchctl bootout gui/$UID/ai.openclaw.gateway
Cleanup hint: rm ~/Library/LaunchAgents/ai.openclaw.gateway.plist

Recommendation: run a single gateway per machine for most setups. One gateway supports multiple agents (see docs: /gateway#multiple-gateways-same-host).
If you need multiple gateways (e.g., a rescue bot on the same host), isolate ports + config/state (see docs: /gateway#multiple-gateways-same-host).

Troubles: run openclaw status
Troubleshooting: https://docs.openclaw.ai/troubleshooting
[2026-03-14 21:36:25] ✅ Gateway OK (RPC probe passed)
[2026-03-14 21:41:34] Watchdog check...
Cleanup hint: launchctl bootout gui/$UID/ai.openclaw.gateway
Cleanup hint: rm ~/Library/LaunchAgents/ai.openclaw.gateway.plist

Recommendation: run a single gateway per machine for most setups. One gateway supports multiple agents (see docs: /gateway#multiple-gateways-same-host).
If you need multiple gateways (e.g., a rescue bot on the same host), isolate ports + config/state (see docs: /gateway#multiple-gateways-same-host).

Troubles: run openclaw status
Troubleshooting: https://docs.openclaw.ai/troubleshooting
[2026-03-14 21:41:34] ✅ Gateway OK (RPC probe passed)
[2026-03-14 21:46:43] Watchdog check...
Cleanup hint: launchctl bootout gui/$UID/ai.openclaw.gateway
Cleanup hint: rm ~/Library/LaunchAgents/ai.openclaw.gateway.plist

Recommendation: run a single gateway per machine for most setups. One gateway supports multiple agents (see docs: /gateway#multiple-gateways-same-host).
If you need multiple gateways (e.g., a rescue bot on the same host), isolate ports + config/state (see docs: /gateway#multiple-gateways-same-host).

Troubles: run openclaw status
Troubleshooting: https://docs.openclaw.ai/troubleshooting
[2026-03-14 21:46:43] ✅ Gateway OK (RPC probe passed)
[2026-03-14 21:51:54] Watchdog check...
Cleanup hint: launchctl bootout gui/$UID/ai.openclaw.gateway
Cleanup hint: rm ~/Library/LaunchAgents/ai.openclaw.gateway.plist

Recommendation: run a single gateway per machine for most setups. One gateway supports multiple agents (see docs: /gateway#multiple-gateways-same-host).
If you need multiple gateways (e.g., a rescue bot on the same host), isolate ports + config/state (see docs: /gateway#multiple-gateways-same-host).

Troubles: run openclaw status
Troubleshooting: https://docs.openclaw.ai/troubleshooting
[2026-03-14 21:51:54] ✅ Gateway OK (RPC probe passed)
[2026-03-14 21:57:06] Watchdog check...
Cleanup hint: launchctl bootout gui/$UID/ai.openclaw.gateway
Cleanup hint: rm ~/Library/LaunchAgents/ai.openclaw.gateway.plist

Recommendation: run a single gateway per machine for most setups. One gateway supports multiple agents (see docs: /gateway#multiple-gateways-same-host).
If you need multiple gateways (e.g., a rescue bot on the same host), isolate ports + config/state (see docs: /gateway#multiple-gateways-same-host).

Troubles: run openclaw status
Troubleshooting: https://docs.openclaw.ai/troubleshooting
[2026-03-14 21:57:06] ✅ Gateway OK (RPC probe passed)
[2026-03-14 22:02:17] Watchdog check...
Cleanup hint: launchctl bootout gui/$UID/ai.openclaw.gateway
Cleanup hint: rm ~/Library/LaunchAgents/ai.openclaw.gateway.plist

Recommendation: run a single gateway per machine for most setups. One gateway supports multiple agents (see docs: /gateway#multiple-gateways-same-host).
If you need multiple gateways (e.g., a rescue bot on the same host), isolate ports + config/state (see docs: /gateway#multiple-gateways-same-host).

Troubles: run openclaw status
Troubleshooting: https://docs.openclaw.ai/troubleshooting
[2026-03-14 22:02:17] ✅ Gateway OK (RPC probe passed)
[2026-03-14 22:07:28] Watchdog check...
Cleanup hint: launchctl bootout gui/$UID/ai.openclaw.gateway
Cleanup hint: rm ~/Library/LaunchAgents/ai.openclaw.gateway.plist

Recommendation: run a single gateway per machine for most setups. One gateway supports multiple agents (see docs: /gateway#multiple-gateways-same-host).
If you need multiple gateways (e.g., a rescue bot on the same host), isolate ports + config/state (see docs: /gateway#multiple-gateways-same-host).

Troubles: run openclaw status
Troubleshooting: https://docs.openclaw.ai/troubleshooting
[2026-03-14 22:07:28] ✅ Gateway OK (RPC probe passed)
[2026-03-14 22:12:39] Watchdog check...
Cleanup hint: launchctl bootout gui/$UID/ai.openclaw.gateway
Cleanup hint: rm ~/Library/LaunchAgents/ai.openclaw.gateway.plist

Recommendation: run a single gateway per machine for most setups. One gateway supports multiple agents (see docs: /gateway#multiple-gateways-same-host).
If you need multiple gateways (e.g., a rescue bot on the same host), isolate ports + config/state (see docs: /gateway#multiple-gateways-same-host).

Troubles: run openclaw status
Troubleshooting: https://docs.openclaw.ai/troubleshooting
[2026-03-14 22:12:39] ❌ Gateway unhealthy, restarting LaunchAgent...
[2026-03-14 22:12:39] ✅ Gateway restarted by kickstart
[2026-03-14 22:18:01] Watchdog check...
Cleanup hint: launchctl bootout gui/$UID/ai.openclaw.gateway
Cleanup hint: rm ~/Library/LaunchAgents/ai.openclaw.gateway.plist

Recommendation: run a single gateway per machine for most setups. One gateway supports multiple agents (see docs: /gateway#multiple-gateways-same-host).
If you need multiple gateways (e.g., a rescue bot on the same host), isolate ports + config/state (see docs: /gateway#multiple-gateways-same-host).

Troubles: run openclaw status
Troubleshooting: https://docs.openclaw.ai/troubleshooting
[2026-03-14 22:18:01] ✅ Gateway OK (RPC probe passed)
[2026-03-14 22:23:17] Watchdog check...
Cleanup hint: launchctl bootout gui/$UID/ai.openclaw.gateway
Cleanup hint: rm ~/Library/LaunchAgents/ai.openclaw.gateway.plist

Recommendation: run a single gateway per machine for most setups. One gateway supports multiple agents (see docs: /gateway#multiple-gateways-same-host).
If you need multiple gateways (e.g., a rescue bot on the same host), isolate ports + config/state (see docs: /gateway#multiple-gateways-same-host).

Troubles: run openclaw status
Troubleshooting: https://docs.openclaw.ai/troubleshooting
[2026-03-14 22:23:17] ✅ Gateway OK (RPC probe passed)
[2026-03-14 22:28:29] Watchdog check...
Cleanup hint: launchctl bootout gui/$UID/ai.openclaw.gateway
Cleanup hint: rm ~/Library/LaunchAgents/ai.openclaw.gateway.plist

Recommendation: run a single gateway per machine for most setups. One gateway supports multiple agents (see docs: /gateway#multiple-gateways-same-host).
If you need multiple gateways (e.g., a rescue bot on the same host), isolate ports + config/state (see docs: /gateway#multiple-gateways-same-host).

Troubles: run openclaw status
Troubleshooting: https://docs.openclaw.ai/troubleshooting
[2026-03-14 22:28:29] ✅ Gateway OK (RPC probe passed)
[2026-03-14 22:33:40] Watchdog check...
Cleanup hint: launchctl bootout gui/$UID/ai.openclaw.gateway
Cleanup hint: rm ~/Library/LaunchAgents/ai.openclaw.gateway.plist

Recommendation: run a single gateway per machine for most setups. One gateway supports multiple agents (see docs: /gateway#multiple-gateways-same-host).
If you need multiple gateways (e.g., a rescue bot on the same host), isolate ports + config/state (see docs: /gateway#multiple-gateways-same-host).

Troubles: run openclaw status
Troubleshooting: https://docs.openclaw.ai/troubleshooting
[2026-03-14 22:33:40] ✅ Gateway OK (RPC probe passed)
[2026-03-14 22:38:51] Watchdog check...
Cleanup hint: launchctl bootout gui/$UID/ai.openclaw.gateway
Cleanup hint: rm ~/Library/LaunchAgents/ai.openclaw.gateway.plist

Recommendation: run a single gateway per machine for most setups. One gateway supports multiple agents (see docs: /gateway#multiple-gateways-same-host).
If you need multiple gateways (e.g., a rescue bot on the same host), isolate ports + config/state (see docs: /gateway#multiple-gateways-same-host).

Troubles: run openclaw status
Troubleshooting: https://docs.openclaw.ai/troubleshooting
[2026-03-14 22:38:51] ✅ Gateway OK (RPC probe passed)
[2026-03-14 22:44:02] Watchdog check...
Cleanup hint: launchctl bootout gui/$UID/ai.openclaw.gateway
Cleanup hint: rm ~/Library/LaunchAgents/ai.openclaw.gateway.plist

Recommendation: run a single gateway per machine for most setups. One gateway supports multiple agents (see docs: /gateway#multiple-gateways-same-host).
If you need multiple gateways (e.g., a rescue bot on the same host), isolate ports + config/state (see docs: /gateway#multiple-gateways-same-host).

Troubles: run openclaw status
Troubleshooting: https://docs.openclaw.ai/troubleshooting
[2026-03-14 22:44:02] ✅ Gateway OK (RPC probe passed)
[2026-03-14 22:49:19] Watchdog check...
Cleanup hint: launchctl bootout gui/$UID/ai.openclaw.gateway
Cleanup hint: rm ~/Library/LaunchAgents/ai.openclaw.gateway.plist

Recommendation: run a single gateway per machine for most setups. One gateway supports multiple agents (see docs: /gateway#multiple-gateways-same-host).
If you need multiple gateways (e.g., a rescue bot on the same host), isolate ports + config/state (see docs: /gateway#multiple-gateways-same-host).

Troubles: run openclaw status
Troubleshooting: https://docs.openclaw.ai/troubleshooting
[2026-03-14 22:49:19] ✅ Gateway OK (RPC probe passed)
[2026-03-14 22:54:30] Watchdog check...
Cleanup hint: launchctl bootout gui/$UID/ai.openclaw.gateway
Cleanup hint: rm ~/Library/LaunchAgents/ai.openclaw.gateway.plist

Recommendation: run a single gateway per machine for most setups. One gateway supports multiple agents (see docs: /gateway#multiple-gateways-same-host).
If you need multiple gateways (e.g., a rescue bot on the same host), isolate ports + config/state (see docs: /gateway#multiple-gateways-same-host).

Troubles: run openclaw status
Troubleshooting: https://docs.openclaw.ai/troubleshooting
[2026-03-14 22:54:30] ✅ Gateway OK (RPC probe passed)
[2026-03-14 22:59:41] Watchdog check...
Cleanup hint: launchctl bootout gui/$UID/ai.openclaw.gateway
Cleanup hint: rm ~/Library/LaunchAgents/ai.openclaw.gateway.plist

Recommendation: run a single gateway per machine for most setups. One gateway supports multiple agents (see docs: /gateway#multiple-gateways-same-host).
If you need multiple gateways (e.g., a rescue bot on the same host), isolate ports + config/state (see docs: /gateway#multiple-gateways-same-host).

Troubles: run openclaw status
Troubleshooting: https://docs.openclaw.ai/troubleshooting
[2026-03-14 22:59:41] ✅ Gateway OK (RPC probe passed)
[2026-03-14 23:04:52] Watchdog check...
Cleanup hint: launchctl bootout gui/$UID/ai.openclaw.gateway
Cleanup hint: rm ~/Library/LaunchAgents/ai.openclaw.gateway.plist

Recommendation: run a single gateway per machine for most setups. One gateway supports multiple agents (see docs: /gateway#multiple-gateways-same-host).
If you need multiple gateways (e.g., a rescue bot on the same host), isolate ports + config/state (see docs: /gateway#multiple-gateways-same-host).

Troubles: run openclaw status
Troubleshooting: https://docs.openclaw.ai/troubleshooting
[2026-03-14 23:04:52] ✅ Gateway OK (RPC probe passed)
[2026-03-14 23:10:03] Watchdog check...
Cleanup hint: launchctl bootout gui/$UID/ai.openclaw.gateway
Cleanup hint: rm ~/Library/LaunchAgents/ai.openclaw.gateway.plist

Recommendation: run a single gateway per machine for most setups. One gateway supports multiple agents (see docs: /gateway#multiple-gateways-same-host).
If you need multiple gateways (e.g., a rescue bot on the same host), isolate ports + config/state (see docs: /gateway#multiple-gateways-same-host).

Troubles: run openclaw status
Troubleshooting: https://docs.openclaw.ai/troubleshooting
[2026-03-14 23:10:03] ✅ Gateway OK (RPC probe passed)
[2026-03-14 23:15:14] Watchdog check...
Cleanup hint: launchctl bootout gui/$UID/ai.openclaw.gateway
Cleanup hint: rm ~/Library/LaunchAgents/ai.openclaw.gateway.plist

Recommendation: run a single gateway per machine for most setups. One gateway supports multiple agents (see docs: /gateway#multiple-gateways-same-host).
If you need multiple gateways (e.g., a rescue bot on the same host), isolate ports + config/state (see docs: /gateway#multiple-gateways-same-host).

Troubles: run openclaw status
Troubleshooting: https://docs.openclaw.ai/troubleshooting
[2026-03-14 23:15:14] ✅ Gateway OK (RPC probe passed)
[2026-03-14 23:20:25] Watchdog check...
Cleanup hint: launchctl bootout gui/$UID/ai.openclaw.gateway
Cleanup hint: rm ~/Library/LaunchAgents/ai.openclaw.gateway.plist

Recommendation: run a single gateway per machine for most setups. One gateway supports multiple agents (see docs: /gateway#multiple-gateways-same-host).
If you need multiple gateways (e.g., a rescue bot on the same host), isolate ports + config/state (see docs: /gateway#multiple-gateways-same-host).

Troubles: run openclaw status
Troubleshooting: https://docs.openclaw.ai/troubleshooting
[2026-03-14 23:20:25] ✅ Gateway OK (RPC probe passed)
[2026-03-14 23:25:36] Watchdog check...
Cleanup hint: launchctl bootout gui/$UID/ai.openclaw.gateway
Cleanup hint: rm ~/Library/LaunchAgents/ai.openclaw.gateway.plist

Recommendation: run a single gateway per machine for most setups. One gateway supports multiple agents (see docs: /gateway#multiple-gateways-same-host).
If you need multiple gateways (e.g., a rescue bot on the same host), isolate ports + config/state (see docs: /gateway#multiple-gateways-same-host).

Troubles: run openclaw status
Troubleshooting: https://docs.openclaw.ai/troubleshooting
[2026-03-14 23:25:36] ✅ Gateway OK (RPC probe passed)
[2026-03-14 23:30:47] Watchdog check...
Cleanup hint: launchctl bootout gui/$UID/ai.openclaw.gateway
Cleanup hint: rm ~/Library/LaunchAgents/ai.openclaw.gateway.plist

Recommendation: run a single gateway per machine for most setups. One gateway supports multiple agents (see docs: /gateway#multiple-gateways-same-host).
If you need multiple gateways (e.g., a rescue bot on the same host), isolate ports + config/state (see docs: /gateway#multiple-gateways-same-host).

Troubles: run openclaw status
Troubleshooting: https://docs.openclaw.ai/troubleshooting
[2026-03-14 23:30:47] ✅ Gateway OK (RPC probe passed)
[2026-03-14 23:35:58] Watchdog check...
Cleanup hint: launchctl bootout gui/$UID/ai.openclaw.gateway
Cleanup hint: rm ~/Library/LaunchAgents/ai.openclaw.gateway.plist

Recommendation: run a single gateway per machine for most setups. One gateway supports multiple agents (see docs: /gateway#multiple-gateways-same-host).
If you need multiple gateways (e.g., a rescue bot on the same host), isolate ports + config/state (see docs: /gateway#multiple-gateways-same-host).

Troubles: run openclaw status
Troubleshooting: https://docs.openclaw.ai/troubleshooting
[2026-03-14 23:35:58] ✅ Gateway OK (RPC probe passed)
[2026-03-14 23:41:09] Watchdog check...
Cleanup hint: launchctl bootout gui/$UID/ai.openclaw.gateway
Cleanup hint: rm ~/Library/LaunchAgents/ai.openclaw.gateway.plist

Recommendation: run a single gateway per machine for most setups. One gateway supports multiple agents (see docs: /gateway#multiple-gateways-same-host).
If you need multiple gateways (e.g., a rescue bot on the same host), isolate ports + config/state (see docs: /gateway#multiple-gateways-same-host).

Troubles: run openclaw status
Troubleshooting: https://docs.openclaw.ai/troubleshooting
[2026-03-14 23:41:09] ✅ Gateway OK (RPC probe passed)
[2026-03-14 23:46:23] Watchdog check...
Cleanup hint: launchctl bootout gui/$UID/ai.openclaw.gateway
Cleanup hint: rm ~/Library/LaunchAgents/ai.openclaw.gateway.plist

Recommendation: run a single gateway per machine for most setups. One gateway supports multiple agents (see docs: /gateway#multiple-gateways-same-host).
If you need multiple gateways (e.g., a rescue bot on the same host), isolate ports + config/state (see docs: /gateway#multiple-gateways-same-host).

Troubles: run openclaw status
Troubleshooting: https://docs.openclaw.ai/troubleshooting
[2026-03-14 23:46:23] ✅ Gateway OK (RPC probe passed)
[2026-03-15 00:02:02] Watchdog check...
Cleanup hint: launchctl bootout gui/$UID/ai.openclaw.gateway
Cleanup hint: rm ~/Library/LaunchAgents/ai.openclaw.gateway.plist

Recommendation: run a single gateway per machine for most setups. One gateway supports multiple agents (see docs: /gateway#multiple-gateways-same-host).
If you need multiple gateways (e.g., a rescue bot on the same host), isolate ports + config/state (see docs: /gateway#multiple-gateways-same-host).

Troubles: run openclaw status
Troubleshooting: https://docs.openclaw.ai/troubleshooting
[2026-03-15 00:02:02] ✅ Gateway OK (RPC probe passed)
[2026-03-15 00:10:36] Watchdog check...
Cleanup hint: launchctl bootout gui/$UID/ai.openclaw.gateway
Cleanup hint: rm ~/Library/LaunchAgents/ai.openclaw.gateway.plist

Recommendation: run a single gateway per machine for most setups. One gateway supports multiple agents (see docs: /gateway#multiple-gateways-same-host).
If you need multiple gateways (e.g., a rescue bot on the same host), isolate ports + config/state (see docs: /gateway#multiple-gateways-same-host).

Troubles: run openclaw status
Troubleshooting: https://docs.openclaw.ai/troubleshooting
[2026-03-15 00:10:36] ✅ Gateway OK (RPC probe passed)
[2026-03-15 00:15:55] Watchdog check...
Cleanup hint: launchctl bootout gui/$UID/ai.openclaw.gateway
Cleanup hint: rm ~/Library/LaunchAgents/ai.openclaw.gateway.plist

Recommendation: run a single gateway per machine for most setups. One gateway supports multiple agents (see docs: /gateway#multiple-gateways-same-host).
If you need multiple gateways (e.g., a rescue bot on the same host), isolate ports + config/state (see docs: /gateway#multiple-gateways-same-host).

Troubles: run openclaw status
Troubleshooting: https://docs.openclaw.ai/troubleshooting
[2026-03-15 00:15:55] ✅ Gateway OK (RPC probe passed)
[2026-03-15 00:21:05] Watchdog check...
Cleanup hint: launchctl bootout gui/$UID/ai.openclaw.gateway
Cleanup hint: rm ~/Library/LaunchAgents/ai.openclaw.gateway.plist

Recommendation: run a single gateway per machine for most setups. One gateway supports multiple agents (see docs: /gateway#multiple-gateways-same-host).
If you need multiple gateways (e.g., a rescue bot on the same host), isolate ports + config/state (see docs: /gateway#multiple-gateways-same-host).

Troubles: run openclaw status
Troubleshooting: https://docs.openclaw.ai/troubleshooting
[2026-03-15 00:21:05] ✅ Gateway OK (RPC probe passed)
[2026-03-15 00:26:16] Watchdog check...
Cleanup hint: launchctl bootout gui/$UID/ai.openclaw.gateway
Cleanup hint: rm ~/Library/LaunchAgents/ai.openclaw.gateway.plist

Recommendation: run a single gateway per machine for most setups. One gateway supports multiple agents (see docs: /gateway#multiple-gateways-same-host).
If you need multiple gateways (e.g., a rescue bot on the same host), isolate ports + config/state (see docs: /gateway#multiple-gateways-same-host).

Troubles: run openclaw status
Troubleshooting: https://docs.openclaw.ai/troubleshooting
[2026-03-15 00:26:16] ✅ Gateway OK (RPC probe passed)
[2026-03-15 00:31:34] Watchdog check...
Cleanup hint: launchctl bootout gui/$UID/ai.openclaw.gateway
Cleanup hint: rm ~/Library/LaunchAgents/ai.openclaw.gateway.plist

Recommendation: run a single gateway per machine for most setups. One gateway supports multiple agents (see docs: /gateway#multiple-gateways-same-host).
If you need multiple gateways (e.g., a rescue bot on the same host), isolate ports + config/state (see docs: /gateway#multiple-gateways-same-host).

Troubles: run openclaw status
Troubleshooting: https://docs.openclaw.ai/troubleshooting
[2026-03-15 00:31:34] ✅ Gateway OK (RPC probe passed)
[2026-03-15 00:36:48] Watchdog check...
Cleanup hint: launchctl bootout gui/$UID/ai.openclaw.gateway
Cleanup hint: rm ~/Library/LaunchAgents/ai.openclaw.gateway.plist

Recommendation: run a single gateway per machine for most setups. One gateway supports multiple agents (see docs: /gateway#multiple-gateways-same-host).
If you need multiple gateways (e.g., a rescue bot on the same host), isolate ports + config/state (see docs: /gateway#multiple-gateways-same-host).

Troubles: run openclaw status
Troubleshooting: https://docs.openclaw.ai/troubleshooting
[2026-03-15 00:36:48] ✅ Gateway OK (RPC probe passed)
[2026-03-15 00:42:01] Watchdog check...
Cleanup hint: launchctl bootout gui/$UID/ai.openclaw.gateway
Cleanup hint: rm ~/Library/LaunchAgents/ai.openclaw.gateway.plist

Recommendation: run a single gateway per machine for most setups. One gateway supports multiple agents (see docs: /gateway#multiple-gateways-same-host).
If you need multiple gateways (e.g., a rescue bot on the same host), isolate ports + config/state (see docs: /gateway#multiple-gateways-same-host).

Troubles: run openclaw status
Troubleshooting: https://docs.openclaw.ai/troubleshooting
[2026-03-15 00:42:01] ❌ Gateway unhealthy, restarting LaunchAgent...
[2026-03-15 00:42:01] ✅ Gateway restarted by kickstart
[2026-03-15 00:47:18] Watchdog check...
Cleanup hint: launchctl bootout gui/$UID/ai.openclaw.gateway
Cleanup hint: rm ~/Library/LaunchAgents/ai.openclaw.gateway.plist

Recommendation: run a single gateway per machine for most setups. One gateway supports multiple agents (see docs: /gateway#multiple-gateways-same-host).
If you need multiple gateways (e.g., a rescue bot on the same host), isolate ports + config/state (see docs: /gateway#multiple-gateways-same-host).

Troubles: run openclaw status
Troubleshooting: https://docs.openclaw.ai/troubleshooting
[2026-03-15 00:47:18] ✅ Gateway OK (RPC probe passed)
[2026-03-15 00:52:28] Watchdog check...
Cleanup hint: launchctl bootout gui/$UID/ai.openclaw.gateway
Cleanup hint: rm ~/Library/LaunchAgents/ai.openclaw.gateway.plist

Recommendation: run a single gateway per machine for most setups. One gateway supports multiple agents (see docs: /gateway#multiple-gateways-same-host).
If you need multiple gateways (e.g., a rescue bot on the same host), isolate ports + config/state (see docs: /gateway#multiple-gateways-same-host).

Troubles: run openclaw status
Troubleshooting: https://docs.openclaw.ai/troubleshooting
[2026-03-15 00:52:28] ✅ Gateway OK (RPC probe passed)
[2026-03-15 00:57:39] Watchdog check...
Cleanup hint: launchctl bootout gui/$UID/ai.openclaw.gateway
Cleanup hint: rm ~/Library/LaunchAgents/ai.openclaw.gateway.plist

Recommendation: run a single gateway per machine for most setups. One gateway supports multiple agents (see docs: /gateway#multiple-gateways-same-host).
If you need multiple gateways (e.g., a rescue bot on the same host), isolate ports + config/state (see docs: /gateway#multiple-gateways-same-host).

Troubles: run openclaw status
Troubleshooting: https://docs.openclaw.ai/troubleshooting
[2026-03-15 00:57:39] ✅ Gateway OK (RPC probe passed)
[2026-03-15 01:02:49] Watchdog check...
Cleanup hint: launchctl bootout gui/$UID/ai.openclaw.gateway
Cleanup hint: rm ~/Library/LaunchAgents/ai.openclaw.gateway.plist

Recommendation: run a single gateway per machine for most setups. One gateway supports multiple agents (see docs: /gateway#multiple-gateways-same-host).
If you need multiple gateways (e.g., a rescue bot on the same host), isolate ports + config/state (see docs: /gateway#multiple-gateways-same-host).

Troubles: run openclaw status
Troubleshooting: https://docs.openclaw.ai/troubleshooting
[2026-03-15 01:02:49] ✅ Gateway OK (RPC probe passed)
[2026-03-15 01:07:58] Watchdog check...
Cleanup hint: launchctl bootout gui/$UID/ai.openclaw.gateway
Cleanup hint: rm ~/Library/LaunchAgents/ai.openclaw.gateway.plist

Recommendation: run a single gateway per machine for most setups. One gateway supports multiple agents (see docs: /gateway#multiple-gateways-same-host).
If you need multiple gateways (e.g., a rescue bot on the same host), isolate ports + config/state (see docs: /gateway#multiple-gateways-same-host).

Troubles: run openclaw status
Troubleshooting: https://docs.openclaw.ai/troubleshooting
[2026-03-15 01:07:58] ✅ Gateway OK (RPC probe passed)
[2026-03-15 01:13:08] Watchdog check...
Cleanup hint: launchctl bootout gui/$UID/ai.openclaw.gateway
Cleanup hint: rm ~/Library/LaunchAgents/ai.openclaw.gateway.plist

Recommendation: run a single gateway per machine for most setups. One gateway supports multiple agents (see docs: /gateway#multiple-gateways-same-host).
If you need multiple gateways (e.g., a rescue bot on the same host), isolate ports + config/state (see docs: /gateway#multiple-gateways-same-host).

Troubles: run openclaw status
Troubleshooting: https://docs.openclaw.ai/troubleshooting
[2026-03-15 01:13:08] ✅ Gateway OK (RPC probe passed)
[2026-03-15 01:18:17] Watchdog check...
Cleanup hint: launchctl bootout gui/$UID/ai.openclaw.gateway
Cleanup hint: rm ~/Library/LaunchAgents/ai.openclaw.gateway.plist

Recommendation: run a single gateway per machine for most setups. One gateway supports multiple agents (see docs: /gateway#multiple-gateways-same-host).
If you need multiple gateways (e.g., a rescue bot on the same host), isolate ports + config/state (see docs: /gateway#multiple-gateways-same-host).

Troubles: run openclaw status
Troubleshooting: https://docs.openclaw.ai/troubleshooting
[2026-03-15 01:18:17] ✅ Gateway OK (RPC probe passed)
[2026-03-15 01:23:27] Watchdog check...
Cleanup hint: launchctl bootout gui/$UID/ai.openclaw.gateway
Cleanup hint: rm ~/Library/LaunchAgents/ai.openclaw.gateway.plist

Recommendation: run a single gateway per machine for most setups. One gateway supports multiple agents (see docs: /gateway#multiple-gateways-same-host).
If you need multiple gateways (e.g., a rescue bot on the same host), isolate ports + config/state (see docs: /gateway#multiple-gateways-same-host).

Troubles: run openclaw status
Troubleshooting: https://docs.openclaw.ai/troubleshooting
[2026-03-15 01:23:27] ✅ Gateway OK (RPC probe passed)
[2026-03-15 01:28:36] Watchdog check...
Cleanup hint: launchctl bootout gui/$UID/ai.openclaw.gateway
Cleanup hint: rm ~/Library/LaunchAgents/ai.openclaw.gateway.plist

Recommendation: run a single gateway per machine for most setups. One gateway supports multiple agents (see docs: /gateway#multiple-gateways-same-host).
If you need multiple gateways (e.g., a rescue bot on the same host), isolate ports + config/state (see docs: /gateway#multiple-gateways-same-host).

Troubles: run openclaw status
Troubleshooting: https://docs.openclaw.ai/troubleshooting
[2026-03-15 01:28:36] ✅ Gateway OK (RPC probe passed)
[2026-03-15 01:33:46] Watchdog check...
Cleanup hint: launchctl bootout gui/$UID/ai.openclaw.gateway
Cleanup hint: rm ~/Library/LaunchAgents/ai.openclaw.gateway.plist

Recommendation: run a single gateway per machine for most setups. One gateway supports multiple agents (see docs: /gateway#multiple-gateways-same-host).
If you need multiple gateways (e.g., a rescue bot on the same host), isolate ports + config/state (see docs: /gateway#multiple-gateways-same-host).

Troubles: run openclaw status
Troubleshooting: https://docs.openclaw.ai/troubleshooting
[2026-03-15 01:33:46] ✅ Gateway OK (RPC probe passed)
[2026-03-15 01:38:59] Watchdog check...
Cleanup hint: launchctl bootout gui/$UID/ai.openclaw.gateway
Cleanup hint: rm ~/Library/LaunchAgents/ai.openclaw.gateway.plist

Recommendation: run a single gateway per machine for most setups. One gateway supports multiple agents (see docs: /gateway#multiple-gateways-same-host).
If you need multiple gateways (e.g., a rescue bot on the same host), isolate ports + config/state (see docs: /gateway#multiple-gateways-same-host).

Troubles: run openclaw status
Troubleshooting: https://docs.openclaw.ai/troubleshooting
[2026-03-15 01:38:59] ✅ Gateway OK (RPC probe passed)
[2026-03-15 01:44:09] Watchdog check...
Cleanup hint: launchctl bootout gui/$UID/ai.openclaw.gateway
Cleanup hint: rm ~/Library/LaunchAgents/ai.openclaw.gateway.plist

Recommendation: run a single gateway per machine for most setups. One gateway supports multiple agents (see docs: /gateway#multiple-gateways-same-host).
If you need multiple gateways (e.g., a rescue bot on the same host), isolate ports + config/state (see docs: /gateway#multiple-gateways-same-host).

Troubles: run openclaw status
Troubleshooting: https://docs.openclaw.ai/troubleshooting
[2026-03-15 01:44:09] ✅ Gateway OK (RPC probe passed)
[2026-03-15 01:49:20] Watchdog check...
Cleanup hint: launchctl bootout gui/$UID/ai.openclaw.gateway
Cleanup hint: rm ~/Library/LaunchAgents/ai.openclaw.gateway.plist

Recommendation: run a single gateway per machine for most setups. One gateway supports multiple agents (see docs: /gateway#multiple-gateways-same-host).
If you need multiple gateways (e.g., a rescue bot on the same host), isolate ports + config/state (see docs: /gateway#multiple-gateways-same-host).

Troubles: run openclaw status
Troubleshooting: https://docs.openclaw.ai/troubleshooting
[2026-03-15 01:49:20] ✅ Gateway OK (RPC probe passed)
[2026-03-15 01:54:32] Watchdog check...
Cleanup hint: launchctl bootout gui/$UID/ai.openclaw.gateway
Cleanup hint: rm ~/Library/LaunchAgents/ai.openclaw.gateway.plist

Recommendation: run a single gateway per machine for most setups. One gateway supports multiple agents (see docs: /gateway#multiple-gateways-same-host).
If you need multiple gateways (e.g., a rescue bot on the same host), isolate ports + config/state (see docs: /gateway#multiple-gateways-same-host).

Troubles: run openclaw status
Troubleshooting: https://docs.openclaw.ai/troubleshooting
[2026-03-15 01:54:32] ✅ Gateway OK (RPC probe passed)
[2026-03-15 01:59:44] Watchdog check...
Cleanup hint: launchctl bootout gui/$UID/ai.openclaw.gateway
Cleanup hint: rm ~/Library/LaunchAgents/ai.openclaw.gateway.plist

Recommendation: run a single gateway per machine for most setups. One gateway supports multiple agents (see docs: /gateway#multiple-gateways-same-host).
If you need multiple gateways (e.g., a rescue bot on the same host), isolate ports + config/state (see docs: /gateway#multiple-gateways-same-host).

Troubles: run openclaw status
Troubleshooting: https://docs.openclaw.ai/troubleshooting
[2026-03-15 01:59:44] ✅ Gateway OK (RPC probe passed)
[2026-03-15 02:04:55] Watchdog check...
Cleanup hint: launchctl bootout gui/$UID/ai.openclaw.gateway
Cleanup hint: rm ~/Library/LaunchAgents/ai.openclaw.gateway.plist

Recommendation: run a single gateway per machine for most setups. One gateway supports multiple agents (see docs: /gateway#multiple-gateways-same-host).
If you need multiple gateways (e.g., a rescue bot on the same host), isolate ports + config/state (see docs: /gateway#multiple-gateways-same-host).

Troubles: run openclaw status
Troubleshooting: https://docs.openclaw.ai/troubleshooting
[2026-03-15 02:04:55] ✅ Gateway OK (RPC probe passed)
[2026-03-15 02:10:09] Watchdog check...
Cleanup hint: launchctl bootout gui/$UID/ai.openclaw.gateway
Cleanup hint: rm ~/Library/LaunchAgents/ai.openclaw.gateway.plist

Recommendation: run a single gateway per machine for most setups. One gateway supports multiple agents (see docs: /gateway#multiple-gateways-same-host).
If you need multiple gateways (e.g., a rescue bot on the same host), isolate ports + config/state (see docs: /gateway#multiple-gateways-same-host).

Troubles: run openclaw status
Troubleshooting: https://docs.openclaw.ai/troubleshooting
[2026-03-15 02:10:09] ✅ Gateway OK (RPC probe passed)
[2026-03-15 02:15:21] Watchdog check...
Cleanup hint: launchctl bootout gui/$UID/ai.openclaw.gateway
Cleanup hint: rm ~/Library/LaunchAgents/ai.openclaw.gateway.plist

Recommendation: run a single gateway per machine for most setups. One gateway supports multiple agents (see docs: /gateway#multiple-gateways-same-host).
If you need multiple gateways (e.g., a rescue bot on the same host), isolate ports + config/state (see docs: /gateway#multiple-gateways-same-host).

Troubles: run openclaw status
Troubleshooting: https://docs.openclaw.ai/troubleshooting
[2026-03-15 02:15:21] ✅ Gateway OK (RPC probe passed)
[2026-03-15 02:20:33] Watchdog check...
Cleanup hint: launchctl bootout gui/$UID/ai.openclaw.gateway
Cleanup hint: rm ~/Library/LaunchAgents/ai.openclaw.gateway.plist

Recommendation: run a single gateway per machine for most setups. One gateway supports multiple agents (see docs: /gateway#multiple-gateways-same-host).
If you need multiple gateways (e.g., a rescue bot on the same host), isolate ports + config/state (see docs: /gateway#multiple-gateways-same-host).

Troubles: run openclaw status
Troubleshooting: https://docs.openclaw.ai/troubleshooting
[2026-03-15 02:20:33] ✅ Gateway OK (RPC probe passed)
[2026-03-15 02:25:45] Watchdog check...
Cleanup hint: launchctl bootout gui/$UID/ai.openclaw.gateway
Cleanup hint: rm ~/Library/LaunchAgents/ai.openclaw.gateway.plist

Recommendation: run a single gateway per machine for most setups. One gateway supports multiple agents (see docs: /gateway#multiple-gateways-same-host).
If you need multiple gateways (e.g., a rescue bot on the same host), isolate ports + config/state (see docs: /gateway#multiple-gateways-same-host).

Troubles: run openclaw status
Troubleshooting: https://docs.openclaw.ai/troubleshooting
[2026-03-15 02:25:45] ✅ Gateway OK (RPC probe passed)
[2026-03-15 02:30:57] Watchdog check...
Cleanup hint: launchctl bootout gui/$UID/ai.openclaw.gateway
Cleanup hint: rm ~/Library/LaunchAgents/ai.openclaw.gateway.plist

Recommendation: run a single gateway per machine for most setups. One gateway supports multiple agents (see docs: /gateway#multiple-gateways-same-host).
If you need multiple gateways (e.g., a rescue bot on the same host), isolate ports + config/state (see docs: /gateway#multiple-gateways-same-host).

Troubles: run openclaw status
Troubleshooting: https://docs.openclaw.ai/troubleshooting
[2026-03-15 02:30:57] ✅ Gateway OK (RPC probe passed)
[2026-03-15 02:36:09] Watchdog check...
Cleanup hint: launchctl bootout gui/$UID/ai.openclaw.gateway
Cleanup hint: rm ~/Library/LaunchAgents/ai.openclaw.gateway.plist

Recommendation: run a single gateway per machine for most setups. One gateway supports multiple agents (see docs: /gateway#multiple-gateways-same-host).
If you need multiple gateways (e.g., a rescue bot on the same host), isolate ports + config/state (see docs: /gateway#multiple-gateways-same-host).

Troubles: run openclaw status
Troubleshooting: https://docs.openclaw.ai/troubleshooting
[2026-03-15 02:36:09] ✅ Gateway OK (RPC probe passed)
[2026-03-15 02:41:22] Watchdog check...
Cleanup hint: launchctl bootout gui/$UID/ai.openclaw.gateway
Cleanup hint: rm ~/Library/LaunchAgents/ai.openclaw.gateway.plist

Recommendation: run a single gateway per machine for most setups. One gateway supports multiple agents (see docs: /gateway#multiple-gateways-same-host).
If you need multiple gateways (e.g., a rescue bot on the same host), isolate ports + config/state (see docs: /gateway#multiple-gateways-same-host).

Troubles: run openclaw status
Troubleshooting: https://docs.openclaw.ai/troubleshooting
[2026-03-15 02:41:22] ✅ Gateway OK (RPC probe passed)
[2026-03-15 02:46:34] Watchdog check...
Cleanup hint: launchctl bootout gui/$UID/ai.openclaw.gateway
Cleanup hint: rm ~/Library/LaunchAgents/ai.openclaw.gateway.plist

Recommendation: run a single gateway per machine for most setups. One gateway supports multiple agents (see docs: /gateway#multiple-gateways-same-host).
If you need multiple gateways (e.g., a rescue bot on the same host), isolate ports + config/state (see docs: /gateway#multiple-gateways-same-host).

Troubles: run openclaw status
Troubleshooting: https://docs.openclaw.ai/troubleshooting
[2026-03-15 02:46:34] ✅ Gateway OK (RPC probe passed)
[2026-03-15 02:51:46] Watchdog check...
Cleanup hint: launchctl bootout gui/$UID/ai.openclaw.gateway
Cleanup hint: rm ~/Library/LaunchAgents/ai.openclaw.gateway.plist

Recommendation: run a single gateway per machine for most setups. One gateway supports multiple agents (see docs: /gateway#multiple-gateways-same-host).
If you need multiple gateways (e.g., a rescue bot on the same host), isolate ports + config/state (see docs: /gateway#multiple-gateways-same-host).

Troubles: run openclaw status
Troubleshooting: https://docs.openclaw.ai/troubleshooting
[2026-03-15 02:51:46] ✅ Gateway OK (RPC probe passed)
[2026-03-15 02:56:57] Watchdog check...
Cleanup hint: launchctl bootout gui/$UID/ai.openclaw.gateway
Cleanup hint: rm ~/Library/LaunchAgents/ai.openclaw.gateway.plist

Recommendation: run a single gateway per machine for most setups. One gateway supports multiple agents (see docs: /gateway#multiple-gateways-same-host).
If you need multiple gateways (e.g., a rescue bot on the same host), isolate ports + config/state (see docs: /gateway#multiple-gateways-same-host).

Troubles: run openclaw status
Troubleshooting: https://docs.openclaw.ai/troubleshooting
[2026-03-15 02:56:57] ✅ Gateway OK (RPC probe passed)
[2026-03-15 03:02:09] Watchdog check...
Cleanup hint: launchctl bootout gui/$UID/ai.openclaw.gateway
Cleanup hint: rm ~/Library/LaunchAgents/ai.openclaw.gateway.plist

Recommendation: run a single gateway per machine for most setups. One gateway supports multiple agents (see docs: /gateway#multiple-gateways-same-host).
If you need multiple gateways (e.g., a rescue bot on the same host), isolate ports + config/state (see docs: /gateway#multiple-gateways-same-host).

Troubles: run openclaw status
Troubleshooting: https://docs.openclaw.ai/troubleshooting
[2026-03-15 03:02:09] ✅ Gateway OK (RPC probe passed)
[2026-03-15 03:07:22] Watchdog check...
Cleanup hint: launchctl bootout gui/$UID/ai.openclaw.gateway
Cleanup hint: rm ~/Library/LaunchAgents/ai.openclaw.gateway.plist

Recommendation: run a single gateway per machine for most setups. One gateway supports multiple agents (see docs: /gateway#multiple-gateways-same-host).
If you need multiple gateways (e.g., a rescue bot on the same host), isolate ports + config/state (see docs: /gateway#multiple-gateways-same-host).

Troubles: run openclaw status
Troubleshooting: https://docs.openclaw.ai/troubleshooting
[2026-03-15 03:07:22] ✅ Gateway OK (RPC probe passed)
[2026-03-15 03:12:37] Watchdog check...
Cleanup hint: launchctl bootout gui/$UID/ai.openclaw.gateway
Cleanup hint: rm ~/Library/LaunchAgents/ai.openclaw.gateway.plist

Recommendation: run a single gateway per machine for most setups. One gateway supports multiple agents (see docs: /gateway#multiple-gateways-same-host).
If you need multiple gateways (e.g., a rescue bot on the same host), isolate ports + config/state (see docs: /gateway#multiple-gateways-same-host).

Troubles: run openclaw status
Troubleshooting: https://docs.openclaw.ai/troubleshooting
[2026-03-15 03:12:37] ✅ Gateway OK (RPC probe passed)
[2026-03-15 03:17:50] Watchdog check...
Cleanup hint: launchctl bootout gui/$UID/ai.openclaw.gateway
Cleanup hint: rm ~/Library/LaunchAgents/ai.openclaw.gateway.plist

Recommendation: run a single gateway per machine for most setups. One gateway supports multiple agents (see docs: /gateway#multiple-gateways-same-host).
If you need multiple gateways (e.g., a rescue bot on the same host), isolate ports + config/state (see docs: /gateway#multiple-gateways-same-host).

Troubles: run openclaw status
Troubleshooting: https://docs.openclaw.ai/troubleshooting
[2026-03-15 03:17:50] ✅ Gateway OK (RPC probe passed)
[2026-03-15 03:23:03] Watchdog check...
Cleanup hint: launchctl bootout gui/$UID/ai.openclaw.gateway
Cleanup hint: rm ~/Library/LaunchAgents/ai.openclaw.gateway.plist

Recommendation: run a single gateway per machine for most setups. One gateway supports multiple agents (see docs: /gateway#multiple-gateways-same-host).
If you need multiple gateways (e.g., a rescue bot on the same host), isolate ports + config/state (see docs: /gateway#multiple-gateways-same-host).

Troubles: run openclaw status
Troubleshooting: https://docs.openclaw.ai/troubleshooting
[2026-03-15 03:23:03] ✅ Gateway OK (RPC probe passed)
[2026-03-15 03:28:16] Watchdog check...
Cleanup hint: launchctl bootout gui/$UID/ai.openclaw.gateway
Cleanup hint: rm ~/Library/LaunchAgents/ai.openclaw.gateway.plist

Recommendation: run a single gateway per machine for most setups. One gateway supports multiple agents (see docs: /gateway#multiple-gateways-same-host).
If you need multiple gateways (e.g., a rescue bot on the same host), isolate ports + config/state (see docs: /gateway#multiple-gateways-same-host).

Troubles: run openclaw status
Troubleshooting: https://docs.openclaw.ai/troubleshooting
[2026-03-15 03:28:16] ✅ Gateway OK (RPC probe passed)
[2026-03-15 03:33:29] Watchdog check...
Cleanup hint: launchctl bootout gui/$UID/ai.openclaw.gateway
Cleanup hint: rm ~/Library/LaunchAgents/ai.openclaw.gateway.plist

Recommendation: run a single gateway per machine for most setups. One gateway supports multiple agents (see docs: /gateway#multiple-gateways-same-host).
If you need multiple gateways (e.g., a rescue bot on the same host), isolate ports + config/state (see docs: /gateway#multiple-gateways-same-host).

Troubles: run openclaw status
Troubleshooting: https://docs.openclaw.ai/troubleshooting
[2026-03-15 03:33:29] ✅ Gateway OK (RPC probe passed)
[2026-03-15 03:38:43] Watchdog check...
Cleanup hint: launchctl bootout gui/$UID/ai.openclaw.gateway
Cleanup hint: rm ~/Library/LaunchAgents/ai.openclaw.gateway.plist

Recommendation: run a single gateway per machine for most setups. One gateway supports multiple agents (see docs: /gateway#multiple-gateways-same-host).
If you need multiple gateways (e.g., a rescue bot on the same host), isolate ports + config/state (see docs: /gateway#multiple-gateways-same-host).

Troubles: run openclaw status
Troubleshooting: https://docs.openclaw.ai/troubleshooting
[2026-03-15 03:38:43] ✅ Gateway OK (RPC probe passed)
[2026-03-15 03:43:55] Watchdog check...
Cleanup hint: launchctl bootout gui/$UID/ai.openclaw.gateway
Cleanup hint: rm ~/Library/LaunchAgents/ai.openclaw.gateway.plist

Recommendation: run a single gateway per machine for most setups. One gateway supports multiple agents (see docs: /gateway#multiple-gateways-same-host).
If you need multiple gateways (e.g., a rescue bot on the same host), isolate ports + config/state (see docs: /gateway#multiple-gateways-same-host).

Troubles: run openclaw status
Troubleshooting: https://docs.openclaw.ai/troubleshooting
[2026-03-15 03:43:55] ✅ Gateway OK (RPC probe passed)
[2026-03-15 03:49:07] Watchdog check...
Cleanup hint: launchctl bootout gui/$UID/ai.openclaw.gateway
Cleanup hint: rm ~/Library/LaunchAgents/ai.openclaw.gateway.plist

Recommendation: run a single gateway per machine for most setups. One gateway supports multiple agents (see docs: /gateway#multiple-gateways-same-host).
If you need multiple gateways (e.g., a rescue bot on the same host), isolate ports + config/state (see docs: /gateway#multiple-gateways-same-host).

Troubles: run openclaw status
Troubleshooting: https://docs.openclaw.ai/troubleshooting
[2026-03-15 03:49:07] ✅ Gateway OK (RPC probe passed)
[2026-03-15 03:54:19] Watchdog check...
Cleanup hint: launchctl bootout gui/$UID/ai.openclaw.gateway
Cleanup hint: rm ~/Library/LaunchAgents/ai.openclaw.gateway.plist

Recommendation: run a single gateway per machine for most setups. One gateway supports multiple agents (see docs: /gateway#multiple-gateways-same-host).
If you need multiple gateways (e.g., a rescue bot on the same host), isolate ports + config/state (see docs: /gateway#multiple-gateways-same-host).

Troubles: run openclaw status
Troubleshooting: https://docs.openclaw.ai/troubleshooting
[2026-03-15 03:54:19] ✅ Gateway OK (RPC probe passed)
[2026-03-15 03:59:31] Watchdog check...
Cleanup hint: launchctl bootout gui/$UID/ai.openclaw.gateway
Cleanup hint: rm ~/Library/LaunchAgents/ai.openclaw.gateway.plist

Recommendation: run a single gateway per machine for most setups. One gateway supports multiple agents (see docs: /gateway#multiple-gateways-same-host).
If you need multiple gateways (e.g., a rescue bot on the same host), isolate ports + config/state (see docs: /gateway#multiple-gateways-same-host).

Troubles: run openclaw status
Troubleshooting: https://docs.openclaw.ai/troubleshooting
[2026-03-15 03:59:31] ✅ Gateway OK (RPC probe passed)
[2026-03-15 04:04:44] Watchdog check...
Cleanup hint: launchctl bootout gui/$UID/ai.openclaw.gateway
Cleanup hint: rm ~/Library/LaunchAgents/ai.openclaw.gateway.plist

Recommendation: run a single gateway per machine for most setups. One gateway supports multiple agents (see docs: /gateway#multiple-gateways-same-host).
If you need multiple gateways (e.g., a rescue bot on the same host), isolate ports + config/state (see docs: /gateway#multiple-gateways-same-host).

Troubles: run openclaw status
Troubleshooting: https://docs.openclaw.ai/troubleshooting
[2026-03-15 04:04:44] ✅ Gateway OK (RPC probe passed)
[2026-03-15 04:09:55] Watchdog check...
Cleanup hint: launchctl bootout gui/$UID/ai.openclaw.gateway
Cleanup hint: rm ~/Library/LaunchAgents/ai.openclaw.gateway.plist

Recommendation: run a single gateway per machine for most setups. One gateway supports multiple agents (see docs: /gateway#multiple-gateways-same-host).
If you need multiple gateways (e.g., a rescue bot on the same host), isolate ports + config/state (see docs: /gateway#multiple-gateways-same-host).

Troubles: run openclaw status
Troubleshooting: https://docs.openclaw.ai/troubleshooting
[2026-03-15 04:09:55] ✅ Gateway OK (RPC probe passed)
[2026-03-15 04:15:09] Watchdog check...
Cleanup hint: launchctl bootout gui/$UID/ai.openclaw.gateway
Cleanup hint: rm ~/Library/LaunchAgents/ai.openclaw.gateway.plist

Recommendation: run a single gateway per machine for most setups. One gateway supports multiple agents (see docs: /gateway#multiple-gateways-same-host).
If you need multiple gateways (e.g., a rescue bot on the same host), isolate ports + config/state (see docs: /gateway#multiple-gateways-same-host).

Troubles: run openclaw status
Troubleshooting: https://docs.openclaw.ai/troubleshooting
[2026-03-15 04:15:09] ✅ Gateway OK (RPC probe passed)
[2026-03-15 04:20:20] Watchdog check...
Cleanup hint: launchctl bootout gui/$UID/ai.openclaw.gateway
Cleanup hint: rm ~/Library/LaunchAgents/ai.openclaw.gateway.plist

Recommendation: run a single gateway per machine for most setups. One gateway supports multiple agents (see docs: /gateway#multiple-gateways-same-host).
If you need multiple gateways (e.g., a rescue bot on the same host), isolate ports + config/state (see docs: /gateway#multiple-gateways-same-host).

Troubles: run openclaw status
Troubleshooting: https://docs.openclaw.ai/troubleshooting
[2026-03-15 04:20:20] ✅ Gateway OK (RPC probe passed)
[2026-03-15 04:25:33] Watchdog check...
Cleanup hint: launchctl bootout gui/$UID/ai.openclaw.gateway
Cleanup hint: rm ~/Library/LaunchAgents/ai.openclaw.gateway.plist

Recommendation: run a single gateway per machine for most setups. One gateway supports multiple agents (see docs: /gateway#multiple-gateways-same-host).
If you need multiple gateways (e.g., a rescue bot on the same host), isolate ports + config/state (see docs: /gateway#multiple-gateways-same-host).

Troubles: run openclaw status
Troubleshooting: https://docs.openclaw.ai/troubleshooting
[2026-03-15 04:25:33] ✅ Gateway OK (RPC probe passed)
[2026-03-15 04:30:46] Watchdog check...
Cleanup hint: launchctl bootout gui/$UID/ai.openclaw.gateway
Cleanup hint: rm ~/Library/LaunchAgents/ai.openclaw.gateway.plist

Recommendation: run a single gateway per machine for most setups. One gateway supports multiple agents (see docs: /gateway#multiple-gateways-same-host).
If you need multiple gateways (e.g., a rescue bot on the same host), isolate ports + config/state (see docs: /gateway#multiple-gateways-same-host).

Troubles: run openclaw status
Troubleshooting: https://docs.openclaw.ai/troubleshooting
[2026-03-15 04:30:46] ✅ Gateway OK (RPC probe passed)
[2026-03-15 04:35:58] Watchdog check...
Cleanup hint: launchctl bootout gui/$UID/ai.openclaw.gateway
Cleanup hint: rm ~/Library/LaunchAgents/ai.openclaw.gateway.plist

Recommendation: run a single gateway per machine for most setups. One gateway supports multiple agents (see docs: /gateway#multiple-gateways-same-host).
If you need multiple gateways (e.g., a rescue bot on the same host), isolate ports + config/state (see docs: /gateway#multiple-gateways-same-host).

Troubles: run openclaw status
Troubleshooting: https://docs.openclaw.ai/troubleshooting
[2026-03-15 04:35:58] ✅ Gateway OK (RPC probe passed)
[2026-03-15 04:41:10] Watchdog check...
Cleanup hint: launchctl bootout gui/$UID/ai.openclaw.gateway
Cleanup hint: rm ~/Library/LaunchAgents/ai.openclaw.gateway.plist

Recommendation: run a single gateway per machine for most setups. One gateway supports multiple agents (see docs: /gateway#multiple-gateways-same-host).
If you need multiple gateways (e.g., a rescue bot on the same host), isolate ports + config/state (see docs: /gateway#multiple-gateways-same-host).

Troubles: run openclaw status
Troubleshooting: https://docs.openclaw.ai/troubleshooting
[2026-03-15 04:41:10] ✅ Gateway OK (RPC probe passed)
[2026-03-15 04:46:23] Watchdog check...
Cleanup hint: launchctl bootout gui/$UID/ai.openclaw.gateway
Cleanup hint: rm ~/Library/LaunchAgents/ai.openclaw.gateway.plist

Recommendation: run a single gateway per machine for most setups. One gateway supports multiple agents (see docs: /gateway#multiple-gateways-same-host).
If you need multiple gateways (e.g., a rescue bot on the same host), isolate ports + config/state (see docs: /gateway#multiple-gateways-same-host).

Troubles: run openclaw status
Troubleshooting: https://docs.openclaw.ai/troubleshooting
[2026-03-15 04:46:23] ✅ Gateway OK (RPC probe passed)
[2026-03-15 04:51:35] Watchdog check...
Cleanup hint: launchctl bootout gui/$UID/ai.openclaw.gateway
Cleanup hint: rm ~/Library/LaunchAgents/ai.openclaw.gateway.plist

Recommendation: run a single gateway per machine for most setups. One gateway supports multiple agents (see docs: /gateway#multiple-gateways-same-host).
If you need multiple gateways (e.g., a rescue bot on the same host), isolate ports + config/state (see docs: /gateway#multiple-gateways-same-host).

Troubles: run openclaw status
Troubleshooting: https://docs.openclaw.ai/troubleshooting
[2026-03-15 04:51:35] ✅ Gateway OK (RPC probe passed)
[2026-03-15 04:56:46] Watchdog check...
Cleanup hint: launchctl bootout gui/$UID/ai.openclaw.gateway
Cleanup hint: rm ~/Library/LaunchAgents/ai.openclaw.gateway.plist

Recommendation: run a single gateway per machine for most setups. One gateway supports multiple agents (see docs: /gateway#multiple-gateways-same-host).
If you need multiple gateways (e.g., a rescue bot on the same host), isolate ports + config/state (see docs: /gateway#multiple-gateways-same-host).

Troubles: run openclaw status
Troubleshooting: https://docs.openclaw.ai/troubleshooting
[2026-03-15 04:56:46] ✅ Gateway OK (RPC probe passed)
[2026-03-15 05:01:58] Watchdog check...
Cleanup hint: launchctl bootout gui/$UID/ai.openclaw.gateway
Cleanup hint: rm ~/Library/LaunchAgents/ai.openclaw.gateway.plist

Recommendation: run a single gateway per machine for most setups. One gateway supports multiple agents (see docs: /gateway#multiple-gateways-same-host).
If you need multiple gateways (e.g., a rescue bot on the same host), isolate ports + config/state (see docs: /gateway#multiple-gateways-same-host).

Troubles: run openclaw status
Troubleshooting: https://docs.openclaw.ai/troubleshooting
[2026-03-15 05:01:58] ✅ Gateway OK (RPC probe passed)
[2026-03-15 05:07:10] Watchdog check...
Cleanup hint: launchctl bootout gui/$UID/ai.openclaw.gateway
Cleanup hint: rm ~/Library/LaunchAgents/ai.openclaw.gateway.plist

Recommendation: run a single gateway per machine for most setups. One gateway supports multiple agents (see docs: /gateway#multiple-gateways-same-host).
If you need multiple gateways (e.g., a rescue bot on the same host), isolate ports + config/state (see docs: /gateway#multiple-gateways-same-host).

Troubles: run openclaw status
Troubleshooting: https://docs.openclaw.ai/troubleshooting
[2026-03-15 05:07:10] ✅ Gateway OK (RPC probe passed)
[2026-03-15 05:12:15] Watchdog check...
Cleanup hint: launchctl bootout gui/$UID/ai.openclaw.gateway
Cleanup hint: rm ~/Library/LaunchAgents/ai.openclaw.gateway.plist

Recommendation: run a single gateway per machine for most setups. One gateway supports multiple agents (see docs: /gateway#multiple-gateways-same-host).
If you need multiple gateways (e.g., a rescue bot on the same host), isolate ports + config/state (see docs: /gateway#multiple-gateways-same-host).

Troubles: run openclaw status
Troubleshooting: https://docs.openclaw.ai/troubleshooting
[2026-03-15 05:12:15] ✅ Gateway OK (RPC probe passed)
[2026-03-15 05:17:25] Watchdog check...
Cleanup hint: launchctl bootout gui/$UID/ai.openclaw.gateway
Cleanup hint: rm ~/Library/LaunchAgents/ai.openclaw.gateway.plist

Recommendation: run a single gateway per machine for most setups. One gateway supports multiple agents (see docs: /gateway#multiple-gateways-same-host).
If you need multiple gateways (e.g., a rescue bot on the same host), isolate ports + config/state (see docs: /gateway#multiple-gateways-same-host).

Troubles: run openclaw status
Troubleshooting: https://docs.openclaw.ai/troubleshooting
[2026-03-15 05:17:25] ✅ Gateway OK (RPC probe passed)
[2026-03-15 05:22:35] Watchdog check...
Cleanup hint: launchctl bootout gui/$UID/ai.openclaw.gateway
Cleanup hint: rm ~/Library/LaunchAgents/ai.openclaw.gateway.plist

Recommendation: run a single gateway per machine for most setups. One gateway supports multiple agents (see docs: /gateway#multiple-gateways-same-host).
If you need multiple gateways (e.g., a rescue bot on the same host), isolate ports + config/state (see docs: /gateway#multiple-gateways-same-host).

Troubles: run openclaw status
Troubleshooting: https://docs.openclaw.ai/troubleshooting
[2026-03-15 05:22:35] ✅ Gateway OK (RPC probe passed)
[2026-03-15 05:27:46] Watchdog check...
Cleanup hint: launchctl bootout gui/$UID/ai.openclaw.gateway
Cleanup hint: rm ~/Library/LaunchAgents/ai.openclaw.gateway.plist

Recommendation: run a single gateway per machine for most setups. One gateway supports multiple agents (see docs: /gateway#multiple-gateways-same-host).
If you need multiple gateways (e.g., a rescue bot on the same host), isolate ports + config/state (see docs: /gateway#multiple-gateways-same-host).

Troubles: run openclaw status
Troubleshooting: https://docs.openclaw.ai/troubleshooting
[2026-03-15 05:27:46] ✅ Gateway OK (RPC probe passed)
[2026-03-15 05:33:29] Watchdog check...
Cleanup hint: launchctl bootout gui/$UID/ai.openclaw.gateway
Cleanup hint: rm ~/Library/LaunchAgents/ai.openclaw.gateway.plist

Recommendation: run a single gateway per machine for most setups. One gateway supports multiple agents (see docs: /gateway#multiple-gateways-same-host).
If you need multiple gateways (e.g., a rescue bot on the same host), isolate ports + config/state (see docs: /gateway#multiple-gateways-same-host).

Troubles: run openclaw status
Troubleshooting: https://docs.openclaw.ai/troubleshooting
[2026-03-15 05:33:29] ❌ Gateway unhealthy, restarting LaunchAgent...
Could not find service "ai.openclaw.gateway" in domain for user gui: 501
[2026-03-15 05:33:29] ❌ kickstart failed (rc=113)
[2026-03-15 05:38:37] Watchdog check...
Cleanup hint: launchctl bootout gui/$UID/ai.openclaw.gateway
Cleanup hint: rm ~/Library/LaunchAgents/ai.openclaw.gateway.plist

Recommendation: run a single gateway per machine for most setups. One gateway supports multiple agents (see docs: /gateway#multiple-gateways-same-host).
If you need multiple gateways (e.g., a rescue bot on the same host), isolate ports + config/state (see docs: /gateway#multiple-gateways-same-host).

Troubles: run openclaw status
Troubleshooting: https://docs.openclaw.ai/troubleshooting
[2026-03-15 05:38:37] ❌ Gateway unhealthy, restarting LaunchAgent...
Could not find service "ai.openclaw.gateway" in domain for user gui: 501
[2026-03-15 05:38:37] ❌ kickstart failed (rc=113)
[2026-03-15 05:43:47] Watchdog check...
Cleanup hint: launchctl bootout gui/$UID/ai.openclaw.gateway
Cleanup hint: rm ~/Library/LaunchAgents/ai.openclaw.gateway.plist

Recommendation: run a single gateway per machine for most setups. One gateway supports multiple agents (see docs: /gateway#multiple-gateways-same-host).
If you need multiple gateways (e.g., a rescue bot on the same host), isolate ports + config/state (see docs: /gateway#multiple-gateways-same-host).

Troubles: run openclaw status
Troubleshooting: https://docs.openclaw.ai/troubleshooting
[2026-03-15 05:43:47] ❌ Gateway unhealthy, restarting LaunchAgent...
Could not find service "ai.openclaw.gateway" in domain for user gui: 501
[2026-03-15 05:43:47] ❌ kickstart failed (rc=113)
[2026-03-15 05:48:55] Watchdog check...
Cleanup hint: launchctl bootout gui/$UID/ai.openclaw.gateway
Cleanup hint: rm ~/Library/LaunchAgents/ai.openclaw.gateway.plist

Recommendation: run a single gateway per machine for most setups. One gateway supports multiple agents (see docs: /gateway#multiple-gateways-same-host).
If you need multiple gateways (e.g., a rescue bot on the same host), isolate ports + config/state (see docs: /gateway#multiple-gateways-same-host).

Troubles: run openclaw status
Troubleshooting: https://docs.openclaw.ai/troubleshooting
[2026-03-15 05:48:55] ❌ Gateway unhealthy, restarting LaunchAgent...
Could not find service "ai.openclaw.gateway" in domain for user gui: 501
[2026-03-15 05:48:55] ❌ kickstart failed (rc=113)
[2026-03-15 05:54:04] Watchdog check...
Cleanup hint: launchctl bootout gui/$UID/ai.openclaw.gateway
Cleanup hint: rm ~/Library/LaunchAgents/ai.openclaw.gateway.plist

Recommendation: run a single gateway per machine for most setups. One gateway supports multiple agents (see docs: /gateway#multiple-gateways-same-host).
If you need multiple gateways (e.g., a rescue bot on the same host), isolate ports + config/state (see docs: /gateway#multiple-gateways-same-host).

Troubles: run openclaw status
Troubleshooting: https://docs.openclaw.ai/troubleshooting
[2026-03-15 05:54:04] ❌ Gateway unhealthy, restarting LaunchAgent...
Could not find service "ai.openclaw.gateway" in domain for user gui: 501
[2026-03-15 05:54:04] ❌ kickstart failed (rc=113)
[2026-03-15 05:59:12] Watchdog check...
Cleanup hint: launchctl bootout gui/$UID/ai.openclaw.gateway
Cleanup hint: rm ~/Library/LaunchAgents/ai.openclaw.gateway.plist

Recommendation: run a single gateway per machine for most setups. One gateway supports multiple agents (see docs: /gateway#multiple-gateways-same-host).
If you need multiple gateways (e.g., a rescue bot on the same host), isolate ports + config/state (see docs: /gateway#multiple-gateways-same-host).

Troubles: run openclaw status
Troubleshooting: https://docs.openclaw.ai/troubleshooting
[2026-03-15 05:59:12] ❌ Gateway unhealthy, restarting LaunchAgent...
Could not find service "ai.openclaw.gateway" in domain for user gui: 501
[2026-03-15 05:59:12] ❌ kickstart failed (rc=113)
[2026-03-15 06:04:19] Watchdog check...
Cleanup hint: launchctl bootout gui/$UID/ai.openclaw.gateway
Cleanup hint: rm ~/Library/LaunchAgents/ai.openclaw.gateway.plist

Recommendation: run a single gateway per machine for most setups. One gateway supports multiple agents (see docs: /gateway#multiple-gateways-same-host).
If you need multiple gateways (e.g., a rescue bot on the same host), isolate ports + config/state (see docs: /gateway#multiple-gateways-same-host).

Troubles: run openclaw status
Troubleshooting: https://docs.openclaw.ai/troubleshooting
[2026-03-15 06:04:19] ❌ Gateway unhealthy, restarting LaunchAgent...
Could not find service "ai.openclaw.gateway" in domain for user gui: 501
[2026-03-15 06:04:19] ❌ kickstart failed (rc=113)
[2026-03-15 06:09:26] Watchdog check...
Cleanup hint: launchctl bootout gui/$UID/ai.openclaw.gateway
Cleanup hint: rm ~/Library/LaunchAgents/ai.openclaw.gateway.plist

Recommendation: run a single gateway per machine for most setups. One gateway supports multiple agents (see docs: /gateway#multiple-gateways-same-host).
If you need multiple gateways (e.g., a rescue bot on the same host), isolate ports + config/state (see docs: /gateway#multiple-gateways-same-host).

Troubles: run openclaw status
Troubleshooting: https://docs.openclaw.ai/troubleshooting
[2026-03-15 06:09:26] ✅ Gateway OK (RPC probe passed)
[2026-03-15 06:14:33] Watchdog check...
Cleanup hint: launchctl bootout gui/$UID/ai.openclaw.gateway
Cleanup hint: rm ~/Library/LaunchAgents/ai.openclaw.gateway.plist

Recommendation: run a single gateway per machine for most setups. One gateway supports multiple agents (see docs: /gateway#multiple-gateways-same-host).
If you need multiple gateways (e.g., a rescue bot on the same host), isolate ports + config/state (see docs: /gateway#multiple-gateways-same-host).

Troubles: run openclaw status
Troubleshooting: https://docs.openclaw.ai/troubleshooting
[2026-03-15 06:14:33] ✅ Gateway OK (RPC probe passed)
[2026-03-15 06:19:46] Watchdog check...
Cleanup hint: launchctl bootout gui/$UID/ai.openclaw.gateway
Cleanup hint: rm ~/Library/LaunchAgents/ai.openclaw.gateway.plist

Recommendation: run a single gateway per machine for most setups. One gateway supports multiple agents (see docs: /gateway#multiple-gateways-same-host).
If you need multiple gateways (e.g., a rescue bot on the same host), isolate ports + config/state (see docs: /gateway#multiple-gateways-same-host).

Troubles: run openclaw status
Troubleshooting: https://docs.openclaw.ai/troubleshooting
[2026-03-15 06:19:46] ✅ Gateway OK (RPC probe passed)
[2026-03-15 06:24:53] Watchdog check...
Cleanup hint: launchctl bootout gui/$UID/ai.openclaw.gateway
Cleanup hint: rm ~/Library/LaunchAgents/ai.openclaw.gateway.plist

Recommendation: run a single gateway per machine for most setups. One gateway supports multiple agents (see docs: /gateway#multiple-gateways-same-host).
If you need multiple gateways (e.g., a rescue bot on the same host), isolate ports + config/state (see docs: /gateway#multiple-gateways-same-host).

Troubles: run openclaw status
Troubleshooting: https://docs.openclaw.ai/troubleshooting
[2026-03-15 06:24:53] ✅ Gateway OK (RPC probe passed)
[2026-03-15 06:30:00] Watchdog check...
Cleanup hint: launchctl bootout gui/$UID/ai.openclaw.gateway
Cleanup hint: rm ~/Library/LaunchAgents/ai.openclaw.gateway.plist

Recommendation: run a single gateway per machine for most setups. One gateway supports multiple agents (see docs: /gateway#multiple-gateways-same-host).
If you need multiple gateways (e.g., a rescue bot on the same host), isolate ports + config/state (see docs: /gateway#multiple-gateways-same-host).

Troubles: run openclaw status
Troubleshooting: https://docs.openclaw.ai/troubleshooting
[2026-03-15 06:30:00] ✅ Gateway OK (RPC probe passed)
[2026-03-15 06:35:07] Watchdog check...
Cleanup hint: launchctl bootout gui/$UID/ai.openclaw.gateway
Cleanup hint: rm ~/Library/LaunchAgents/ai.openclaw.gateway.plist

Recommendation: run a single gateway per machine for most setups. One gateway supports multiple agents (see docs: /gateway#multiple-gateways-same-host).
If you need multiple gateways (e.g., a rescue bot on the same host), isolate ports + config/state (see docs: /gateway#multiple-gateways-same-host).

Troubles: run openclaw status
Troubleshooting: https://docs.openclaw.ai/troubleshooting
[2026-03-15 06:35:07] ✅ Gateway OK (RPC probe passed)
[2026-03-15 06:40:13] Watchdog check...
Cleanup hint: launchctl bootout gui/$UID/ai.openclaw.gateway
Cleanup hint: rm ~/Library/LaunchAgents/ai.openclaw.gateway.plist

Recommendation: run a single gateway per machine for most setups. One gateway supports multiple agents (see docs: /gateway#multiple-gateways-same-host).
If you need multiple gateways (e.g., a rescue bot on the same host), isolate ports + config/state (see docs: /gateway#multiple-gateways-same-host).

Troubles: run openclaw status
Troubleshooting: https://docs.openclaw.ai/troubleshooting
[2026-03-15 06:40:13] ✅ Gateway OK (RPC probe passed)
[2026-03-15 06:45:21] Watchdog check...
Cleanup hint: launchctl bootout gui/$UID/ai.openclaw.gateway
Cleanup hint: rm ~/Library/LaunchAgents/ai.openclaw.gateway.plist

Recommendation: run a single gateway per machine for most setups. One gateway supports multiple agents (see docs: /gateway#multiple-gateways-same-host).
If you need multiple gateways (e.g., a rescue bot on the same host), isolate ports + config/state (see docs: /gateway#multiple-gateways-same-host).

Troubles: run openclaw status
Troubleshooting: https://docs.openclaw.ai/troubleshooting
[2026-03-15 06:45:21] ✅ Gateway OK (RPC probe passed)
[2026-03-15 06:50:29] Watchdog check...
Cleanup hint: launchctl bootout gui/$UID/ai.openclaw.gateway
Cleanup hint: rm ~/Library/LaunchAgents/ai.openclaw.gateway.plist

Recommendation: run a single gateway per machine for most setups. One gateway supports multiple agents (see docs: /gateway#multiple-gateways-same-host).
If you need multiple gateways (e.g., a rescue bot on the same host), isolate ports + config/state (see docs: /gateway#multiple-gateways-same-host).

Troubles: run openclaw status
Troubleshooting: https://docs.openclaw.ai/troubleshooting
[2026-03-15 06:50:29] ✅ Gateway OK (RPC probe passed)
[2026-03-15 06:55:37] Watchdog check...
Cleanup hint: launchctl bootout gui/$UID/ai.openclaw.gateway
Cleanup hint: rm ~/Library/LaunchAgents/ai.openclaw.gateway.plist

Recommendation: run a single gateway per machine for most setups. One gateway supports multiple agents (see docs: /gateway#multiple-gateways-same-host).
If you need multiple gateways (e.g., a rescue bot on the same host), isolate ports + config/state (see docs: /gateway#multiple-gateways-same-host).

Troubles: run openclaw status
Troubleshooting: https://docs.openclaw.ai/troubleshooting
[2026-03-15 06:55:37] ✅ Gateway OK (RPC probe passed)
[2026-03-15 07:00:45] Watchdog check...
Cleanup hint: launchctl bootout gui/$UID/ai.openclaw.gateway
Cleanup hint: rm ~/Library/LaunchAgents/ai.openclaw.gateway.plist

Recommendation: run a single gateway per machine for most setups. One gateway supports multiple agents (see docs: /gateway#multiple-gateways-same-host).
If you need multiple gateways (e.g., a rescue bot on the same host), isolate ports + config/state (see docs: /gateway#multiple-gateways-same-host).

Troubles: run openclaw status
Troubleshooting: https://docs.openclaw.ai/troubleshooting
[2026-03-15 07:00:45] ✅ Gateway OK (RPC probe passed)
[2026-03-15 07:05:53] Watchdog check...
Cleanup hint: launchctl bootout gui/$UID/ai.openclaw.gateway
Cleanup hint: rm ~/Library/LaunchAgents/ai.openclaw.gateway.plist

Recommendation: run a single gateway per machine for most setups. One gateway supports multiple agents (see docs: /gateway#multiple-gateways-same-host).
If you need multiple gateways (e.g., a rescue bot on the same host), isolate ports + config/state (see docs: /gateway#multiple-gateways-same-host).

Troubles: run openclaw status
Troubleshooting: https://docs.openclaw.ai/troubleshooting
[2026-03-15 07:05:53] ✅ Gateway OK (RPC probe passed)
[2026-03-15 07:11:02] Watchdog check...
Cleanup hint: launchctl bootout gui/$UID/ai.openclaw.gateway
Cleanup hint: rm ~/Library/LaunchAgents/ai.openclaw.gateway.plist

Recommendation: run a single gateway per machine for most setups. One gateway supports multiple agents (see docs: /gateway#multiple-gateways-same-host).
If you need multiple gateways (e.g., a rescue bot on the same host), isolate ports + config/state (see docs: /gateway#multiple-gateways-same-host).

Troubles: run openclaw status
Troubleshooting: https://docs.openclaw.ai/troubleshooting
[2026-03-15 07:11:02] ✅ Gateway OK (RPC probe passed)
[2026-03-15 07:16:09] Watchdog check...
Cleanup hint: launchctl bootout gui/$UID/ai.openclaw.gateway
Cleanup hint: rm ~/Library/LaunchAgents/ai.openclaw.gateway.plist

Recommendation: run a single gateway per machine for most setups. One gateway supports multiple agents (see docs: /gateway#multiple-gateways-same-host).
If you need multiple gateways (e.g., a rescue bot on the same host), isolate ports + config/state (see docs: /gateway#multiple-gateways-same-host).

Troubles: run openclaw status
Troubleshooting: https://docs.openclaw.ai/troubleshooting
[2026-03-15 07:16:09] ✅ Gateway OK (RPC probe passed)
[2026-03-15 07:21:19] Watchdog check...
Cleanup hint: launchctl bootout gui/$UID/ai.openclaw.gateway
Cleanup hint: rm ~/Library/LaunchAgents/ai.openclaw.gateway.plist

Recommendation: run a single gateway per machine for most setups. One gateway supports multiple agents (see docs: /gateway#multiple-gateways-same-host).
If you need multiple gateways (e.g., a rescue bot on the same host), isolate ports + config/state (see docs: /gateway#multiple-gateways-same-host).

Troubles: run openclaw status
Troubleshooting: https://docs.openclaw.ai/troubleshooting
[2026-03-15 07:21:19] ✅ Gateway OK (RPC probe passed)
[2026-03-15 07:26:29] Watchdog check...
Cleanup hint: launchctl bootout gui/$UID/ai.openclaw.gateway
Cleanup hint: rm ~/Library/LaunchAgents/ai.openclaw.gateway.plist

Recommendation: run a single gateway per machine for most setups. One gateway supports multiple agents (see docs: /gateway#multiple-gateways-same-host).
If you need multiple gateways (e.g., a rescue bot on the same host), isolate ports + config/state (see docs: /gateway#multiple-gateways-same-host).

Troubles: run openclaw status
Troubleshooting: https://docs.openclaw.ai/troubleshooting
[2026-03-15 07:26:29] ✅ Gateway OK (RPC probe passed)
[2026-03-15 07:31:37] Watchdog check...
Cleanup hint: launchctl bootout gui/$UID/ai.openclaw.gateway
Cleanup hint: rm ~/Library/LaunchAgents/ai.openclaw.gateway.plist

Recommendation: run a single gateway per machine for most setups. One gateway supports multiple agents (see docs: /gateway#multiple-gateways-same-host).
If you need multiple gateways (e.g., a rescue bot on the same host), isolate ports + config/state (see docs: /gateway#multiple-gateways-same-host).

Troubles: run openclaw status
Troubleshooting: https://docs.openclaw.ai/troubleshooting
[2026-03-15 07:31:37] ✅ Gateway OK (RPC probe passed)
[2026-03-15 07:36:45] Watchdog check...
Cleanup hint: launchctl bootout gui/$UID/ai.openclaw.gateway
Cleanup hint: rm ~/Library/LaunchAgents/ai.openclaw.gateway.plist

Recommendation: run a single gateway per machine for most setups. One gateway supports multiple agents (see docs: /gateway#multiple-gateways-same-host).
If you need multiple gateways (e.g., a rescue bot on the same host), isolate ports + config/state (see docs: /gateway#multiple-gateways-same-host).

Troubles: run openclaw status
Troubleshooting: https://docs.openclaw.ai/troubleshooting
[2026-03-15 07:36:45] ✅ Gateway OK (RPC probe passed)
[2026-03-15 07:41:54] Watchdog check...
Cleanup hint: launchctl bootout gui/$UID/ai.openclaw.gateway
Cleanup hint: rm ~/Library/LaunchAgents/ai.openclaw.gateway.plist

Recommendation: run a single gateway per machine for most setups. One gateway supports multiple agents (see docs: /gateway#multiple-gateways-same-host).
If you need multiple gateways (e.g., a rescue bot on the same host), isolate ports + config/state (see docs: /gateway#multiple-gateways-same-host).

Troubles: run openclaw status
Troubleshooting: https://docs.openclaw.ai/troubleshooting
[2026-03-15 07:41:54] ✅ Gateway OK (RPC probe passed)
[2026-03-15 07:47:03] Watchdog check...
Cleanup hint: launchctl bootout gui/$UID/ai.openclaw.gateway
Cleanup hint: rm ~/Library/LaunchAgents/ai.openclaw.gateway.plist

Recommendation: run a single gateway per machine for most setups. One gateway supports multiple agents (see docs: /gateway#multiple-gateways-same-host).
If you need multiple gateways (e.g., a rescue bot on the same host), isolate ports + config/state (see docs: /gateway#multiple-gateways-same-host).

Troubles: run openclaw status
Troubleshooting: https://docs.openclaw.ai/troubleshooting
[2026-03-15 07:47:03] ✅ Gateway OK (RPC probe passed)
[2026-03-15 07:52:11] Watchdog check...
Cleanup hint: launchctl bootout gui/$UID/ai.openclaw.gateway
Cleanup hint: rm ~/Library/LaunchAgents/ai.openclaw.gateway.plist

Recommendation: run a single gateway per machine for most setups. One gateway supports multiple agents (see docs: /gateway#multiple-gateways-same-host).
If you need multiple gateways (e.g., a rescue bot on the same host), isolate ports + config/state (see docs: /gateway#multiple-gateways-same-host).

Troubles: run openclaw status
Troubleshooting: https://docs.openclaw.ai/troubleshooting
[2026-03-15 07:52:11] ✅ Gateway OK (RPC probe passed)
[2026-03-15 07:57:18] Watchdog check...
Cleanup hint: launchctl bootout gui/$UID/ai.openclaw.gateway
Cleanup hint: rm ~/Library/LaunchAgents/ai.openclaw.gateway.plist

Recommendation: run a single gateway per machine for most setups. One gateway supports multiple agents (see docs: /gateway#multiple-gateways-same-host).
If you need multiple gateways (e.g., a rescue bot on the same host), isolate ports + config/state (see docs: /gateway#multiple-gateways-same-host).

Troubles: run openclaw status
Troubleshooting: https://docs.openclaw.ai/troubleshooting
[2026-03-15 07:57:18] ✅ Gateway OK (RPC probe passed)
[2026-03-15 08:02:25] Watchdog check...
Cleanup hint: launchctl bootout gui/$UID/ai.openclaw.gateway
Cleanup hint: rm ~/Library/LaunchAgents/ai.openclaw.gateway.plist

Recommendation: run a single gateway per machine for most setups. One gateway supports multiple agents (see docs: /gateway#multiple-gateways-same-host).
If you need multiple gateways (e.g., a rescue bot on the same host), isolate ports + config/state (see docs: /gateway#multiple-gateways-same-host).

Troubles: run openclaw status
Troubleshooting: https://docs.openclaw.ai/troubleshooting
[2026-03-15 08:02:25] ✅ Gateway OK (RPC probe passed)
[2026-03-15 08:07:36] Watchdog check...
Cleanup hint: launchctl bootout gui/$UID/ai.openclaw.gateway
Cleanup hint: rm ~/Library/LaunchAgents/ai.openclaw.gateway.plist

Recommendation: run a single gateway per machine for most setups. One gateway supports multiple agents (see docs: /gateway#multiple-gateways-same-host).
If you need multiple gateways (e.g., a rescue bot on the same host), isolate ports + config/state (see docs: /gateway#multiple-gateways-same-host).

Troubles: run openclaw status
Troubleshooting: https://docs.openclaw.ai/troubleshooting
[2026-03-15 08:07:36] ✅ Gateway OK (RPC probe passed)
[2026-03-15 08:12:48] Watchdog check...
Cleanup hint: launchctl bootout gui/$UID/ai.openclaw.gateway
Cleanup hint: rm ~/Library/LaunchAgents/ai.openclaw.gateway.plist

Recommendation: run a single gateway per machine for most setups. One gateway supports multiple agents (see docs: /gateway#multiple-gateways-same-host).
If you need multiple gateways (e.g., a rescue bot on the same host), isolate ports + config/state (see docs: /gateway#multiple-gateways-same-host).

Troubles: run openclaw status
Troubleshooting: https://docs.openclaw.ai/troubleshooting
[2026-03-15 08:12:48] ✅ Gateway OK (RPC probe passed)
[2026-03-15 08:17:55] Watchdog check...
Cleanup hint: launchctl bootout gui/$UID/ai.openclaw.gateway
Cleanup hint: rm ~/Library/LaunchAgents/ai.openclaw.gateway.plist

Recommendation: run a single gateway per machine for most setups. One gateway supports multiple agents (see docs: /gateway#multiple-gateways-same-host).
If you need multiple gateways (e.g., a rescue bot on the same host), isolate ports + config/state (see docs: /gateway#multiple-gateways-same-host).

Troubles: run openclaw status
Troubleshooting: https://docs.openclaw.ai/troubleshooting
[2026-03-15 08:17:55] ✅ Gateway OK (RPC probe passed)
[2026-03-15 08:23:02] Watchdog check...
Cleanup hint: launchctl bootout gui/$UID/ai.openclaw.gateway
Cleanup hint: rm ~/Library/LaunchAgents/ai.openclaw.gateway.plist

Recommendation: run a single gateway per machine for most setups. One gateway supports multiple agents (see docs: /gateway#multiple-gateways-same-host).
If you need multiple gateways (e.g., a rescue bot on the same host), isolate ports + config/state (see docs: /gateway#multiple-gateways-same-host).

Troubles: run openclaw status
Troubleshooting: https://docs.openclaw.ai/troubleshooting
[2026-03-15 08:23:02] ✅ Gateway OK (RPC probe passed)
[2026-03-15 08:28:09] Watchdog check...
Cleanup hint: launchctl bootout gui/$UID/ai.openclaw.gateway
Cleanup hint: rm ~/Library/LaunchAgents/ai.openclaw.gateway.plist

Recommendation: run a single gateway per machine for most setups. One gateway supports multiple agents (see docs: /gateway#multiple-gateways-same-host).
If you need multiple gateways (e.g., a rescue bot on the same host), isolate ports + config/state (see docs: /gateway#multiple-gateways-same-host).

Troubles: run openclaw status
Troubleshooting: https://docs.openclaw.ai/troubleshooting
[2026-03-15 08:28:09] ✅ Gateway OK (RPC probe passed)
[2026-03-15 08:33:16] Watchdog check...
Cleanup hint: launchctl bootout gui/$UID/ai.openclaw.gateway
Cleanup hint: rm ~/Library/LaunchAgents/ai.openclaw.gateway.plist

Recommendation: run a single gateway per machine for most setups. One gateway supports multiple agents (see docs: /gateway#multiple-gateways-same-host).
If you need multiple gateways (e.g., a rescue bot on the same host), isolate ports + config/state (see docs: /gateway#multiple-gateways-same-host).

Troubles: run openclaw status
Troubleshooting: https://docs.openclaw.ai/troubleshooting
[2026-03-15 08:33:16] ✅ Gateway OK (RPC probe passed)
[2026-03-15 08:38:23] Watchdog check...
Cleanup hint: launchctl bootout gui/$UID/ai.openclaw.gateway
Cleanup hint: rm ~/Library/LaunchAgents/ai.openclaw.gateway.plist

Recommendation: run a single gateway per machine for most setups. One gateway supports multiple agents (see docs: /gateway#multiple-gateways-same-host).
If you need multiple gateways (e.g., a rescue bot on the same host), isolate ports + config/state (see docs: /gateway#multiple-gateways-same-host).

Troubles: run openclaw status
Troubleshooting: https://docs.openclaw.ai/troubleshooting
[2026-03-15 08:38:23] ✅ Gateway OK (RPC probe passed)
[2026-03-15 08:43:34] Watchdog check...
Cleanup hint: launchctl bootout gui/$UID/ai.openclaw.gateway
Cleanup hint: rm ~/Library/LaunchAgents/ai.openclaw.gateway.plist

Recommendation: run a single gateway per machine for most setups. One gateway supports multiple agents (see docs: /gateway#multiple-gateways-same-host).
If you need multiple gateways (e.g., a rescue bot on the same host), isolate ports + config/state (see docs: /gateway#multiple-gateways-same-host).

Troubles: run openclaw status
Troubleshooting: https://docs.openclaw.ai/troubleshooting
[2026-03-15 08:43:34] ✅ Gateway OK (RPC probe passed)
[2026-03-15 08:48:46] Watchdog check...
Cleanup hint: launchctl bootout gui/$UID/ai.openclaw.gateway
Cleanup hint: rm ~/Library/LaunchAgents/ai.openclaw.gateway.plist

Recommendation: run a single gateway per machine for most setups. One gateway supports multiple agents (see docs: /gateway#multiple-gateways-same-host).
If you need multiple gateways (e.g., a rescue bot on the same host), isolate ports + config/state (see docs: /gateway#multiple-gateways-same-host).

Troubles: run openclaw status
Troubleshooting: https://docs.openclaw.ai/troubleshooting
[2026-03-15 08:48:46] ✅ Gateway OK (RPC probe passed)
[2026-03-15 08:53:56] Watchdog check...
Cleanup hint: launchctl bootout gui/$UID/ai.openclaw.gateway
Cleanup hint: rm ~/Library/LaunchAgents/ai.openclaw.gateway.plist

Recommendation: run a single gateway per machine for most setups. One gateway supports multiple agents (see docs: /gateway#multiple-gateways-same-host).
If you need multiple gateways (e.g., a rescue bot on the same host), isolate ports + config/state (see docs: /gateway#multiple-gateways-same-host).

Troubles: run openclaw status
Troubleshooting: https://docs.openclaw.ai/troubleshooting
[2026-03-15 08:53:56] ✅ Gateway OK (RPC probe passed)
[2026-03-15 08:59:07] Watchdog check...
Cleanup hint: launchctl bootout gui/$UID/ai.openclaw.gateway
Cleanup hint: rm ~/Library/LaunchAgents/ai.openclaw.gateway.plist

Recommendation: run a single gateway per machine for most setups. One gateway supports multiple agents (see docs: /gateway#multiple-gateways-same-host).
If you need multiple gateways (e.g., a rescue bot on the same host), isolate ports + config/state (see docs: /gateway#multiple-gateways-same-host).

Troubles: run openclaw status
Troubleshooting: https://docs.openclaw.ai/troubleshooting
[2026-03-15 08:59:07] ✅ Gateway OK (RPC probe passed)
[2026-03-15 09:04:19] Watchdog check...
Cleanup hint: launchctl bootout gui/$UID/ai.openclaw.gateway
Cleanup hint: rm ~/Library/LaunchAgents/ai.openclaw.gateway.plist

Recommendation: run a single gateway per machine for most setups. One gateway supports multiple agents (see docs: /gateway#multiple-gateways-same-host).
If you need multiple gateways (e.g., a rescue bot on the same host), isolate ports + config/state (see docs: /gateway#multiple-gateways-same-host).

Troubles: run openclaw status
Troubleshooting: https://docs.openclaw.ai/troubleshooting
[2026-03-15 09:04:19] ✅ Gateway OK (RPC probe passed)
[2026-03-15 09:09:30] Watchdog check...
Cleanup hint: launchctl bootout gui/$UID/ai.openclaw.gateway
Cleanup hint: rm ~/Library/LaunchAgents/ai.openclaw.gateway.plist

Recommendation: run a single gateway per machine for most setups. One gateway supports multiple agents (see docs: /gateway#multiple-gateways-same-host).
If you need multiple gateways (e.g., a rescue bot on the same host), isolate ports + config/state (see docs: /gateway#multiple-gateways-same-host).

Troubles: run openclaw status
Troubleshooting: https://docs.openclaw.ai/troubleshooting
[2026-03-15 09:09:30] ✅ Gateway OK (RPC probe passed)
[2026-03-15 09:14:41] Watchdog check...
Cleanup hint: launchctl bootout gui/$UID/ai.openclaw.gateway
Cleanup hint: rm ~/Library/LaunchAgents/ai.openclaw.gateway.plist

Recommendation: run a single gateway per machine for most setups. One gateway supports multiple agents (see docs: /gateway#multiple-gateways-same-host).
If you need multiple gateways (e.g., a rescue bot on the same host), isolate ports + config/state (see docs: /gateway#multiple-gateways-same-host).

Troubles: run openclaw status
Troubleshooting: https://docs.openclaw.ai/troubleshooting
[2026-03-15 09:14:41] ✅ Gateway OK (RPC probe passed)
[2026-03-15 09:19:52] Watchdog check...
Cleanup hint: launchctl bootout gui/$UID/ai.openclaw.gateway
Cleanup hint: rm ~/Library/LaunchAgents/ai.openclaw.gateway.plist

Recommendation: run a single gateway per machine for most setups. One gateway supports multiple agents (see docs: /gateway#multiple-gateways-same-host).
If you need multiple gateways (e.g., a rescue bot on the same host), isolate ports + config/state (see docs: /gateway#multiple-gateways-same-host).

Troubles: run openclaw status
Troubleshooting: https://docs.openclaw.ai/troubleshooting
[2026-03-15 09:19:52] ✅ Gateway OK (RPC probe passed)
[2026-03-15 09:25:03] Watchdog check...
Cleanup hint: launchctl bootout gui/$UID/ai.openclaw.gateway
Cleanup hint: rm ~/Library/LaunchAgents/ai.openclaw.gateway.plist

Recommendation: run a single gateway per machine for most setups. One gateway supports multiple agents (see docs: /gateway#multiple-gateways-same-host).
If you need multiple gateways (e.g., a rescue bot on the same host), isolate ports + config/state (see docs: /gateway#multiple-gateways-same-host).

Troubles: run openclaw status
Troubleshooting: https://docs.openclaw.ai/troubleshooting
[2026-03-15 09:25:03] ✅ Gateway OK (RPC probe passed)
[2026-03-15 09:30:12] Watchdog check...
Cleanup hint: launchctl bootout gui/$UID/ai.openclaw.gateway
Cleanup hint: rm ~/Library/LaunchAgents/ai.openclaw.gateway.plist

Recommendation: run a single gateway per machine for most setups. One gateway supports multiple agents (see docs: /gateway#multiple-gateways-same-host).
If you need multiple gateways (e.g., a rescue bot on the same host), isolate ports + config/state (see docs: /gateway#multiple-gateways-same-host).

Troubles: run openclaw status
Troubleshooting: https://docs.openclaw.ai/troubleshooting
[2026-03-15 09:30:12] ✅ Gateway OK (RPC probe passed)
[2026-03-15 09:35:20] Watchdog check...
Cleanup hint: launchctl bootout gui/$UID/ai.openclaw.gateway
Cleanup hint: rm ~/Library/LaunchAgents/ai.openclaw.gateway.plist

Recommendation: run a single gateway per machine for most setups. One gateway supports multiple agents (see docs: /gateway#multiple-gateways-same-host).
If you need multiple gateways (e.g., a rescue bot on the same host), isolate ports + config/state (see docs: /gateway#multiple-gateways-same-host).

Troubles: run openclaw status
Troubleshooting: https://docs.openclaw.ai/troubleshooting
[2026-03-15 09:35:20] ❌ Gateway unhealthy, restarting LaunchAgent...
Could not find service "ai.openclaw.gateway" in domain for user gui: 501
[2026-03-15 09:35:20] ❌ kickstart failed (rc=113)
[2026-03-15 09:40:29] Watchdog check...
Cleanup hint: launchctl bootout gui/$UID/ai.openclaw.gateway
Cleanup hint: rm ~/Library/LaunchAgents/ai.openclaw.gateway.plist

Recommendation: run a single gateway per machine for most setups. One gateway supports multiple agents (see docs: /gateway#multiple-gateways-same-host).
If you need multiple gateways (e.g., a rescue bot on the same host), isolate ports + config/state (see docs: /gateway#multiple-gateways-same-host).

Troubles: run openclaw status
Troubleshooting: https://docs.openclaw.ai/troubleshooting
[2026-03-15 09:40:29] ❌ Gateway unhealthy, restarting LaunchAgent...
Could not find service "ai.openclaw.gateway" in domain for user gui: 501
[2026-03-15 09:40:29] ❌ kickstart failed (rc=113)
[2026-03-15 09:45:47] Watchdog check...
Cleanup hint: launchctl bootout gui/$UID/ai.openclaw.gateway
Cleanup hint: rm ~/Library/LaunchAgents/ai.openclaw.gateway.plist

Recommendation: run a single gateway per machine for most setups. One gateway supports multiple agents (see docs: /gateway#multiple-gateways-same-host).
If you need multiple gateways (e.g., a rescue bot on the same host), isolate ports + config/state (see docs: /gateway#multiple-gateways-same-host).

Troubles: run openclaw status
Troubleshooting: https://docs.openclaw.ai/troubleshooting
[2026-03-15 09:45:47] ✅ Gateway OK (RPC probe passed)
[2026-03-15 09:50:56] Watchdog check...
Cleanup hint: launchctl bootout gui/$UID/ai.openclaw.gateway
Cleanup hint: rm ~/Library/LaunchAgents/ai.openclaw.gateway.plist

Recommendation: run a single gateway per machine for most setups. One gateway supports multiple agents (see docs: /gateway#multiple-gateways-same-host).
If you need multiple gateways (e.g., a rescue bot on the same host), isolate ports + config/state (see docs: /gateway#multiple-gateways-same-host).

Troubles: run openclaw status
Troubleshooting: https://docs.openclaw.ai/troubleshooting
[2026-03-15 09:50:56] ✅ Gateway OK (RPC probe passed)
[2026-03-15 09:56:07] Watchdog check...
Cleanup hint: launchctl bootout gui/$UID/ai.openclaw.gateway
Cleanup hint: rm ~/Library/LaunchAgents/ai.openclaw.gateway.plist

Recommendation: run a single gateway per machine for most setups. One gateway supports multiple agents (see docs: /gateway#multiple-gateways-same-host).
If you need multiple gateways (e.g., a rescue bot on the same host), isolate ports + config/state (see docs: /gateway#multiple-gateways-same-host).

Troubles: run openclaw status
Troubleshooting: https://docs.openclaw.ai/troubleshooting
[2026-03-15 09:56:07] ✅ Gateway OK (RPC probe passed)
[2026-03-15 10:01:16] Watchdog check...
Cleanup hint: launchctl bootout gui/$UID/ai.openclaw.gateway
Cleanup hint: rm ~/Library/LaunchAgents/ai.openclaw.gateway.plist

Recommendation: run a single gateway per machine for most setups. One gateway supports multiple agents (see docs: /gateway#multiple-gateways-same-host).
If you need multiple gateways (e.g., a rescue bot on the same host), isolate ports + config/state (see docs: /gateway#multiple-gateways-same-host).

Troubles: run openclaw status
Troubleshooting: https://docs.openclaw.ai/troubleshooting
[2026-03-15 10:01:16] ✅ Gateway OK (RPC probe passed)
[2026-03-15 10:06:25] Watchdog check...
Cleanup hint: launchctl bootout gui/$UID/ai.openclaw.gateway
Cleanup hint: rm ~/Library/LaunchAgents/ai.openclaw.gateway.plist

Recommendation: run a single gateway per machine for most setups. One gateway supports multiple agents (see docs: /gateway#multiple-gateways-same-host).
If you need multiple gateways (e.g., a rescue bot on the same host), isolate ports + config/state (see docs: /gateway#multiple-gateways-same-host).

Troubles: run openclaw status
Troubleshooting: https://docs.openclaw.ai/troubleshooting
[2026-03-15 10:06:25] ✅ Gateway OK (RPC probe passed)
[2026-03-15 10:11:34] Watchdog check...
Cleanup hint: launchctl bootout gui/$UID/ai.openclaw.gateway
Cleanup hint: rm ~/Library/LaunchAgents/ai.openclaw.gateway.plist

Recommendation: run a single gateway per machine for most setups. One gateway supports multiple agents (see docs: /gateway#multiple-gateways-same-host).
If you need multiple gateways (e.g., a rescue bot on the same host), isolate ports + config/state (see docs: /gateway#multiple-gateways-same-host).

Troubles: run openclaw status
Troubleshooting: https://docs.openclaw.ai/troubleshooting
[2026-03-15 10:11:34] ✅ Gateway OK (RPC probe passed)
[2026-03-15 10:16:43] Watchdog check...
Cleanup hint: launchctl bootout gui/$UID/ai.openclaw.gateway
Cleanup hint: rm ~/Library/LaunchAgents/ai.openclaw.gateway.plist

Recommendation: run a single gateway per machine for most setups. One gateway supports multiple agents (see docs: /gateway#multiple-gateways-same-host).
If you need multiple gateways (e.g., a rescue bot on the same host), isolate ports + config/state (see docs: /gateway#multiple-gateways-same-host).

Troubles: run openclaw status
Troubleshooting: https://docs.openclaw.ai/troubleshooting
[2026-03-15 10:16:43] ✅ Gateway OK (RPC probe passed)
[2026-03-15 10:21:54] Watchdog check...
Cleanup hint: launchctl bootout gui/$UID/ai.openclaw.gateway
Cleanup hint: rm ~/Library/LaunchAgents/ai.openclaw.gateway.plist

Recommendation: run a single gateway per machine for most setups. One gateway supports multiple agents (see docs: /gateway#multiple-gateways-same-host).
If you need multiple gateways (e.g., a rescue bot on the same host), isolate ports + config/state (see docs: /gateway#multiple-gateways-same-host).

Troubles: run openclaw status
Troubleshooting: https://docs.openclaw.ai/troubleshooting
[2026-03-15 10:21:54] ✅ Gateway OK (RPC probe passed)
[2026-03-15 10:27:03] Watchdog check...
Cleanup hint: launchctl bootout gui/$UID/ai.openclaw.gateway
Cleanup hint: rm ~/Library/LaunchAgents/ai.openclaw.gateway.plist

Recommendation: run a single gateway per machine for most setups. One gateway supports multiple agents (see docs: /gateway#multiple-gateways-same-host).
If you need multiple gateways (e.g., a rescue bot on the same host), isolate ports + config/state (see docs: /gateway#multiple-gateways-same-host).

Troubles: run openclaw status
Troubleshooting: https://docs.openclaw.ai/troubleshooting
[2026-03-15 10:27:03] ✅ Gateway OK (RPC probe passed)
[2026-03-15 10:32:12] Watchdog check...
Cleanup hint: launchctl bootout gui/$UID/ai.openclaw.gateway
Cleanup hint: rm ~/Library/LaunchAgents/ai.openclaw.gateway.plist

Recommendation: run a single gateway per machine for most setups. One gateway supports multiple agents (see docs: /gateway#multiple-gateways-same-host).
If you need multiple gateways (e.g., a rescue bot on the same host), isolate ports + config/state (see docs: /gateway#multiple-gateways-same-host).

Troubles: run openclaw status
Troubleshooting: https://docs.openclaw.ai/troubleshooting
[2026-03-15 10:32:12] ✅ Gateway OK (RPC probe passed)
[2026-03-15 10:37:22] Watchdog check...
Cleanup hint: launchctl bootout gui/$UID/ai.openclaw.gateway
Cleanup hint: rm ~/Library/LaunchAgents/ai.openclaw.gateway.plist

Recommendation: run a single gateway per machine for most setups. One gateway supports multiple agents (see docs: /gateway#multiple-gateways-same-host).
If you need multiple gateways (e.g., a rescue bot on the same host), isolate ports + config/state (see docs: /gateway#multiple-gateways-same-host).

Troubles: run openclaw status
Troubleshooting: https://docs.openclaw.ai/troubleshooting
[2026-03-15 10:37:22] ✅ Gateway OK (RPC probe passed)
[2026-03-15 10:42:31] Watchdog check...
Cleanup hint: launchctl bootout gui/$UID/ai.openclaw.gateway
Cleanup hint: rm ~/Library/LaunchAgents/ai.openclaw.gateway.plist

Recommendation: run a single gateway per machine for most setups. One gateway supports multiple agents (see docs: /gateway#multiple-gateways-same-host).
If you need multiple gateways (e.g., a rescue bot on the same host), isolate ports + config/state (see docs: /gateway#multiple-gateways-same-host).

Troubles: run openclaw status
Troubleshooting: https://docs.openclaw.ai/troubleshooting
[2026-03-15 10:42:31] ✅ Gateway OK (RPC probe passed)
[2026-03-15 10:47:42] Watchdog check...
Cleanup hint: launchctl bootout gui/$UID/ai.openclaw.gateway
Cleanup hint: rm ~/Library/LaunchAgents/ai.openclaw.gateway.plist

Recommendation: run a single gateway per machine for most setups. One gateway supports multiple agents (see docs: /gateway#multiple-gateways-same-host).
If you need multiple gateways (e.g., a rescue bot on the same host), isolate ports + config/state (see docs: /gateway#multiple-gateways-same-host).

Troubles: run openclaw status
Troubleshooting: https://docs.openclaw.ai/troubleshooting
[2026-03-15 10:47:42] ✅ Gateway OK (RPC probe passed)
[2026-03-15 10:52:55] Watchdog check...
Cleanup hint: launchctl bootout gui/$UID/ai.openclaw.gateway
Cleanup hint: rm ~/Library/LaunchAgents/ai.openclaw.gateway.plist

Recommendation: run a single gateway per machine for most setups. One gateway supports multiple agents (see docs: /gateway#multiple-gateways-same-host).
If you need multiple gateways (e.g., a rescue bot on the same host), isolate ports + config/state (see docs: /gateway#multiple-gateways-same-host).

Troubles: run openclaw status
Troubleshooting: https://docs.openclaw.ai/troubleshooting
[2026-03-15 10:52:55] ✅ Gateway OK (RPC probe passed)
[2026-03-15 10:58:08] Watchdog check...
Cleanup hint: launchctl bootout gui/$UID/ai.openclaw.gateway
Cleanup hint: rm ~/Library/LaunchAgents/ai.openclaw.gateway.plist

Recommendation: run a single gateway per machine for most setups. One gateway supports multiple agents (see docs: /gateway#multiple-gateways-same-host).
If you need multiple gateways (e.g., a rescue bot on the same host), isolate ports + config/state (see docs: /gateway#multiple-gateways-same-host).

Troubles: run openclaw status
Troubleshooting: https://docs.openclaw.ai/troubleshooting
[2026-03-15 10:58:08] ❌ Gateway unhealthy, restarting LaunchAgent...
[2026-03-15 10:58:08] ✅ Gateway restarted by kickstart
[2026-03-15 11:03:22] Watchdog check...
Cleanup hint: launchctl bootout gui/$UID/ai.openclaw.gateway
Cleanup hint: rm ~/Library/LaunchAgents/ai.openclaw.gateway.plist

Recommendation: run a single gateway per machine for most setups. One gateway supports multiple agents (see docs: /gateway#multiple-gateways-same-host).
If you need multiple gateways (e.g., a rescue bot on the same host), isolate ports + config/state (see docs: /gateway#multiple-gateways-same-host).

Troubles: run openclaw status
Troubleshooting: https://docs.openclaw.ai/troubleshooting
[2026-03-15 11:03:22] ✅ Gateway OK (RPC probe passed)
[2026-03-15 11:08:30] Watchdog check...
Cleanup hint: launchctl bootout gui/$UID/ai.openclaw.gateway
Cleanup hint: rm ~/Library/LaunchAgents/ai.openclaw.gateway.plist

Recommendation: run a single gateway per machine for most setups. One gateway supports multiple agents (see docs: /gateway#multiple-gateways-same-host).
If you need multiple gateways (e.g., a rescue bot on the same host), isolate ports + config/state (see docs: /gateway#multiple-gateways-same-host).

Troubles: run openclaw status
Troubleshooting: https://docs.openclaw.ai/troubleshooting
[2026-03-15 11:08:30] ❌ Gateway unhealthy, restarting LaunchAgent...
[2026-03-15 11:08:30] ✅ Gateway restarted by kickstart
[2026-03-15 11:13:49] Watchdog check...
Cleanup hint: launchctl bootout gui/$UID/ai.openclaw.gateway
Cleanup hint: rm ~/Library/LaunchAgents/ai.openclaw.gateway.plist

Recommendation: run a single gateway per machine for most setups. One gateway supports multiple agents (see docs: /gateway#multiple-gateways-same-host).
If you need multiple gateways (e.g., a rescue bot on the same host), isolate ports + config/state (see docs: /gateway#multiple-gateways-same-host).

Troubles: run openclaw status
Troubleshooting: https://docs.openclaw.ai/troubleshooting
[2026-03-15 11:13:49] ✅ Gateway OK (RPC probe passed)
[2026-03-15 11:18:58] Watchdog check...
Cleanup hint: launchctl bootout gui/$UID/ai.openclaw.gateway
Cleanup hint: rm ~/Library/LaunchAgents/ai.openclaw.gateway.plist

Recommendation: run a single gateway per machine for most setups. One gateway supports multiple agents (see docs: /gateway#multiple-gateways-same-host).
If you need multiple gateways (e.g., a rescue bot on the same host), isolate ports + config/state (see docs: /gateway#multiple-gateways-same-host).

Troubles: run openclaw status
Troubleshooting: https://docs.openclaw.ai/troubleshooting
[2026-03-15 11:18:58] ✅ Gateway OK (RPC probe passed)
[2026-03-15 11:24:09] Watchdog check...
Cleanup hint: launchctl bootout gui/$UID/ai.openclaw.gateway
Cleanup hint: rm ~/Library/LaunchAgents/ai.openclaw.gateway.plist

Recommendation: run a single gateway per machine for most setups. One gateway supports multiple agents (see docs: /gateway#multiple-gateways-same-host).
If you need multiple gateways (e.g., a rescue bot on the same host), isolate ports + config/state (see docs: /gateway#multiple-gateways-same-host).

Troubles: run openclaw status
Troubleshooting: https://docs.openclaw.ai/troubleshooting
[2026-03-15 11:24:09] ✅ Gateway OK (RPC probe passed)
[2026-03-15 11:29:17] Watchdog check...
Cleanup hint: launchctl bootout gui/$UID/ai.openclaw.gateway
Cleanup hint: rm ~/Library/LaunchAgents/ai.openclaw.gateway.plist

Recommendation: run a single gateway per machine for most setups. One gateway supports multiple agents (see docs: /gateway#multiple-gateways-same-host).
If you need multiple gateways (e.g., a rescue bot on the same host), isolate ports + config/state (see docs: /gateway#multiple-gateways-same-host).

Troubles: run openclaw status
Troubleshooting: https://docs.openclaw.ai/troubleshooting
[2026-03-15 11:29:17] ✅ Gateway OK (RPC probe passed)
[2026-03-15 11:34:25] Watchdog check...
Cleanup hint: launchctl bootout gui/$UID/ai.openclaw.gateway
Cleanup hint: rm ~/Library/LaunchAgents/ai.openclaw.gateway.plist

Recommendation: run a single gateway per machine for most setups. One gateway supports multiple agents (see docs: /gateway#multiple-gateways-same-host).
If you need multiple gateways (e.g., a rescue bot on the same host), isolate ports + config/state (see docs: /gateway#multiple-gateways-same-host).

Troubles: run openclaw status
Troubleshooting: https://docs.openclaw.ai/troubleshooting
[2026-03-15 11:34:25] ✅ Gateway OK (RPC probe passed)
[2026-03-15 11:39:34] Watchdog check...
Cleanup hint: launchctl bootout gui/$UID/ai.openclaw.gateway
Cleanup hint: rm ~/Library/LaunchAgents/ai.openclaw.gateway.plist

Recommendation: run a single gateway per machine for most setups. One gateway supports multiple agents (see docs: /gateway#multiple-gateways-same-host).
If you need multiple gateways (e.g., a rescue bot on the same host), isolate ports + config/state (see docs: /gateway#multiple-gateways-same-host).

Troubles: run openclaw status
Troubleshooting: https://docs.openclaw.ai/troubleshooting
[2026-03-15 11:39:34] ✅ Gateway OK (RPC probe passed)
[2026-03-15 11:44:43] Watchdog check...
Cleanup hint: launchctl bootout gui/$UID/ai.openclaw.gateway
Cleanup hint: rm ~/Library/LaunchAgents/ai.openclaw.gateway.plist

Recommendation: run a single gateway per machine for most setups. One gateway supports multiple agents (see docs: /gateway#multiple-gateways-same-host).
If you need multiple gateways (e.g., a rescue bot on the same host), isolate ports + config/state (see docs: /gateway#multiple-gateways-same-host).

Troubles: run openclaw status
Troubleshooting: https://docs.openclaw.ai/troubleshooting
[2026-03-15 11:44:43] ✅ Gateway OK (RPC probe passed)
[2026-03-15 11:49:51] Watchdog check...
Cleanup hint: launchctl bootout gui/$UID/ai.openclaw.gateway
Cleanup hint: rm ~/Library/LaunchAgents/ai.openclaw.gateway.plist

Recommendation: run a single gateway per machine for most setups. One gateway supports multiple agents (see docs: /gateway#multiple-gateways-same-host).
If you need multiple gateways (e.g., a rescue bot on the same host), isolate ports + config/state (see docs: /gateway#multiple-gateways-same-host).

Troubles: run openclaw status
Troubleshooting: https://docs.openclaw.ai/troubleshooting
[2026-03-15 11:49:51] ✅ Gateway OK (RPC probe passed)
[2026-03-15 11:54:59] Watchdog check...
Cleanup hint: launchctl bootout gui/$UID/ai.openclaw.gateway
Cleanup hint: rm ~/Library/LaunchAgents/ai.openclaw.gateway.plist

Recommendation: run a single gateway per machine for most setups. One gateway supports multiple agents (see docs: /gateway#multiple-gateways-same-host).
If you need multiple gateways (e.g., a rescue bot on the same host), isolate ports + config/state (see docs: /gateway#multiple-gateways-same-host).

Troubles: run openclaw status
Troubleshooting: https://docs.openclaw.ai/troubleshooting
[2026-03-15 11:54:59] ✅ Gateway OK (RPC probe passed)
[2026-03-15 12:00:07] Watchdog check...
Cleanup hint: launchctl bootout gui/$UID/ai.openclaw.gateway
Cleanup hint: rm ~/Library/LaunchAgents/ai.openclaw.gateway.plist

Recommendation: run a single gateway per machine for most setups. One gateway supports multiple agents (see docs: /gateway#multiple-gateways-same-host).
If you need multiple gateways (e.g., a rescue bot on the same host), isolate ports + config/state (see docs: /gateway#multiple-gateways-same-host).

Troubles: run openclaw status
Troubleshooting: https://docs.openclaw.ai/troubleshooting
[2026-03-15 12:00:07] ✅ Gateway OK (RPC probe passed)
[2026-03-15 12:05:15] Watchdog check...
Cleanup hint: launchctl bootout gui/$UID/ai.openclaw.gateway
Cleanup hint: rm ~/Library/LaunchAgents/ai.openclaw.gateway.plist

Recommendation: run a single gateway per machine for most setups. One gateway supports multiple agents (see docs: /gateway#multiple-gateways-same-host).
If you need multiple gateways (e.g., a rescue bot on the same host), isolate ports + config/state (see docs: /gateway#multiple-gateways-same-host).

Troubles: run openclaw status
Troubleshooting: https://docs.openclaw.ai/troubleshooting
[2026-03-15 12:05:15] ✅ Gateway OK (RPC probe passed)
[2026-03-15 12:10:23] Watchdog check...
Cleanup hint: launchctl bootout gui/$UID/ai.openclaw.gateway
Cleanup hint: rm ~/Library/LaunchAgents/ai.openclaw.gateway.plist

Recommendation: run a single gateway per machine for most setups. One gateway supports multiple agents (see docs: /gateway#multiple-gateways-same-host).
If you need multiple gateways (e.g., a rescue bot on the same host), isolate ports + config/state (see docs: /gateway#multiple-gateways-same-host).

Troubles: run openclaw status
Troubleshooting: https://docs.openclaw.ai/troubleshooting
[2026-03-15 12:10:23] ✅ Gateway OK (RPC probe passed)
[2026-03-15 12:15:31] Watchdog check...
Cleanup hint: launchctl bootout gui/$UID/ai.openclaw.gateway
Cleanup hint: rm ~/Library/LaunchAgents/ai.openclaw.gateway.plist

Recommendation: run a single gateway per machine for most setups. One gateway supports multiple agents (see docs: /gateway#multiple-gateways-same-host).
If you need multiple gateways (e.g., a rescue bot on the same host), isolate ports + config/state (see docs: /gateway#multiple-gateways-same-host).

Troubles: run openclaw status
Troubleshooting: https://docs.openclaw.ai/troubleshooting
[2026-03-15 12:15:31] ✅ Gateway OK (RPC probe passed)
[2026-03-15 12:20:41] Watchdog check...
Cleanup hint: launchctl bootout gui/$UID/ai.openclaw.gateway
Cleanup hint: rm ~/Library/LaunchAgents/ai.openclaw.gateway.plist

Recommendation: run a single gateway per machine for most setups. One gateway supports multiple agents (see docs: /gateway#multiple-gateways-same-host).
If you need multiple gateways (e.g., a rescue bot on the same host), isolate ports + config/state (see docs: /gateway#multiple-gateways-same-host).

Troubles: run openclaw status
Troubleshooting: https://docs.openclaw.ai/troubleshooting
[2026-03-15 12:20:41] ✅ Gateway OK (RPC probe passed)
[2026-03-15 12:25:49] Watchdog check...
Cleanup hint: launchctl bootout gui/$UID/ai.openclaw.gateway
Cleanup hint: rm ~/Library/LaunchAgents/ai.openclaw.gateway.plist

Recommendation: run a single gateway per machine for most setups. One gateway supports multiple agents (see docs: /gateway#multiple-gateways-same-host).
If you need multiple gateways (e.g., a rescue bot on the same host), isolate ports + config/state (see docs: /gateway#multiple-gateways-same-host).

Troubles: run openclaw status
Troubleshooting: https://docs.openclaw.ai/troubleshooting
[2026-03-15 12:25:49] ✅ Gateway OK (RPC probe passed)
[2026-03-15 12:30:57] Watchdog check...
Cleanup hint: launchctl bootout gui/$UID/ai.openclaw.gateway
Cleanup hint: rm ~/Library/LaunchAgents/ai.openclaw.gateway.plist

Recommendation: run a single gateway per machine for most setups. One gateway supports multiple agents (see docs: /gateway#multiple-gateways-same-host).
If you need multiple gateways (e.g., a rescue bot on the same host), isolate ports + config/state (see docs: /gateway#multiple-gateways-same-host).

Troubles: run openclaw status
Troubleshooting: https://docs.openclaw.ai/troubleshooting
[2026-03-15 12:30:57] ✅ Gateway OK (RPC probe passed)
[2026-03-15 12:36:06] Watchdog check...
Cleanup hint: launchctl bootout gui/$UID/ai.openclaw.gateway
Cleanup hint: rm ~/Library/LaunchAgents/ai.openclaw.gateway.plist

Recommendation: run a single gateway per machine for most setups. One gateway supports multiple agents (see docs: /gateway#multiple-gateways-same-host).
If you need multiple gateways (e.g., a rescue bot on the same host), isolate ports + config/state (see docs: /gateway#multiple-gateways-same-host).

Troubles: run openclaw status
Troubleshooting: https://docs.openclaw.ai/troubleshooting
[2026-03-15 12:36:06] ✅ Gateway OK (RPC probe passed)
[2026-03-15 12:41:13] Watchdog check...
Cleanup hint: launchctl bootout gui/$UID/ai.openclaw.gateway
Cleanup hint: rm ~/Library/LaunchAgents/ai.openclaw.gateway.plist

Recommendation: run a single gateway per machine for most setups. One gateway supports multiple agents (see docs: /gateway#multiple-gateways-same-host).
If you need multiple gateways (e.g., a rescue bot on the same host), isolate ports + config/state (see docs: /gateway#multiple-gateways-same-host).

Troubles: run openclaw status
Troubleshooting: https://docs.openclaw.ai/troubleshooting
[2026-03-15 12:41:13] ✅ Gateway OK (RPC probe passed)
[2026-03-15 12:46:22] Watchdog check...
Cleanup hint: launchctl bootout gui/$UID/ai.openclaw.gateway
Cleanup hint: rm ~/Library/LaunchAgents/ai.openclaw.gateway.plist

Recommendation: run a single gateway per machine for most setups. One gateway supports multiple agents (see docs: /gateway#multiple-gateways-same-host).
If you need multiple gateways (e.g., a rescue bot on the same host), isolate ports + config/state (see docs: /gateway#multiple-gateways-same-host).

Troubles: run openclaw status
Troubleshooting: https://docs.openclaw.ai/troubleshooting
[2026-03-15 12:46:22] ✅ Gateway OK (RPC probe passed)
[2026-03-15 12:51:32] Watchdog check...
Cleanup hint: launchctl bootout gui/$UID/ai.openclaw.gateway
Cleanup hint: rm ~/Library/LaunchAgents/ai.openclaw.gateway.plist

Recommendation: run a single gateway per machine for most setups. One gateway supports multiple agents (see docs: /gateway#multiple-gateways-same-host).
If you need multiple gateways (e.g., a rescue bot on the same host), isolate ports + config/state (see docs: /gateway#multiple-gateways-same-host).

Troubles: run openclaw status
Troubleshooting: https://docs.openclaw.ai/troubleshooting
[2026-03-15 12:51:32] ✅ Gateway OK (RPC probe passed)
[2026-03-15 12:56:41] Watchdog check...
Cleanup hint: launchctl bootout gui/$UID/ai.openclaw.gateway
Cleanup hint: rm ~/Library/LaunchAgents/ai.openclaw.gateway.plist

Recommendation: run a single gateway per machine for most setups. One gateway supports multiple agents (see docs: /gateway#multiple-gateways-same-host).
If you need multiple gateways (e.g., a rescue bot on the same host), isolate ports + config/state (see docs: /gateway#multiple-gateways-same-host).

Troubles: run openclaw status
Troubleshooting: https://docs.openclaw.ai/troubleshooting
[2026-03-15 12:56:41] ✅ Gateway OK (RPC probe passed)
[2026-03-15 13:01:49] Watchdog check...
Cleanup hint: launchctl bootout gui/$UID/ai.openclaw.gateway
Cleanup hint: rm ~/Library/LaunchAgents/ai.openclaw.gateway.plist

Recommendation: run a single gateway per machine for most setups. One gateway supports multiple agents (see docs: /gateway#multiple-gateways-same-host).
If you need multiple gateways (e.g., a rescue bot on the same host), isolate ports + config/state (see docs: /gateway#multiple-gateways-same-host).

Troubles: run openclaw status
Troubleshooting: https://docs.openclaw.ai/troubleshooting
[2026-03-15 13:01:49] ✅ Gateway OK (RPC probe passed)
[2026-03-15 13:06:57] Watchdog check...
Cleanup hint: launchctl bootout gui/$UID/ai.openclaw.gateway
Cleanup hint: rm ~/Library/LaunchAgents/ai.openclaw.gateway.plist

Recommendation: run a single gateway per machine for most setups. One gateway supports multiple agents (see docs: /gateway#multiple-gateways-same-host).
If you need multiple gateways (e.g., a rescue bot on the same host), isolate ports + config/state (see docs: /gateway#multiple-gateways-same-host).

Troubles: run openclaw status
Troubleshooting: https://docs.openclaw.ai/troubleshooting
[2026-03-15 13:06:57] ✅ Gateway OK (RPC probe passed)
[2026-03-15 13:12:05] Watchdog check...
Cleanup hint: launchctl bootout gui/$UID/ai.openclaw.gateway
Cleanup hint: rm ~/Library/LaunchAgents/ai.openclaw.gateway.plist

Recommendation: run a single gateway per machine for most setups. One gateway supports multiple agents (see docs: /gateway#multiple-gateways-same-host).
If you need multiple gateways (e.g., a rescue bot on the same host), isolate ports + config/state (see docs: /gateway#multiple-gateways-same-host).

Troubles: run openclaw status
Troubleshooting: https://docs.openclaw.ai/troubleshooting
[2026-03-15 13:12:05] ✅ Gateway OK (RPC probe passed)
[2026-03-15 13:17:16] Watchdog check...
Cleanup hint: launchctl bootout gui/$UID/ai.openclaw.gateway
Cleanup hint: rm ~/Library/LaunchAgents/ai.openclaw.gateway.plist

Recommendation: run a single gateway per machine for most setups. One gateway supports multiple agents (see docs: /gateway#multiple-gateways-same-host).
If you need multiple gateways (e.g., a rescue bot on the same host), isolate ports + config/state (see docs: /gateway#multiple-gateways-same-host).

Troubles: run openclaw status
Troubleshooting: https://docs.openclaw.ai/troubleshooting
[2026-03-15 13:17:16] ✅ Gateway OK (RPC probe passed)
[2026-03-15 13:22:28] Watchdog check...
Cleanup hint: launchctl bootout gui/$UID/ai.openclaw.gateway
Cleanup hint: rm ~/Library/LaunchAgents/ai.openclaw.gateway.plist

Recommendation: run a single gateway per machine for most setups. One gateway supports multiple agents (see docs: /gateway#multiple-gateways-same-host).
If you need multiple gateways (e.g., a rescue bot on the same host), isolate ports + config/state (see docs: /gateway#multiple-gateways-same-host).

Troubles: run openclaw status
Troubleshooting: https://docs.openclaw.ai/troubleshooting
[2026-03-15 13:22:28] ✅ Gateway OK (RPC probe passed)
[2026-03-15 13:27:36] Watchdog check...
Cleanup hint: launchctl bootout gui/$UID/ai.openclaw.gateway
Cleanup hint: rm ~/Library/LaunchAgents/ai.openclaw.gateway.plist

Recommendation: run a single gateway per machine for most setups. One gateway supports multiple agents (see docs: /gateway#multiple-gateways-same-host).
If you need multiple gateways (e.g., a rescue bot on the same host), isolate ports + config/state (see docs: /gateway#multiple-gateways-same-host).

Troubles: run openclaw status
Troubleshooting: https://docs.openclaw.ai/troubleshooting
[2026-03-15 13:27:36] ✅ Gateway OK (RPC probe passed)
[2026-03-15 13:32:44] Watchdog check...
Cleanup hint: launchctl bootout gui/$UID/ai.openclaw.gateway
Cleanup hint: rm ~/Library/LaunchAgents/ai.openclaw.gateway.plist

Recommendation: run a single gateway per machine for most setups. One gateway supports multiple agents (see docs: /gateway#multiple-gateways-same-host).
If you need multiple gateways (e.g., a rescue bot on the same host), isolate ports + config/state (see docs: /gateway#multiple-gateways-same-host).

Troubles: run openclaw status
Troubleshooting: https://docs.openclaw.ai/troubleshooting
[2026-03-15 13:32:44] ✅ Gateway OK (RPC probe passed)
[2026-03-15 13:37:52] Watchdog check...
Cleanup hint: launchctl bootout gui/$UID/ai.openclaw.gateway
Cleanup hint: rm ~/Library/LaunchAgents/ai.openclaw.gateway.plist

Recommendation: run a single gateway per machine for most setups. One gateway supports multiple agents (see docs: /gateway#multiple-gateways-same-host).
If you need multiple gateways (e.g., a rescue bot on the same host), isolate ports + config/state (see docs: /gateway#multiple-gateways-same-host).

Troubles: run openclaw status
Troubleshooting: https://docs.openclaw.ai/troubleshooting
[2026-03-15 13:37:52] ✅ Gateway OK (RPC probe passed)
[2026-03-15 13:43:01] Watchdog check...
Cleanup hint: launchctl bootout gui/$UID/ai.openclaw.gateway
Cleanup hint: rm ~/Library/LaunchAgents/ai.openclaw.gateway.plist

Recommendation: run a single gateway per machine for most setups. One gateway supports multiple agents (see docs: /gateway#multiple-gateways-same-host).
If you need multiple gateways (e.g., a rescue bot on the same host), isolate ports + config/state (see docs: /gateway#multiple-gateways-same-host).

Troubles: run openclaw status
Troubleshooting: https://docs.openclaw.ai/troubleshooting
[2026-03-15 13:43:01] ✅ Gateway OK (RPC probe passed)
[2026-03-15 13:48:09] Watchdog check...
Cleanup hint: launchctl bootout gui/$UID/ai.openclaw.gateway
Cleanup hint: rm ~/Library/LaunchAgents/ai.openclaw.gateway.plist

Recommendation: run a single gateway per machine for most setups. One gateway supports multiple agents (see docs: /gateway#multiple-gateways-same-host).
If you need multiple gateways (e.g., a rescue bot on the same host), isolate ports + config/state (see docs: /gateway#multiple-gateways-same-host).

Troubles: run openclaw status
Troubleshooting: https://docs.openclaw.ai/troubleshooting
[2026-03-15 13:48:09] ✅ Gateway OK (RPC probe passed)
[2026-03-15 13:53:19] Watchdog check...
Cleanup hint: launchctl bootout gui/$UID/ai.openclaw.gateway
Cleanup hint: rm ~/Library/LaunchAgents/ai.openclaw.gateway.plist

Recommendation: run a single gateway per machine for most setups. One gateway supports multiple agents (see docs: /gateway#multiple-gateways-same-host).
If you need multiple gateways (e.g., a rescue bot on the same host), isolate ports + config/state (see docs: /gateway#multiple-gateways-same-host).

Troubles: run openclaw status
Troubleshooting: https://docs.openclaw.ai/troubleshooting
[2026-03-15 13:53:19] ✅ Gateway OK (RPC probe passed)
[2026-03-15 13:58:28] Watchdog check...
Cleanup hint: launchctl bootout gui/$UID/ai.openclaw.gateway
Cleanup hint: rm ~/Library/LaunchAgents/ai.openclaw.gateway.plist

Recommendation: run a single gateway per machine for most setups. One gateway supports multiple agents (see docs: /gateway#multiple-gateways-same-host).
If you need multiple gateways (e.g., a rescue bot on the same host), isolate ports + config/state (see docs: /gateway#multiple-gateways-same-host).

Troubles: run openclaw status
Troubleshooting: https://docs.openclaw.ai/troubleshooting
[2026-03-15 13:58:28] ✅ Gateway OK (RPC probe passed)
[2026-03-15 14:03:36] Watchdog check...
Cleanup hint: launchctl bootout gui/$UID/ai.openclaw.gateway
Cleanup hint: rm ~/Library/LaunchAgents/ai.openclaw.gateway.plist

Recommendation: run a single gateway per machine for most setups. One gateway supports multiple agents (see docs: /gateway#multiple-gateways-same-host).
If you need multiple gateways (e.g., a rescue bot on the same host), isolate ports + config/state (see docs: /gateway#multiple-gateways-same-host).

Troubles: run openclaw status
Troubleshooting: https://docs.openclaw.ai/troubleshooting
[2026-03-15 14:03:36] ✅ Gateway OK (RPC probe passed)
[2026-03-15 14:08:44] Watchdog check...
Cleanup hint: launchctl bootout gui/$UID/ai.openclaw.gateway
Cleanup hint: rm ~/Library/LaunchAgents/ai.openclaw.gateway.plist

Recommendation: run a single gateway per machine for most setups. One gateway supports multiple agents (see docs: /gateway#multiple-gateways-same-host).
If you need multiple gateways (e.g., a rescue bot on the same host), isolate ports + config/state (see docs: /gateway#multiple-gateways-same-host).

Troubles: run openclaw status
Troubleshooting: https://docs.openclaw.ai/troubleshooting
[2026-03-15 14:08:44] ✅ Gateway OK (RPC probe passed)
[2026-03-15 14:13:52] Watchdog check...
Cleanup hint: launchctl bootout gui/$UID/ai.openclaw.gateway
Cleanup hint: rm ~/Library/LaunchAgents/ai.openclaw.gateway.plist

Recommendation: run a single gateway per machine for most setups. One gateway supports multiple agents (see docs: /gateway#multiple-gateways-same-host).
If you need multiple gateways (e.g., a rescue bot on the same host), isolate ports + config/state (see docs: /gateway#multiple-gateways-same-host).

Troubles: run openclaw status
Troubleshooting: https://docs.openclaw.ai/troubleshooting
[2026-03-15 14:13:52] ✅ Gateway OK (RPC probe passed)
[2026-03-15 14:19:00] Watchdog check...
Cleanup hint: launchctl bootout gui/$UID/ai.openclaw.gateway
Cleanup hint: rm ~/Library/LaunchAgents/ai.openclaw.gateway.plist

Recommendation: run a single gateway per machine for most setups. One gateway supports multiple agents (see docs: /gateway#multiple-gateways-same-host).
If you need multiple gateways (e.g., a rescue bot on the same host), isolate ports + config/state (see docs: /gateway#multiple-gateways-same-host).

Troubles: run openclaw status
Troubleshooting: https://docs.openclaw.ai/troubleshooting
[2026-03-15 14:19:00] ✅ Gateway OK (RPC probe passed)
[2026-03-15 14:24:08] Watchdog check...
Cleanup hint: launchctl bootout gui/$UID/ai.openclaw.gateway
Cleanup hint: rm ~/Library/LaunchAgents/ai.openclaw.gateway.plist

Recommendation: run a single gateway per machine for most setups. One gateway supports multiple agents (see docs: /gateway#multiple-gateways-same-host).
If you need multiple gateways (e.g., a rescue bot on the same host), isolate ports + config/state (see docs: /gateway#multiple-gateways-same-host).

Troubles: run openclaw status
Troubleshooting: https://docs.openclaw.ai/troubleshooting
[2026-03-15 14:24:08] ✅ Gateway OK (RPC probe passed)
[2026-03-15 14:29:16] Watchdog check...
Cleanup hint: launchctl bootout gui/$UID/ai.openclaw.gateway
Cleanup hint: rm ~/Library/LaunchAgents/ai.openclaw.gateway.plist

Recommendation: run a single gateway per machine for most setups. One gateway supports multiple agents (see docs: /gateway#multiple-gateways-same-host).
If you need multiple gateways (e.g., a rescue bot on the same host), isolate ports + config/state (see docs: /gateway#multiple-gateways-same-host).

Troubles: run openclaw status
Troubleshooting: https://docs.openclaw.ai/troubleshooting
[2026-03-15 14:29:16] ✅ Gateway OK (RPC probe passed)
[2026-03-15 14:34:25] Watchdog check...
Cleanup hint: launchctl bootout gui/$UID/ai.openclaw.gateway
Cleanup hint: rm ~/Library/LaunchAgents/ai.openclaw.gateway.plist

Recommendation: run a single gateway per machine for most setups. One gateway supports multiple agents (see docs: /gateway#multiple-gateways-same-host).
If you need multiple gateways (e.g., a rescue bot on the same host), isolate ports + config/state (see docs: /gateway#multiple-gateways-same-host).

Troubles: run openclaw status
Troubleshooting: https://docs.openclaw.ai/troubleshooting
[2026-03-15 14:34:25] ✅ Gateway OK (RPC probe passed)
[2026-03-15 14:39:33] Watchdog check...
Cleanup hint: launchctl bootout gui/$UID/ai.openclaw.gateway
Cleanup hint: rm ~/Library/LaunchAgents/ai.openclaw.gateway.plist

Recommendation: run a single gateway per machine for most setups. One gateway supports multiple agents (see docs: /gateway#multiple-gateways-same-host).
If you need multiple gateways (e.g., a rescue bot on the same host), isolate ports + config/state (see docs: /gateway#multiple-gateways-same-host).

Troubles: run openclaw status
Troubleshooting: https://docs.openclaw.ai/troubleshooting
[2026-03-15 14:39:33] ✅ Gateway OK (RPC probe passed)
[2026-03-15 14:44:43] Watchdog check...
Cleanup hint: launchctl bootout gui/$UID/ai.openclaw.gateway
Cleanup hint: rm ~/Library/LaunchAgents/ai.openclaw.gateway.plist

Recommendation: run a single gateway per machine for most setups. One gateway supports multiple agents (see docs: /gateway#multiple-gateways-same-host).
If you need multiple gateways (e.g., a rescue bot on the same host), isolate ports + config/state (see docs: /gateway#multiple-gateways-same-host).

Troubles: run openclaw status
Troubleshooting: https://docs.openclaw.ai/troubleshooting
[2026-03-15 14:44:43] ✅ Gateway OK (RPC probe passed)
[2026-03-15 14:49:51] Watchdog check...
Cleanup hint: launchctl bootout gui/$UID/ai.openclaw.gateway
Cleanup hint: rm ~/Library/LaunchAgents/ai.openclaw.gateway.plist

Recommendation: run a single gateway per machine for most setups. One gateway supports multiple agents (see docs: /gateway#multiple-gateways-same-host).
If you need multiple gateways (e.g., a rescue bot on the same host), isolate ports + config/state (see docs: /gateway#multiple-gateways-same-host).

Troubles: run openclaw status
Troubleshooting: https://docs.openclaw.ai/troubleshooting
[2026-03-15 14:49:51] ✅ Gateway OK (RPC probe passed)
[2026-03-15 14:54:59] Watchdog check...
Cleanup hint: launchctl bootout gui/$UID/ai.openclaw.gateway
Cleanup hint: rm ~/Library/LaunchAgents/ai.openclaw.gateway.plist

Recommendation: run a single gateway per machine for most setups. One gateway supports multiple agents (see docs: /gateway#multiple-gateways-same-host).
If you need multiple gateways (e.g., a rescue bot on the same host), isolate ports + config/state (see docs: /gateway#multiple-gateways-same-host).

Troubles: run openclaw status
Troubleshooting: https://docs.openclaw.ai/troubleshooting
[2026-03-15 14:54:59] ✅ Gateway OK (RPC probe passed)
[2026-03-15 15:00:07] Watchdog check...
Cleanup hint: launchctl bootout gui/$UID/ai.openclaw.gateway
Cleanup hint: rm ~/Library/LaunchAgents/ai.openclaw.gateway.plist

Recommendation: run a single gateway per machine for most setups. One gateway supports multiple agents (see docs: /gateway#multiple-gateways-same-host).
If you need multiple gateways (e.g., a rescue bot on the same host), isolate ports + config/state (see docs: /gateway#multiple-gateways-same-host).

Troubles: run openclaw status
Troubleshooting: https://docs.openclaw.ai/troubleshooting
[2026-03-15 15:00:07] ✅ Gateway OK (RPC probe passed)
[2026-03-15 15:05:15] Watchdog check...
Cleanup hint: launchctl bootout gui/$UID/ai.openclaw.gateway
Cleanup hint: rm ~/Library/LaunchAgents/ai.openclaw.gateway.plist

Recommendation: run a single gateway per machine for most setups. One gateway supports multiple agents (see docs: /gateway#multiple-gateways-same-host).
If you need multiple gateways (e.g., a rescue bot on the same host), isolate ports + config/state (see docs: /gateway#multiple-gateways-same-host).

Troubles: run openclaw status
Troubleshooting: https://docs.openclaw.ai/troubleshooting
[2026-03-15 15:05:15] ✅ Gateway OK (RPC probe passed)
[2026-03-15 15:10:23] Watchdog check...
Cleanup hint: launchctl bootout gui/$UID/ai.openclaw.gateway
Cleanup hint: rm ~/Library/LaunchAgents/ai.openclaw.gateway.plist

Recommendation: run a single gateway per machine for most setups. One gateway supports multiple agents (see docs: /gateway#multiple-gateways-same-host).
If you need multiple gateways (e.g., a rescue bot on the same host), isolate ports + config/state (see docs: /gateway#multiple-gateways-same-host).

Troubles: run openclaw status
Troubleshooting: https://docs.openclaw.ai/troubleshooting
[2026-03-15 15:10:23] ✅ Gateway OK (RPC probe passed)
[2026-03-15 15:15:31] Watchdog check...
Cleanup hint: launchctl bootout gui/$UID/ai.openclaw.gateway
Cleanup hint: rm ~/Library/LaunchAgents/ai.openclaw.gateway.plist

Recommendation: run a single gateway per machine for most setups. One gateway supports multiple agents (see docs: /gateway#multiple-gateways-same-host).
If you need multiple gateways (e.g., a rescue bot on the same host), isolate ports + config/state (see docs: /gateway#multiple-gateways-same-host).

Troubles: run openclaw status
Troubleshooting: https://docs.openclaw.ai/troubleshooting
[2026-03-15 15:15:31] ✅ Gateway OK (RPC probe passed)
[2026-03-15 15:20:40] Watchdog check...
Cleanup hint: launchctl bootout gui/$UID/ai.openclaw.gateway
Cleanup hint: rm ~/Library/LaunchAgents/ai.openclaw.gateway.plist

Recommendation: run a single gateway per machine for most setups. One gateway supports multiple agents (see docs: /gateway#multiple-gateways-same-host).
If you need multiple gateways (e.g., a rescue bot on the same host), isolate ports + config/state (see docs: /gateway#multiple-gateways-same-host).

Troubles: run openclaw status
Troubleshooting: https://docs.openclaw.ai/troubleshooting
[2026-03-15 15:20:40] ✅ Gateway OK (RPC probe passed)
[2026-03-15 15:25:48] Watchdog check...
Cleanup hint: launchctl bootout gui/$UID/ai.openclaw.gateway
Cleanup hint: rm ~/Library/LaunchAgents/ai.openclaw.gateway.plist

Recommendation: run a single gateway per machine for most setups. One gateway supports multiple agents (see docs: /gateway#multiple-gateways-same-host).
If you need multiple gateways (e.g., a rescue bot on the same host), isolate ports + config/state (see docs: /gateway#multiple-gateways-same-host).

Troubles: run openclaw status
Troubleshooting: https://docs.openclaw.ai/troubleshooting
[2026-03-15 15:25:48] ✅ Gateway OK (RPC probe passed)
[2026-03-15 15:30:56] Watchdog check...
Cleanup hint: launchctl bootout gui/$UID/ai.openclaw.gateway
Cleanup hint: rm ~/Library/LaunchAgents/ai.openclaw.gateway.plist

Recommendation: run a single gateway per machine for most setups. One gateway supports multiple agents (see docs: /gateway#multiple-gateways-same-host).
If you need multiple gateways (e.g., a rescue bot on the same host), isolate ports + config/state (see docs: /gateway#multiple-gateways-same-host).

Troubles: run openclaw status
Troubleshooting: https://docs.openclaw.ai/troubleshooting
[2026-03-15 15:30:56] ✅ Gateway OK (RPC probe passed)
[2026-03-15 15:36:04] Watchdog check...
Cleanup hint: launchctl bootout gui/$UID/ai.openclaw.gateway
Cleanup hint: rm ~/Library/LaunchAgents/ai.openclaw.gateway.plist

Recommendation: run a single gateway per machine for most setups. One gateway supports multiple agents (see docs: /gateway#multiple-gateways-same-host).
If you need multiple gateways (e.g., a rescue bot on the same host), isolate ports + config/state (see docs: /gateway#multiple-gateways-same-host).

Troubles: run openclaw status
Troubleshooting: https://docs.openclaw.ai/troubleshooting
[2026-03-15 15:36:04] ✅ Gateway OK (RPC probe passed)
[2026-03-15 15:41:12] Watchdog check...
Cleanup hint: launchctl bootout gui/$UID/ai.openclaw.gateway
Cleanup hint: rm ~/Library/LaunchAgents/ai.openclaw.gateway.plist

Recommendation: run a single gateway per machine for most setups. One gateway supports multiple agents (see docs: /gateway#multiple-gateways-same-host).
If you need multiple gateways (e.g., a rescue bot on the same host), isolate ports + config/state (see docs: /gateway#multiple-gateways-same-host).

Troubles: run openclaw status
Troubleshooting: https://docs.openclaw.ai/troubleshooting
[2026-03-15 15:41:12] ✅ Gateway OK (RPC probe passed)
[2026-03-15 15:46:20] Watchdog check...
Cleanup hint: launchctl bootout gui/$UID/ai.openclaw.gateway
Cleanup hint: rm ~/Library/LaunchAgents/ai.openclaw.gateway.plist

Recommendation: run a single gateway per machine for most setups. One gateway supports multiple agents (see docs: /gateway#multiple-gateways-same-host).
If you need multiple gateways (e.g., a rescue bot on the same host), isolate ports + config/state (see docs: /gateway#multiple-gateways-same-host).

Troubles: run openclaw status
Troubleshooting: https://docs.openclaw.ai/troubleshooting
[2026-03-15 15:46:20] ✅ Gateway OK (RPC probe passed)
[2026-03-15 15:51:28] Watchdog check...
Cleanup hint: launchctl bootout gui/$UID/ai.openclaw.gateway
Cleanup hint: rm ~/Library/LaunchAgents/ai.openclaw.gateway.plist

Recommendation: run a single gateway per machine for most setups. One gateway supports multiple agents (see docs: /gateway#multiple-gateways-same-host).
If you need multiple gateways (e.g., a rescue bot on the same host), isolate ports + config/state (see docs: /gateway#multiple-gateways-same-host).

Troubles: run openclaw status
Troubleshooting: https://docs.openclaw.ai/troubleshooting
[2026-03-15 15:51:28] ✅ Gateway OK (RPC probe passed)
[2026-03-15 15:56:37] Watchdog check...
Cleanup hint: launchctl bootout gui/$UID/ai.openclaw.gateway
Cleanup hint: rm ~/Library/LaunchAgents/ai.openclaw.gateway.plist

Recommendation: run a single gateway per machine for most setups. One gateway supports multiple agents (see docs: /gateway#multiple-gateways-same-host).
If you need multiple gateways (e.g., a rescue bot on the same host), isolate ports + config/state (see docs: /gateway#multiple-gateways-same-host).

Troubles: run openclaw status
Troubleshooting: https://docs.openclaw.ai/troubleshooting
[2026-03-15 15:56:37] ✅ Gateway OK (RPC probe passed)
[2026-03-15 16:01:45] Watchdog check...
Cleanup hint: launchctl bootout gui/$UID/ai.openclaw.gateway
Cleanup hint: rm ~/Library/LaunchAgents/ai.openclaw.gateway.plist

Recommendation: run a single gateway per machine for most setups. One gateway supports multiple agents (see docs: /gateway#multiple-gateways-same-host).
If you need multiple gateways (e.g., a rescue bot on the same host), isolate ports + config/state (see docs: /gateway#multiple-gateways-same-host).

Troubles: run openclaw status
Troubleshooting: https://docs.openclaw.ai/troubleshooting
[2026-03-15 16:01:45] ✅ Gateway OK (RPC probe passed)
[2026-03-15 16:06:53] Watchdog check...
Cleanup hint: launchctl bootout gui/$UID/ai.openclaw.gateway
Cleanup hint: rm ~/Library/LaunchAgents/ai.openclaw.gateway.plist

Recommendation: run a single gateway per machine for most setups. One gateway supports multiple agents (see docs: /gateway#multiple-gateways-same-host).
If you need multiple gateways (e.g., a rescue bot on the same host), isolate ports + config/state (see docs: /gateway#multiple-gateways-same-host).

Troubles: run openclaw status
Troubleshooting: https://docs.openclaw.ai/troubleshooting
[2026-03-15 16:06:53] ✅ Gateway OK (RPC probe passed)
[2026-03-15 16:12:01] Watchdog check...
Cleanup hint: launchctl bootout gui/$UID/ai.openclaw.gateway
Cleanup hint: rm ~/Library/LaunchAgents/ai.openclaw.gateway.plist

Recommendation: run a single gateway per machine for most setups. One gateway supports multiple agents (see docs: /gateway#multiple-gateways-same-host).
If you need multiple gateways (e.g., a rescue bot on the same host), isolate ports + config/state (see docs: /gateway#multiple-gateways-same-host).

Troubles: run openclaw status
Troubleshooting: https://docs.openclaw.ai/troubleshooting
[2026-03-15 16:12:01] ✅ Gateway OK (RPC probe passed)
[2026-03-15 16:17:09] Watchdog check...
Cleanup hint: launchctl bootout gui/$UID/ai.openclaw.gateway
Cleanup hint: rm ~/Library/LaunchAgents/ai.openclaw.gateway.plist

Recommendation: run a single gateway per machine for most setups. One gateway supports multiple agents (see docs: /gateway#multiple-gateways-same-host).
If you need multiple gateways (e.g., a rescue bot on the same host), isolate ports + config/state (see docs: /gateway#multiple-gateways-same-host).

Troubles: run openclaw status
Troubleshooting: https://docs.openclaw.ai/troubleshooting
[2026-03-15 16:17:09] ✅ Gateway OK (RPC probe passed)
[2026-03-15 16:22:17] Watchdog check...
Cleanup hint: launchctl bootout gui/$UID/ai.openclaw.gateway
Cleanup hint: rm ~/Library/LaunchAgents/ai.openclaw.gateway.plist

Recommendation: run a single gateway per machine for most setups. One gateway supports multiple agents (see docs: /gateway#multiple-gateways-same-host).
If you need multiple gateways (e.g., a rescue bot on the same host), isolate ports + config/state (see docs: /gateway#multiple-gateways-same-host).

Troubles: run openclaw status
Troubleshooting: https://docs.openclaw.ai/troubleshooting
[2026-03-15 16:22:17] ✅ Gateway OK (RPC probe passed)
[2026-03-15 16:27:25] Watchdog check...
Cleanup hint: launchctl bootout gui/$UID/ai.openclaw.gateway
Cleanup hint: rm ~/Library/LaunchAgents/ai.openclaw.gateway.plist

Recommendation: run a single gateway per machine for most setups. One gateway supports multiple agents (see docs: /gateway#multiple-gateways-same-host).
If you need multiple gateways (e.g., a rescue bot on the same host), isolate ports + config/state (see docs: /gateway#multiple-gateways-same-host).

Troubles: run openclaw status
Troubleshooting: https://docs.openclaw.ai/troubleshooting
[2026-03-15 16:27:25] ✅ Gateway OK (RPC probe passed)
[2026-03-15 16:32:33] Watchdog check...
Cleanup hint: launchctl bootout gui/$UID/ai.openclaw.gateway
Cleanup hint: rm ~/Library/LaunchAgents/ai.openclaw.gateway.plist

Recommendation: run a single gateway per machine for most setups. One gateway supports multiple agents (see docs: /gateway#multiple-gateways-same-host).
If you need multiple gateways (e.g., a rescue bot on the same host), isolate ports + config/state (see docs: /gateway#multiple-gateways-same-host).

Troubles: run openclaw status
Troubleshooting: https://docs.openclaw.ai/troubleshooting
[2026-03-15 16:32:33] ✅ Gateway OK (RPC probe passed)
[2026-03-15 16:37:42] Watchdog check...
Cleanup hint: launchctl bootout gui/$UID/ai.openclaw.gateway
Cleanup hint: rm ~/Library/LaunchAgents/ai.openclaw.gateway.plist

Recommendation: run a single gateway per machine for most setups. One gateway supports multiple agents (see docs: /gateway#multiple-gateways-same-host).
If you need multiple gateways (e.g., a rescue bot on the same host), isolate ports + config/state (see docs: /gateway#multiple-gateways-same-host).

Troubles: run openclaw status
Troubleshooting: https://docs.openclaw.ai/troubleshooting
[2026-03-15 16:37:42] ✅ Gateway OK (RPC probe passed)
[2026-03-15 16:42:50] Watchdog check...
Cleanup hint: launchctl bootout gui/$UID/ai.openclaw.gateway
Cleanup hint: rm ~/Library/LaunchAgents/ai.openclaw.gateway.plist

Recommendation: run a single gateway per machine for most setups. One gateway supports multiple agents (see docs: /gateway#multiple-gateways-same-host).
If you need multiple gateways (e.g., a rescue bot on the same host), isolate ports + config/state (see docs: /gateway#multiple-gateways-same-host).

Troubles: run openclaw status
Troubleshooting: https://docs.openclaw.ai/troubleshooting
[2026-03-15 16:42:50] ✅ Gateway OK (RPC probe passed)
[2026-03-15 16:47:58] Watchdog check...
Cleanup hint: launchctl bootout gui/$UID/ai.openclaw.gateway
Cleanup hint: rm ~/Library/LaunchAgents/ai.openclaw.gateway.plist

Recommendation: run a single gateway per machine for most setups. One gateway supports multiple agents (see docs: /gateway#multiple-gateways-same-host).
If you need multiple gateways (e.g., a rescue bot on the same host), isolate ports + config/state (see docs: /gateway#multiple-gateways-same-host).

Troubles: run openclaw status
Troubleshooting: https://docs.openclaw.ai/troubleshooting
[2026-03-15 16:47:58] ✅ Gateway OK (RPC probe passed)
[2026-03-15 16:53:06] Watchdog check...
Cleanup hint: launchctl bootout gui/$UID/ai.openclaw.gateway
Cleanup hint: rm ~/Library/LaunchAgents/ai.openclaw.gateway.plist

Recommendation: run a single gateway per machine for most setups. One gateway supports multiple agents (see docs: /gateway#multiple-gateways-same-host).
If you need multiple gateways (e.g., a rescue bot on the same host), isolate ports + config/state (see docs: /gateway#multiple-gateways-same-host).

Troubles: run openclaw status
Troubleshooting: https://docs.openclaw.ai/troubleshooting
[2026-03-15 16:53:06] ✅ Gateway OK (RPC probe passed)
[2026-03-15 16:58:15] Watchdog check...
Cleanup hint: launchctl bootout gui/$UID/ai.openclaw.gateway
Cleanup hint: rm ~/Library/LaunchAgents/ai.openclaw.gateway.plist

Recommendation: run a single gateway per machine for most setups. One gateway supports multiple agents (see docs: /gateway#multiple-gateways-same-host).
If you need multiple gateways (e.g., a rescue bot on the same host), isolate ports + config/state (see docs: /gateway#multiple-gateways-same-host).

Troubles: run openclaw status
Troubleshooting: https://docs.openclaw.ai/troubleshooting
[2026-03-15 16:58:15] ✅ Gateway OK (RPC probe passed)
[2026-03-15 17:03:23] Watchdog check...
Cleanup hint: launchctl bootout gui/$UID/ai.openclaw.gateway
Cleanup hint: rm ~/Library/LaunchAgents/ai.openclaw.gateway.plist

Recommendation: run a single gateway per machine for most setups. One gateway supports multiple agents (see docs: /gateway#multiple-gateways-same-host).
If you need multiple gateways (e.g., a rescue bot on the same host), isolate ports + config/state (see docs: /gateway#multiple-gateways-same-host).

Troubles: run openclaw status
Troubleshooting: https://docs.openclaw.ai/troubleshooting
[2026-03-15 17:03:23] ✅ Gateway OK (RPC probe passed)
[2026-03-15 17:08:31] Watchdog check...
Cleanup hint: launchctl bootout gui/$UID/ai.openclaw.gateway
Cleanup hint: rm ~/Library/LaunchAgents/ai.openclaw.gateway.plist

Recommendation: run a single gateway per machine for most setups. One gateway supports multiple agents (see docs: /gateway#multiple-gateways-same-host).
If you need multiple gateways (e.g., a rescue bot on the same host), isolate ports + config/state (see docs: /gateway#multiple-gateways-same-host).

Troubles: run openclaw status
Troubleshooting: https://docs.openclaw.ai/troubleshooting
[2026-03-15 17:08:31] ✅ Gateway OK (RPC probe passed)
[2026-03-15 17:13:39] Watchdog check...
Cleanup hint: launchctl bootout gui/$UID/ai.openclaw.gateway
Cleanup hint: rm ~/Library/LaunchAgents/ai.openclaw.gateway.plist

Recommendation: run a single gateway per machine for most setups. One gateway supports multiple agents (see docs: /gateway#multiple-gateways-same-host).
If you need multiple gateways (e.g., a rescue bot on the same host), isolate ports + config/state (see docs: /gateway#multiple-gateways-same-host).

Troubles: run openclaw status
Troubleshooting: https://docs.openclaw.ai/troubleshooting
[2026-03-15 17:13:39] ✅ Gateway OK (RPC probe passed)
[2026-03-15 17:18:47] Watchdog check...
Cleanup hint: launchctl bootout gui/$UID/ai.openclaw.gateway
Cleanup hint: rm ~/Library/LaunchAgents/ai.openclaw.gateway.plist

Recommendation: run a single gateway per machine for most setups. One gateway supports multiple agents (see docs: /gateway#multiple-gateways-same-host).
If you need multiple gateways (e.g., a rescue bot on the same host), isolate ports + config/state (see docs: /gateway#multiple-gateways-same-host).

Troubles: run openclaw status
Troubleshooting: https://docs.openclaw.ai/troubleshooting
[2026-03-15 17:18:47] ✅ Gateway OK (RPC probe passed)
[2026-03-15 17:23:55] Watchdog check...
Cleanup hint: launchctl bootout gui/$UID/ai.openclaw.gateway
Cleanup hint: rm ~/Library/LaunchAgents/ai.openclaw.gateway.plist

Recommendation: run a single gateway per machine for most setups. One gateway supports multiple agents (see docs: /gateway#multiple-gateways-same-host).
If you need multiple gateways (e.g., a rescue bot on the same host), isolate ports + config/state (see docs: /gateway#multiple-gateways-same-host).

Troubles: run openclaw status
Troubleshooting: https://docs.openclaw.ai/troubleshooting
[2026-03-15 17:23:55] ✅ Gateway OK (RPC probe passed)
[2026-03-15 17:29:03] Watchdog check...
Cleanup hint: launchctl bootout gui/$UID/ai.openclaw.gateway
Cleanup hint: rm ~/Library/LaunchAgents/ai.openclaw.gateway.plist

Recommendation: run a single gateway per machine for most setups. One gateway supports multiple agents (see docs: /gateway#multiple-gateways-same-host).
If you need multiple gateways (e.g., a rescue bot on the same host), isolate ports + config/state (see docs: /gateway#multiple-gateways-same-host).

Troubles: run openclaw status
Troubleshooting: https://docs.openclaw.ai/troubleshooting
[2026-03-15 17:29:03] ✅ Gateway OK (RPC probe passed)
[2026-03-15 17:34:11] Watchdog check...
Cleanup hint: launchctl bootout gui/$UID/ai.openclaw.gateway
Cleanup hint: rm ~/Library/LaunchAgents/ai.openclaw.gateway.plist

Recommendation: run a single gateway per machine for most setups. One gateway supports multiple agents (see docs: /gateway#multiple-gateways-same-host).
If you need multiple gateways (e.g., a rescue bot on the same host), isolate ports + config/state (see docs: /gateway#multiple-gateways-same-host).

Troubles: run openclaw status
Troubleshooting: https://docs.openclaw.ai/troubleshooting
[2026-03-15 17:34:11] ✅ Gateway OK (RPC probe passed)
[2026-03-15 17:39:19] Watchdog check...
Cleanup hint: launchctl bootout gui/$UID/ai.openclaw.gateway
Cleanup hint: rm ~/Library/LaunchAgents/ai.openclaw.gateway.plist

Recommendation: run a single gateway per machine for most setups. One gateway supports multiple agents (see docs: /gateway#multiple-gateways-same-host).
If you need multiple gateways (e.g., a rescue bot on the same host), isolate ports + config/state (see docs: /gateway#multiple-gateways-same-host).

Troubles: run openclaw status
Troubleshooting: https://docs.openclaw.ai/troubleshooting
[2026-03-15 17:39:19] ✅ Gateway OK (RPC probe passed)
[2026-03-15 17:44:27] Watchdog check...
Cleanup hint: launchctl bootout gui/$UID/ai.openclaw.gateway
Cleanup hint: rm ~/Library/LaunchAgents/ai.openclaw.gateway.plist

Recommendation: run a single gateway per machine for most setups. One gateway supports multiple agents (see docs: /gateway#multiple-gateways-same-host).
If you need multiple gateways (e.g., a rescue bot on the same host), isolate ports + config/state (see docs: /gateway#multiple-gateways-same-host).

Troubles: run openclaw status
Troubleshooting: https://docs.openclaw.ai/troubleshooting
[2026-03-15 17:44:27] ✅ Gateway OK (RPC probe passed)
[2026-03-15 17:49:37] Watchdog check...
Cleanup hint: launchctl bootout gui/$UID/ai.openclaw.gateway
Cleanup hint: rm ~/Library/LaunchAgents/ai.openclaw.gateway.plist

Recommendation: run a single gateway per machine for most setups. One gateway supports multiple agents (see docs: /gateway#multiple-gateways-same-host).
If you need multiple gateways (e.g., a rescue bot on the same host), isolate ports + config/state (see docs: /gateway#multiple-gateways-same-host).

Troubles: run openclaw status
Troubleshooting: https://docs.openclaw.ai/troubleshooting
[2026-03-15 17:49:37] ✅ Gateway OK (RPC probe passed)
[2026-03-15 17:54:46] Watchdog check...
Cleanup hint: launchctl bootout gui/$UID/ai.openclaw.gateway
Cleanup hint: rm ~/Library/LaunchAgents/ai.openclaw.gateway.plist

Recommendation: run a single gateway per machine for most setups. One gateway supports multiple agents (see docs: /gateway#multiple-gateways-same-host).
If you need multiple gateways (e.g., a rescue bot on the same host), isolate ports + config/state (see docs: /gateway#multiple-gateways-same-host).

Troubles: run openclaw status
Troubleshooting: https://docs.openclaw.ai/troubleshooting
[2026-03-15 17:54:46] ✅ Gateway OK (RPC probe passed)
[2026-03-15 17:59:55] Watchdog check...
Cleanup hint: launchctl bootout gui/$UID/ai.openclaw.gateway
Cleanup hint: rm ~/Library/LaunchAgents/ai.openclaw.gateway.plist

Recommendation: run a single gateway per machine for most setups. One gateway supports multiple agents (see docs: /gateway#multiple-gateways-same-host).
If you need multiple gateways (e.g., a rescue bot on the same host), isolate ports + config/state (see docs: /gateway#multiple-gateways-same-host).

Troubles: run openclaw status
Troubleshooting: https://docs.openclaw.ai/troubleshooting
[2026-03-15 17:59:55] ✅ Gateway OK (RPC probe passed)
[2026-03-15 18:05:06] Watchdog check...
Cleanup hint: launchctl bootout gui/$UID/ai.openclaw.gateway
Cleanup hint: rm ~/Library/LaunchAgents/ai.openclaw.gateway.plist

Recommendation: run a single gateway per machine for most setups. One gateway supports multiple agents (see docs: /gateway#multiple-gateways-same-host).
If you need multiple gateways (e.g., a rescue bot on the same host), isolate ports + config/state (see docs: /gateway#multiple-gateways-same-host).

Troubles: run openclaw status
Troubleshooting: https://docs.openclaw.ai/troubleshooting
[2026-03-15 18:05:06] ✅ Gateway OK (RPC probe passed)
[2026-03-15 18:10:14] Watchdog check...
Cleanup hint: launchctl bootout gui/$UID/ai.openclaw.gateway
Cleanup hint: rm ~/Library/LaunchAgents/ai.openclaw.gateway.plist

Recommendation: run a single gateway per machine for most setups. One gateway supports multiple agents (see docs: /gateway#multiple-gateways-same-host).
If you need multiple gateways (e.g., a rescue bot on the same host), isolate ports + config/state (see docs: /gateway#multiple-gateways-same-host).

Troubles: run openclaw status
Troubleshooting: https://docs.openclaw.ai/troubleshooting
[2026-03-15 18:10:14] ✅ Gateway OK (RPC probe passed)
[2026-03-15 18:15:23] Watchdog check...
Cleanup hint: launchctl bootout gui/$UID/ai.openclaw.gateway
Cleanup hint: rm ~/Library/LaunchAgents/ai.openclaw.gateway.plist

Recommendation: run a single gateway per machine for most setups. One gateway supports multiple agents (see docs: /gateway#multiple-gateways-same-host).
If you need multiple gateways (e.g., a rescue bot on the same host), isolate ports + config/state (see docs: /gateway#multiple-gateways-same-host).

Troubles: run openclaw status
Troubleshooting: https://docs.openclaw.ai/troubleshooting
[2026-03-15 18:15:23] ✅ Gateway OK (RPC probe passed)
[2026-03-15 18:20:32] Watchdog check...
Cleanup hint: launchctl bootout gui/$UID/ai.openclaw.gateway
Cleanup hint: rm ~/Library/LaunchAgents/ai.openclaw.gateway.plist

Recommendation: run a single gateway per machine for most setups. One gateway supports multiple agents (see docs: /gateway#multiple-gateways-same-host).
If you need multiple gateways (e.g., a rescue bot on the same host), isolate ports + config/state (see docs: /gateway#multiple-gateways-same-host).

Troubles: run openclaw status
Troubleshooting: https://docs.openclaw.ai/troubleshooting
[2026-03-15 18:20:32] ❌ Gateway unhealthy, restarting LaunchAgent...
Could not find service "ai.openclaw.gateway" in domain for user gui: 501
[2026-03-15 18:20:32] ❌ kickstart failed (rc=113)
[2026-03-15 18:25:40] Watchdog check...
Cleanup hint: launchctl bootout gui/$UID/ai.openclaw.gateway
Cleanup hint: rm ~/Library/LaunchAgents/ai.openclaw.gateway.plist

Recommendation: run a single gateway per machine for most setups. One gateway supports multiple agents (see docs: /gateway#multiple-gateways-same-host).
If you need multiple gateways (e.g., a rescue bot on the same host), isolate ports + config/state (see docs: /gateway#multiple-gateways-same-host).

Troubles: run openclaw status
Troubleshooting: https://docs.openclaw.ai/troubleshooting
[2026-03-15 18:25:40] ❌ Gateway unhealthy, restarting LaunchAgent...
Could not find service "ai.openclaw.gateway" in domain for user gui: 501
[2026-03-15 18:25:40] ❌ kickstart failed (rc=113)
[2026-03-15 18:30:48] Watchdog check...
Cleanup hint: launchctl bootout gui/$UID/ai.openclaw.gateway
Cleanup hint: rm ~/Library/LaunchAgents/ai.openclaw.gateway.plist

Recommendation: run a single gateway per machine for most setups. One gateway supports multiple agents (see docs: /gateway#multiple-gateways-same-host).
If you need multiple gateways (e.g., a rescue bot on the same host), isolate ports + config/state (see docs: /gateway#multiple-gateways-same-host).

Troubles: run openclaw status
Troubleshooting: https://docs.openclaw.ai/troubleshooting
[2026-03-15 18:30:48] ❌ Gateway unhealthy, restarting LaunchAgent...
Could not find service "ai.openclaw.gateway" in domain for user gui: 501
[2026-03-15 18:30:48] ❌ kickstart failed (rc=113)
[2026-03-15 18:35:57] Watchdog check...
Cleanup hint: launchctl bootout gui/$UID/ai.openclaw.gateway
Cleanup hint: rm ~/Library/LaunchAgents/ai.openclaw.gateway.plist

Recommendation: run a single gateway per machine for most setups. One gateway supports multiple agents (see docs: /gateway#multiple-gateways-same-host).
If you need multiple gateways (e.g., a rescue bot on the same host), isolate ports + config/state (see docs: /gateway#multiple-gateways-same-host).

Troubles: run openclaw status
Troubleshooting: https://docs.openclaw.ai/troubleshooting
[2026-03-15 18:35:57] ✅ Gateway OK (RPC probe passed)
[2026-03-15 18:41:04] Watchdog check...
Cleanup hint: launchctl bootout gui/$UID/ai.openclaw.gateway
Cleanup hint: rm ~/Library/LaunchAgents/ai.openclaw.gateway.plist

Recommendation: run a single gateway per machine for most setups. One gateway supports multiple agents (see docs: /gateway#multiple-gateways-same-host).
If you need multiple gateways (e.g., a rescue bot on the same host), isolate ports + config/state (see docs: /gateway#multiple-gateways-same-host).

Troubles: run openclaw status
Troubleshooting: https://docs.openclaw.ai/troubleshooting
[2026-03-15 18:41:04] ✅ Gateway OK (RPC probe passed)
[2026-03-15 18:46:17] Watchdog check...
Cleanup hint: launchctl bootout gui/$UID/ai.openclaw.gateway
Cleanup hint: rm ~/Library/LaunchAgents/ai.openclaw.gateway.plist

Recommendation: run a single gateway per machine for most setups. One gateway supports multiple agents (see docs: /gateway#multiple-gateways-same-host).
If you need multiple gateways (e.g., a rescue bot on the same host), isolate ports + config/state (see docs: /gateway#multiple-gateways-same-host).

Troubles: run openclaw status
Troubleshooting: https://docs.openclaw.ai/troubleshooting
[2026-03-15 18:46:17] ❌ Gateway unhealthy, restarting LaunchAgent...
Could not find service "ai.openclaw.gateway" in domain for user gui: 501
[2026-03-15 18:46:17] ❌ kickstart failed (rc=113)
[2026-03-15 18:51:24] Watchdog check...
Cleanup hint: launchctl bootout gui/$UID/ai.openclaw.gateway
Cleanup hint: rm ~/Library/LaunchAgents/ai.openclaw.gateway.plist

Recommendation: run a single gateway per machine for most setups. One gateway supports multiple agents (see docs: /gateway#multiple-gateways-same-host).
If you need multiple gateways (e.g., a rescue bot on the same host), isolate ports + config/state (see docs: /gateway#multiple-gateways-same-host).

Troubles: run openclaw status
Troubleshooting: https://docs.openclaw.ai/troubleshooting
[2026-03-15 18:51:24] ✅ Gateway OK (RPC probe passed)
[2026-03-15 18:56:37] Watchdog check...
Cleanup hint: launchctl bootout gui/$UID/ai.openclaw.gateway
Cleanup hint: rm ~/Library/LaunchAgents/ai.openclaw.gateway.plist

Recommendation: run a single gateway per machine for most setups. One gateway supports multiple agents (see docs: /gateway#multiple-gateways-same-host).
If you need multiple gateways (e.g., a rescue bot on the same host), isolate ports + config/state (see docs: /gateway#multiple-gateways-same-host).

Troubles: run openclaw status
Troubleshooting: https://docs.openclaw.ai/troubleshooting
[2026-03-15 18:56:37] ✅ Gateway OK (RPC probe passed)
[2026-03-15 19:01:44] Watchdog check...
Cleanup hint: launchctl bootout gui/$UID/ai.openclaw.gateway
Cleanup hint: rm ~/Library/LaunchAgents/ai.openclaw.gateway.plist

Recommendation: run a single gateway per machine for most setups. One gateway supports multiple agents (see docs: /gateway#multiple-gateways-same-host).
If you need multiple gateways (e.g., a rescue bot on the same host), isolate ports + config/state (see docs: /gateway#multiple-gateways-same-host).

Troubles: run openclaw status
Troubleshooting: https://docs.openclaw.ai/troubleshooting
[2026-03-15 19:01:44] ✅ Gateway OK (RPC probe passed)
[2026-03-15 19:06:51] Watchdog check...
Cleanup hint: launchctl bootout gui/$UID/ai.openclaw.gateway
Cleanup hint: rm ~/Library/LaunchAgents/ai.openclaw.gateway.plist

Recommendation: run a single gateway per machine for most setups. One gateway supports multiple agents (see docs: /gateway#multiple-gateways-same-host).
If you need multiple gateways (e.g., a rescue bot on the same host), isolate ports + config/state (see docs: /gateway#multiple-gateways-same-host).

Troubles: run openclaw status
Troubleshooting: https://docs.openclaw.ai/troubleshooting
[2026-03-15 19:06:51] ✅ Gateway OK (RPC probe passed)
[2026-03-15 19:11:59] Watchdog check...
Cleanup hint: launchctl bootout gui/$UID/ai.openclaw.gateway
Cleanup hint: rm ~/Library/LaunchAgents/ai.openclaw.gateway.plist

Recommendation: run a single gateway per machine for most setups. One gateway supports multiple agents (see docs: /gateway#multiple-gateways-same-host).
If you need multiple gateways (e.g., a rescue bot on the same host), isolate ports + config/state (see docs: /gateway#multiple-gateways-same-host).

Troubles: run openclaw status
Troubleshooting: https://docs.openclaw.ai/troubleshooting
[2026-03-15 19:11:59] ✅ Gateway OK (RPC probe passed)
[2026-03-15 19:17:06] Watchdog check...
Cleanup hint: launchctl bootout gui/$UID/ai.openclaw.gateway
Cleanup hint: rm ~/Library/LaunchAgents/ai.openclaw.gateway.plist

Recommendation: run a single gateway per machine for most setups. One gateway supports multiple agents (see docs: /gateway#multiple-gateways-same-host).
If you need multiple gateways (e.g., a rescue bot on the same host), isolate ports + config/state (see docs: /gateway#multiple-gateways-same-host).

Troubles: run openclaw status
Troubleshooting: https://docs.openclaw.ai/troubleshooting
[2026-03-15 19:17:06] ✅ Gateway OK (RPC probe passed)
[2026-03-15 19:22:13] Watchdog check...
Cleanup hint: launchctl bootout gui/$UID/ai.openclaw.gateway
Cleanup hint: rm ~/Library/LaunchAgents/ai.openclaw.gateway.plist

Recommendation: run a single gateway per machine for most setups. One gateway supports multiple agents (see docs: /gateway#multiple-gateways-same-host).
If you need multiple gateways (e.g., a rescue bot on the same host), isolate ports + config/state (see docs: /gateway#multiple-gateways-same-host).

Troubles: run openclaw status
Troubleshooting: https://docs.openclaw.ai/troubleshooting
[2026-03-15 19:22:13] ✅ Gateway OK (RPC probe passed)
[2026-03-15 19:27:20] Watchdog check...
Cleanup hint: launchctl bootout gui/$UID/ai.openclaw.gateway
Cleanup hint: rm ~/Library/LaunchAgents/ai.openclaw.gateway.plist

Recommendation: run a single gateway per machine for most setups. One gateway supports multiple agents (see docs: /gateway#multiple-gateways-same-host).
If you need multiple gateways (e.g., a rescue bot on the same host), isolate ports + config/state (see docs: /gateway#multiple-gateways-same-host).

Troubles: run openclaw status
Troubleshooting: https://docs.openclaw.ai/troubleshooting
[2026-03-15 19:27:20] ✅ Gateway OK (RPC probe passed)
[2026-03-15 19:32:27] Watchdog check...
Cleanup hint: launchctl bootout gui/$UID/ai.openclaw.gateway
Cleanup hint: rm ~/Library/LaunchAgents/ai.openclaw.gateway.plist

Recommendation: run a single gateway per machine for most setups. One gateway supports multiple agents (see docs: /gateway#multiple-gateways-same-host).
If you need multiple gateways (e.g., a rescue bot on the same host), isolate ports + config/state (see docs: /gateway#multiple-gateways-same-host).

Troubles: run openclaw status
Troubleshooting: https://docs.openclaw.ai/troubleshooting
[2026-03-15 19:32:27] ✅ Gateway OK (RPC probe passed)
[2026-03-15 19:37:34] Watchdog check...
Cleanup hint: launchctl bootout gui/$UID/ai.openclaw.gateway
Cleanup hint: rm ~/Library/LaunchAgents/ai.openclaw.gateway.plist

Recommendation: run a single gateway per machine for most setups. One gateway supports multiple agents (see docs: /gateway#multiple-gateways-same-host).
If you need multiple gateways (e.g., a rescue bot on the same host), isolate ports + config/state (see docs: /gateway#multiple-gateways-same-host).

Troubles: run openclaw status
Troubleshooting: https://docs.openclaw.ai/troubleshooting
[2026-03-15 19:37:34] ✅ Gateway OK (RPC probe passed)
[2026-03-15 19:42:41] Watchdog check...
Cleanup hint: launchctl bootout gui/$UID/ai.openclaw.gateway
Cleanup hint: rm ~/Library/LaunchAgents/ai.openclaw.gateway.plist

Recommendation: run a single gateway per machine for most setups. One gateway supports multiple agents (see docs: /gateway#multiple-gateways-same-host).
If you need multiple gateways (e.g., a rescue bot on the same host), isolate ports + config/state (see docs: /gateway#multiple-gateways-same-host).

Troubles: run openclaw status
Troubleshooting: https://docs.openclaw.ai/troubleshooting
[2026-03-15 19:42:41] ✅ Gateway OK (RPC probe passed)
[2026-03-15 19:47:48] Watchdog check...
Cleanup hint: launchctl bootout gui/$UID/ai.openclaw.gateway
Cleanup hint: rm ~/Library/LaunchAgents/ai.openclaw.gateway.plist

Recommendation: run a single gateway per machine for most setups. One gateway supports multiple agents (see docs: /gateway#multiple-gateways-same-host).
If you need multiple gateways (e.g., a rescue bot on the same host), isolate ports + config/state (see docs: /gateway#multiple-gateways-same-host).

Troubles: run openclaw status
Troubleshooting: https://docs.openclaw.ai/troubleshooting
[2026-03-15 19:47:48] ✅ Gateway OK (RPC probe passed)
[2026-03-15 19:52:55] Watchdog check...
Cleanup hint: launchctl bootout gui/$UID/ai.openclaw.gateway
Cleanup hint: rm ~/Library/LaunchAgents/ai.openclaw.gateway.plist

Recommendation: run a single gateway per machine for most setups. One gateway supports multiple agents (see docs: /gateway#multiple-gateways-same-host).
If you need multiple gateways (e.g., a rescue bot on the same host), isolate ports + config/state (see docs: /gateway#multiple-gateways-same-host).

Troubles: run openclaw status
Troubleshooting: https://docs.openclaw.ai/troubleshooting
[2026-03-15 19:52:55] ✅ Gateway OK (RPC probe passed)
[2026-03-15 19:58:04] Watchdog check...
Cleanup hint: launchctl bootout gui/$UID/ai.openclaw.gateway
Cleanup hint: rm ~/Library/LaunchAgents/ai.openclaw.gateway.plist

Recommendation: run a single gateway per machine for most setups. One gateway supports multiple agents (see docs: /gateway#multiple-gateways-same-host).
If you need multiple gateways (e.g., a rescue bot on the same host), isolate ports + config/state (see docs: /gateway#multiple-gateways-same-host).

Troubles: run openclaw status
Troubleshooting: https://docs.openclaw.ai/troubleshooting
[2026-03-15 19:58:04] ✅ Gateway OK (RPC probe passed)
[2026-03-15 20:03:13] Watchdog check...
Cleanup hint: launchctl bootout gui/$UID/ai.openclaw.gateway
Cleanup hint: rm ~/Library/LaunchAgents/ai.openclaw.gateway.plist

Recommendation: run a single gateway per machine for most setups. One gateway supports multiple agents (see docs: /gateway#multiple-gateways-same-host).
If you need multiple gateways (e.g., a rescue bot on the same host), isolate ports + config/state (see docs: /gateway#multiple-gateways-same-host).

Troubles: run openclaw status
Troubleshooting: https://docs.openclaw.ai/troubleshooting
[2026-03-15 20:03:13] ✅ Gateway OK (RPC probe passed)
[2026-03-15 20:08:21] Watchdog check...
Cleanup hint: launchctl bootout gui/$UID/ai.openclaw.gateway
Cleanup hint: rm ~/Library/LaunchAgents/ai.openclaw.gateway.plist

Recommendation: run a single gateway per machine for most setups. One gateway supports multiple agents (see docs: /gateway#multiple-gateways-same-host).
If you need multiple gateways (e.g., a rescue bot on the same host), isolate ports + config/state (see docs: /gateway#multiple-gateways-same-host).

Troubles: run openclaw status
Troubleshooting: https://docs.openclaw.ai/troubleshooting
[2026-03-15 20:08:21] ✅ Gateway OK (RPC probe passed)
[2026-03-15 20:13:30] Watchdog check...
Cleanup hint: launchctl bootout gui/$UID/ai.openclaw.gateway
Cleanup hint: rm ~/Library/LaunchAgents/ai.openclaw.gateway.plist

Recommendation: run a single gateway per machine for most setups. One gateway supports multiple agents (see docs: /gateway#multiple-gateways-same-host).
If you need multiple gateways (e.g., a rescue bot on the same host), isolate ports + config/state (see docs: /gateway#multiple-gateways-same-host).

Troubles: run openclaw status
Troubleshooting: https://docs.openclaw.ai/troubleshooting
[2026-03-15 20:13:30] ✅ Gateway OK (RPC probe passed)
[2026-03-15 20:18:38] Watchdog check...
Cleanup hint: launchctl bootout gui/$UID/ai.openclaw.gateway
Cleanup hint: rm ~/Library/LaunchAgents/ai.openclaw.gateway.plist

Recommendation: run a single gateway per machine for most setups. One gateway supports multiple agents (see docs: /gateway#multiple-gateways-same-host).
If you need multiple gateways (e.g., a rescue bot on the same host), isolate ports + config/state (see docs: /gateway#multiple-gateways-same-host).

Troubles: run openclaw status
Troubleshooting: https://docs.openclaw.ai/troubleshooting
[2026-03-15 20:18:38] ✅ Gateway OK (RPC probe passed)
[2026-03-15 20:23:46] Watchdog check...
Cleanup hint: launchctl bootout gui/$UID/ai.openclaw.gateway
Cleanup hint: rm ~/Library/LaunchAgents/ai.openclaw.gateway.plist

Recommendation: run a single gateway per machine for most setups. One gateway supports multiple agents (see docs: /gateway#multiple-gateways-same-host).
If you need multiple gateways (e.g., a rescue bot on the same host), isolate ports + config/state (see docs: /gateway#multiple-gateways-same-host).

Troubles: run openclaw status
Troubleshooting: https://docs.openclaw.ai/troubleshooting
[2026-03-15 20:23:46] ✅ Gateway OK (RPC probe passed)
[2026-03-15 20:28:58] Watchdog check...
Cleanup hint: launchctl bootout gui/$UID/ai.openclaw.gateway
Cleanup hint: rm ~/Library/LaunchAgents/ai.openclaw.gateway.plist

Recommendation: run a single gateway per machine for most setups. One gateway supports multiple agents (see docs: /gateway#multiple-gateways-same-host).
If you need multiple gateways (e.g., a rescue bot on the same host), isolate ports + config/state (see docs: /gateway#multiple-gateways-same-host).

Troubles: run openclaw status
Troubleshooting: https://docs.openclaw.ai/troubleshooting
[2026-03-15 20:28:58] ✅ Gateway OK (RPC probe passed)
[2026-03-15 20:34:07] Watchdog check...
Cleanup hint: launchctl bootout gui/$UID/ai.openclaw.gateway
Cleanup hint: rm ~/Library/LaunchAgents/ai.openclaw.gateway.plist

Recommendation: run a single gateway per machine for most setups. One gateway supports multiple agents (see docs: /gateway#multiple-gateways-same-host).
If you need multiple gateways (e.g., a rescue bot on the same host), isolate ports + config/state (see docs: /gateway#multiple-gateways-same-host).

Troubles: run openclaw status
Troubleshooting: https://docs.openclaw.ai/troubleshooting
[2026-03-15 20:34:07] ✅ Gateway OK (RPC probe passed)
[2026-03-15 20:39:15] Watchdog check...
Cleanup hint: launchctl bootout gui/$UID/ai.openclaw.gateway
Cleanup hint: rm ~/Library/LaunchAgents/ai.openclaw.gateway.plist

Recommendation: run a single gateway per machine for most setups. One gateway supports multiple agents (see docs: /gateway#multiple-gateways-same-host).
If you need multiple gateways (e.g., a rescue bot on the same host), isolate ports + config/state (see docs: /gateway#multiple-gateways-same-host).

Troubles: run openclaw status
Troubleshooting: https://docs.openclaw.ai/troubleshooting
[2026-03-15 20:39:15] ✅ Gateway OK (RPC probe passed)
[2026-03-15 20:44:24] Watchdog check...
Cleanup hint: launchctl bootout gui/$UID/ai.openclaw.gateway
Cleanup hint: rm ~/Library/LaunchAgents/ai.openclaw.gateway.plist

Recommendation: run a single gateway per machine for most setups. One gateway supports multiple agents (see docs: /gateway#multiple-gateways-same-host).
If you need multiple gateways (e.g., a rescue bot on the same host), isolate ports + config/state (see docs: /gateway#multiple-gateways-same-host).

Troubles: run openclaw status
Troubleshooting: https://docs.openclaw.ai/troubleshooting
[2026-03-15 20:44:24] ✅ Gateway OK (RPC probe passed)
[2026-03-15 20:49:32] Watchdog check...
Cleanup hint: launchctl bootout gui/$UID/ai.openclaw.gateway
Cleanup hint: rm ~/Library/LaunchAgents/ai.openclaw.gateway.plist

Recommendation: run a single gateway per machine for most setups. One gateway supports multiple agents (see docs: /gateway#multiple-gateways-same-host).
If you need multiple gateways (e.g., a rescue bot on the same host), isolate ports + config/state (see docs: /gateway#multiple-gateways-same-host).

Troubles: run openclaw status
Troubleshooting: https://docs.openclaw.ai/troubleshooting
[2026-03-15 20:49:32] ✅ Gateway OK (RPC probe passed)
[2026-03-15 20:54:40] Watchdog check...
Cleanup hint: launchctl bootout gui/$UID/ai.openclaw.gateway
Cleanup hint: rm ~/Library/LaunchAgents/ai.openclaw.gateway.plist

Recommendation: run a single gateway per machine for most setups. One gateway supports multiple agents (see docs: /gateway#multiple-gateways-same-host).
If you need multiple gateways (e.g., a rescue bot on the same host), isolate ports + config/state (see docs: /gateway#multiple-gateways-same-host).

Troubles: run openclaw status
Troubleshooting: https://docs.openclaw.ai/troubleshooting
[2026-03-15 20:54:40] ✅ Gateway OK (RPC probe passed)
[2026-03-15 20:59:50] Watchdog check...
Cleanup hint: launchctl bootout gui/$UID/ai.openclaw.gateway
Cleanup hint: rm ~/Library/LaunchAgents/ai.openclaw.gateway.plist

Recommendation: run a single gateway per machine for most setups. One gateway supports multiple agents (see docs: /gateway#multiple-gateways-same-host).
If you need multiple gateways (e.g., a rescue bot on the same host), isolate ports + config/state (see docs: /gateway#multiple-gateways-same-host).

Troubles: run openclaw status
Troubleshooting: https://docs.openclaw.ai/troubleshooting
[2026-03-15 20:59:50] ✅ Gateway OK (RPC probe passed)
[2026-03-15 21:04:58] Watchdog check...
Cleanup hint: launchctl bootout gui/$UID/ai.openclaw.gateway
Cleanup hint: rm ~/Library/LaunchAgents/ai.openclaw.gateway.plist

Recommendation: run a single gateway per machine for most setups. One gateway supports multiple agents (see docs: /gateway#multiple-gateways-same-host).
If you need multiple gateways (e.g., a rescue bot on the same host), isolate ports + config/state (see docs: /gateway#multiple-gateways-same-host).

Troubles: run openclaw status
Troubleshooting: https://docs.openclaw.ai/troubleshooting
[2026-03-15 21:04:58] ✅ Gateway OK (RPC probe passed)
[2026-03-15 21:10:06] Watchdog check...
Cleanup hint: launchctl bootout gui/$UID/ai.openclaw.gateway
Cleanup hint: rm ~/Library/LaunchAgents/ai.openclaw.gateway.plist

Recommendation: run a single gateway per machine for most setups. One gateway supports multiple agents (see docs: /gateway#multiple-gateways-same-host).
If you need multiple gateways (e.g., a rescue bot on the same host), isolate ports + config/state (see docs: /gateway#multiple-gateways-same-host).

Troubles: run openclaw status
Troubleshooting: https://docs.openclaw.ai/troubleshooting
[2026-03-15 21:10:06] ✅ Gateway OK (RPC probe passed)
[2026-03-15 21:15:15] Watchdog check...
Cleanup hint: launchctl bootout gui/$UID/ai.openclaw.gateway
Cleanup hint: rm ~/Library/LaunchAgents/ai.openclaw.gateway.plist

Recommendation: run a single gateway per machine for most setups. One gateway supports multiple agents (see docs: /gateway#multiple-gateways-same-host).
If you need multiple gateways (e.g., a rescue bot on the same host), isolate ports + config/state (see docs: /gateway#multiple-gateways-same-host).

Troubles: run openclaw status
Troubleshooting: https://docs.openclaw.ai/troubleshooting
[2026-03-15 21:15:15] ✅ Gateway OK (RPC probe passed)
[2026-03-15 21:20:21] Watchdog check...
Cleanup hint: launchctl bootout gui/$UID/ai.openclaw.gateway
Cleanup hint: rm ~/Library/LaunchAgents/ai.openclaw.gateway.plist

Recommendation: run a single gateway per machine for most setups. One gateway supports multiple agents (see docs: /gateway#multiple-gateways-same-host).
If you need multiple gateways (e.g., a rescue bot on the same host), isolate ports + config/state (see docs: /gateway#multiple-gateways-same-host).

Troubles: run openclaw status
Troubleshooting: https://docs.openclaw.ai/troubleshooting
[2026-03-15 21:20:21] ✅ Gateway OK (RPC probe passed)
[2026-03-15 21:25:28] Watchdog check...
Cleanup hint: launchctl bootout gui/$UID/ai.openclaw.gateway
Cleanup hint: rm ~/Library/LaunchAgents/ai.openclaw.gateway.plist

Recommendation: run a single gateway per machine for most setups. One gateway supports multiple agents (see docs: /gateway#multiple-gateways-same-host).
If you need multiple gateways (e.g., a rescue bot on the same host), isolate ports + config/state (see docs: /gateway#multiple-gateways-same-host).

Troubles: run openclaw status
Troubleshooting: https://docs.openclaw.ai/troubleshooting
[2026-03-15 21:25:28] ✅ Gateway OK (RPC probe passed)
[2026-03-15 21:30:37] Watchdog check...
Cleanup hint: launchctl bootout gui/$UID/ai.openclaw.gateway
Cleanup hint: rm ~/Library/LaunchAgents/ai.openclaw.gateway.plist

Recommendation: run a single gateway per machine for most setups. One gateway supports multiple agents (see docs: /gateway#multiple-gateways-same-host).
If you need multiple gateways (e.g., a rescue bot on the same host), isolate ports + config/state (see docs: /gateway#multiple-gateways-same-host).

Troubles: run openclaw status
Troubleshooting: https://docs.openclaw.ai/troubleshooting
[2026-03-15 21:30:37] ✅ Gateway OK (RPC probe passed)
[2026-03-15 21:35:44] Watchdog check...
Cleanup hint: launchctl bootout gui/$UID/ai.openclaw.gateway
Cleanup hint: rm ~/Library/LaunchAgents/ai.openclaw.gateway.plist

Recommendation: run a single gateway per machine for most setups. One gateway supports multiple agents (see docs: /gateway#multiple-gateways-same-host).
If you need multiple gateways (e.g., a rescue bot on the same host), isolate ports + config/state (see docs: /gateway#multiple-gateways-same-host).

Troubles: run openclaw status
Troubleshooting: https://docs.openclaw.ai/troubleshooting
[2026-03-15 21:35:44] ✅ Gateway OK (RPC probe passed)
[2026-03-15 21:40:51] Watchdog check...
Cleanup hint: launchctl bootout gui/$UID/ai.openclaw.gateway
Cleanup hint: rm ~/Library/LaunchAgents/ai.openclaw.gateway.plist

Recommendation: run a single gateway per machine for most setups. One gateway supports multiple agents (see docs: /gateway#multiple-gateways-same-host).
If you need multiple gateways (e.g., a rescue bot on the same host), isolate ports + config/state (see docs: /gateway#multiple-gateways-same-host).

Troubles: run openclaw status
Troubleshooting: https://docs.openclaw.ai/troubleshooting
[2026-03-15 21:40:51] ✅ Gateway OK (RPC probe passed)
[2026-03-15 21:45:57] Watchdog check...
Cleanup hint: launchctl bootout gui/$UID/ai.openclaw.gateway
Cleanup hint: rm ~/Library/LaunchAgents/ai.openclaw.gateway.plist

Recommendation: run a single gateway per machine for most setups. One gateway supports multiple agents (see docs: /gateway#multiple-gateways-same-host).
If you need multiple gateways (e.g., a rescue bot on the same host), isolate ports + config/state (see docs: /gateway#multiple-gateways-same-host).

Troubles: run openclaw status
Troubleshooting: https://docs.openclaw.ai/troubleshooting
[2026-03-15 21:45:57] ✅ Gateway OK (RPC probe passed)
[2026-03-15 21:51:04] Watchdog check...
Cleanup hint: launchctl bootout gui/$UID/ai.openclaw.gateway
Cleanup hint: rm ~/Library/LaunchAgents/ai.openclaw.gateway.plist

Recommendation: run a single gateway per machine for most setups. One gateway supports multiple agents (see docs: /gateway#multiple-gateways-same-host).
If you need multiple gateways (e.g., a rescue bot on the same host), isolate ports + config/state (see docs: /gateway#multiple-gateways-same-host).

Troubles: run openclaw status
Troubleshooting: https://docs.openclaw.ai/troubleshooting
[2026-03-15 21:51:04] ✅ Gateway OK (RPC probe passed)
[2026-03-15 21:56:11] Watchdog check...
Cleanup hint: launchctl bootout gui/$UID/ai.openclaw.gateway
Cleanup hint: rm ~/Library/LaunchAgents/ai.openclaw.gateway.plist

Recommendation: run a single gateway per machine for most setups. One gateway supports multiple agents (see docs: /gateway#multiple-gateways-same-host).
If you need multiple gateways (e.g., a rescue bot on the same host), isolate ports + config/state (see docs: /gateway#multiple-gateways-same-host).

Troubles: run openclaw status
Troubleshooting: https://docs.openclaw.ai/troubleshooting
[2026-03-15 21:56:11] ✅ Gateway OK (RPC probe passed)
[2026-03-15 22:01:18] Watchdog check...
Cleanup hint: launchctl bootout gui/$UID/ai.openclaw.gateway
Cleanup hint: rm ~/Library/LaunchAgents/ai.openclaw.gateway.plist

Recommendation: run a single gateway per machine for most setups. One gateway supports multiple agents (see docs: /gateway#multiple-gateways-same-host).
If you need multiple gateways (e.g., a rescue bot on the same host), isolate ports + config/state (see docs: /gateway#multiple-gateways-same-host).

Troubles: run openclaw status
Troubleshooting: https://docs.openclaw.ai/troubleshooting
[2026-03-15 22:01:18] ✅ Gateway OK (RPC probe passed)
[2026-03-15 22:06:25] Watchdog check...
Cleanup hint: launchctl bootout gui/$UID/ai.openclaw.gateway
Cleanup hint: rm ~/Library/LaunchAgents/ai.openclaw.gateway.plist

Recommendation: run a single gateway per machine for most setups. One gateway supports multiple agents (see docs: /gateway#multiple-gateways-same-host).
If you need multiple gateways (e.g., a rescue bot on the same host), isolate ports + config/state (see docs: /gateway#multiple-gateways-same-host).

Troubles: run openclaw status
Troubleshooting: https://docs.openclaw.ai/troubleshooting
[2026-03-15 22:06:25] ✅ Gateway OK (RPC probe passed)
[2026-03-15 22:11:33] Watchdog check...
Cleanup hint: launchctl bootout gui/$UID/ai.openclaw.gateway
Cleanup hint: rm ~/Library/LaunchAgents/ai.openclaw.gateway.plist

Recommendation: run a single gateway per machine for most setups. One gateway supports multiple agents (see docs: /gateway#multiple-gateways-same-host).
If you need multiple gateways (e.g., a rescue bot on the same host), isolate ports + config/state (see docs: /gateway#multiple-gateways-same-host).

Troubles: run openclaw status
Troubleshooting: https://docs.openclaw.ai/troubleshooting
[2026-03-15 22:11:33] ✅ Gateway OK (RPC probe passed)
[2026-03-15 22:16:40] Watchdog check...
Cleanup hint: launchctl bootout gui/$UID/ai.openclaw.gateway
Cleanup hint: rm ~/Library/LaunchAgents/ai.openclaw.gateway.plist

Recommendation: run a single gateway per machine for most setups. One gateway supports multiple agents (see docs: /gateway#multiple-gateways-same-host).
If you need multiple gateways (e.g., a rescue bot on the same host), isolate ports + config/state (see docs: /gateway#multiple-gateways-same-host).

Troubles: run openclaw status
Troubleshooting: https://docs.openclaw.ai/troubleshooting
[2026-03-15 22:16:40] ✅ Gateway OK (RPC probe passed)
[2026-03-15 22:21:47] Watchdog check...
Cleanup hint: launchctl bootout gui/$UID/ai.openclaw.gateway
Cleanup hint: rm ~/Library/LaunchAgents/ai.openclaw.gateway.plist

Recommendation: run a single gateway per machine for most setups. One gateway supports multiple agents (see docs: /gateway#multiple-gateways-same-host).
If you need multiple gateways (e.g., a rescue bot on the same host), isolate ports + config/state (see docs: /gateway#multiple-gateways-same-host).

Troubles: run openclaw status
Troubleshooting: https://docs.openclaw.ai/troubleshooting
[2026-03-15 22:21:47] ✅ Gateway OK (RPC probe passed)
[2026-03-15 22:26:54] Watchdog check...
Cleanup hint: launchctl bootout gui/$UID/ai.openclaw.gateway
Cleanup hint: rm ~/Library/LaunchAgents/ai.openclaw.gateway.plist

Recommendation: run a single gateway per machine for most setups. One gateway supports multiple agents (see docs: /gateway#multiple-gateways-same-host).
If you need multiple gateways (e.g., a rescue bot on the same host), isolate ports + config/state (see docs: /gateway#multiple-gateways-same-host).

Troubles: run openclaw status
Troubleshooting: https://docs.openclaw.ai/troubleshooting
[2026-03-15 22:26:54] ✅ Gateway OK (RPC probe passed)
[2026-03-15 22:32:05] Watchdog check...
Cleanup hint: launchctl bootout gui/$UID/ai.openclaw.gateway
Cleanup hint: rm ~/Library/LaunchAgents/ai.openclaw.gateway.plist

Recommendation: run a single gateway per machine for most setups. One gateway supports multiple agents (see docs: /gateway#multiple-gateways-same-host).
If you need multiple gateways (e.g., a rescue bot on the same host), isolate ports + config/state (see docs: /gateway#multiple-gateways-same-host).

Troubles: run openclaw status
Troubleshooting: https://docs.openclaw.ai/troubleshooting
[2026-03-15 22:32:05] ✅ Gateway OK (RPC probe passed)
[2026-03-15 22:37:17] Watchdog check...
Cleanup hint: launchctl bootout gui/$UID/ai.openclaw.gateway
Cleanup hint: rm ~/Library/LaunchAgents/ai.openclaw.gateway.plist

Recommendation: run a single gateway per machine for most setups. One gateway supports multiple agents (see docs: /gateway#multiple-gateways-same-host).
If you need multiple gateways (e.g., a rescue bot on the same host), isolate ports + config/state (see docs: /gateway#multiple-gateways-same-host).

Troubles: run openclaw status
Troubleshooting: https://docs.openclaw.ai/troubleshooting
[2026-03-15 22:37:17] ✅ Gateway OK (RPC probe passed)
[2026-03-15 22:42:26] Watchdog check...
Cleanup hint: launchctl bootout gui/$UID/ai.openclaw.gateway
Cleanup hint: rm ~/Library/LaunchAgents/ai.openclaw.gateway.plist

Recommendation: run a single gateway per machine for most setups. One gateway supports multiple agents (see docs: /gateway#multiple-gateways-same-host).
If you need multiple gateways (e.g., a rescue bot on the same host), isolate ports + config/state (see docs: /gateway#multiple-gateways-same-host).

Troubles: run openclaw status
Troubleshooting: https://docs.openclaw.ai/troubleshooting
[2026-03-15 22:42:26] ✅ Gateway OK (RPC probe passed)
[2026-03-15 22:47:42] Watchdog check...
Cleanup hint: launchctl bootout gui/$UID/ai.openclaw.gateway
Cleanup hint: rm ~/Library/LaunchAgents/ai.openclaw.gateway.plist

Recommendation: run a single gateway per machine for most setups. One gateway supports multiple agents (see docs: /gateway#multiple-gateways-same-host).
If you need multiple gateways (e.g., a rescue bot on the same host), isolate ports + config/state (see docs: /gateway#multiple-gateways-same-host).

Troubles: run openclaw status
Troubleshooting: https://docs.openclaw.ai/troubleshooting
[2026-03-15 22:47:42] ✅ Gateway OK (RPC probe passed)
[2026-03-15 22:52:55] Watchdog check...
Cleanup hint: launchctl bootout gui/$UID/ai.openclaw.gateway
Cleanup hint: rm ~/Library/LaunchAgents/ai.openclaw.gateway.plist

Recommendation: run a single gateway per machine for most setups. One gateway supports multiple agents (see docs: /gateway#multiple-gateways-same-host).
If you need multiple gateways (e.g., a rescue bot on the same host), isolate ports + config/state (see docs: /gateway#multiple-gateways-same-host).

Troubles: run openclaw status
Troubleshooting: https://docs.openclaw.ai/troubleshooting
[2026-03-15 22:52:55] ✅ Gateway OK (RPC probe passed)
[2026-03-15 22:58:03] Watchdog check...
Cleanup hint: launchctl bootout gui/$UID/ai.openclaw.gateway
Cleanup hint: rm ~/Library/LaunchAgents/ai.openclaw.gateway.plist

Recommendation: run a single gateway per machine for most setups. One gateway supports multiple agents (see docs: /gateway#multiple-gateways-same-host).
If you need multiple gateways (e.g., a rescue bot on the same host), isolate ports + config/state (see docs: /gateway#multiple-gateways-same-host).

Troubles: run openclaw status
Troubleshooting: https://docs.openclaw.ai/troubleshooting
[2026-03-15 22:58:03] ✅ Gateway OK (RPC probe passed)
[2026-03-15 23:03:11] Watchdog check...
Cleanup hint: launchctl bootout gui/$UID/ai.openclaw.gateway
Cleanup hint: rm ~/Library/LaunchAgents/ai.openclaw.gateway.plist

Recommendation: run a single gateway per machine for most setups. One gateway supports multiple agents (see docs: /gateway#multiple-gateways-same-host).
If you need multiple gateways (e.g., a rescue bot on the same host), isolate ports + config/state (see docs: /gateway#multiple-gateways-same-host).

Troubles: run openclaw status
Troubleshooting: https://docs.openclaw.ai/troubleshooting
[2026-03-15 23:03:11] ✅ Gateway OK (RPC probe passed)
[2026-03-15 23:08:19] Watchdog check...
Cleanup hint: launchctl bootout gui/$UID/ai.openclaw.gateway
Cleanup hint: rm ~/Library/LaunchAgents/ai.openclaw.gateway.plist

Recommendation: run a single gateway per machine for most setups. One gateway supports multiple agents (see docs: /gateway#multiple-gateways-same-host).
If you need multiple gateways (e.g., a rescue bot on the same host), isolate ports + config/state (see docs: /gateway#multiple-gateways-same-host).

Troubles: run openclaw status
Troubleshooting: https://docs.openclaw.ai/troubleshooting
[2026-03-15 23:08:19] ✅ Gateway OK (RPC probe passed)
[2026-03-15 23:13:28] Watchdog check...
Cleanup hint: launchctl bootout gui/$UID/ai.openclaw.gateway
Cleanup hint: rm ~/Library/LaunchAgents/ai.openclaw.gateway.plist

Recommendation: run a single gateway per machine for most setups. One gateway supports multiple agents (see docs: /gateway#multiple-gateways-same-host).
If you need multiple gateways (e.g., a rescue bot on the same host), isolate ports + config/state (see docs: /gateway#multiple-gateways-same-host).

Troubles: run openclaw status
Troubleshooting: https://docs.openclaw.ai/troubleshooting
[2026-03-15 23:13:28] ✅ Gateway OK (RPC probe passed)
[2026-03-15 23:18:36] Watchdog check...
Cleanup hint: launchctl bootout gui/$UID/ai.openclaw.gateway
Cleanup hint: rm ~/Library/LaunchAgents/ai.openclaw.gateway.plist

Recommendation: run a single gateway per machine for most setups. One gateway supports multiple agents (see docs: /gateway#multiple-gateways-same-host).
If you need multiple gateways (e.g., a rescue bot on the same host), isolate ports + config/state (see docs: /gateway#multiple-gateways-same-host).

Troubles: run openclaw status
Troubleshooting: https://docs.openclaw.ai/troubleshooting
[2026-03-15 23:18:36] ✅ Gateway OK (RPC probe passed)
[2026-03-15 23:23:44] Watchdog check...
Cleanup hint: launchctl bootout gui/$UID/ai.openclaw.gateway
Cleanup hint: rm ~/Library/LaunchAgents/ai.openclaw.gateway.plist

Recommendation: run a single gateway per machine for most setups. One gateway supports multiple agents (see docs: /gateway#multiple-gateways-same-host).
If you need multiple gateways (e.g., a rescue bot on the same host), isolate ports + config/state (see docs: /gateway#multiple-gateways-same-host).

Troubles: run openclaw status
Troubleshooting: https://docs.openclaw.ai/troubleshooting
[2026-03-15 23:23:44] ✅ Gateway OK (RPC probe passed)
[2026-03-15 23:28:52] Watchdog check...
Cleanup hint: launchctl bootout gui/$UID/ai.openclaw.gateway
Cleanup hint: rm ~/Library/LaunchAgents/ai.openclaw.gateway.plist

Recommendation: run a single gateway per machine for most setups. One gateway supports multiple agents (see docs: /gateway#multiple-gateways-same-host).
If you need multiple gateways (e.g., a rescue bot on the same host), isolate ports + config/state (see docs: /gateway#multiple-gateways-same-host).

Troubles: run openclaw status
Troubleshooting: https://docs.openclaw.ai/troubleshooting
[2026-03-15 23:28:52] ✅ Gateway OK (RPC probe passed)
[2026-03-15 23:34:00] Watchdog check...
Cleanup hint: launchctl bootout gui/$UID/ai.openclaw.gateway
Cleanup hint: rm ~/Library/LaunchAgents/ai.openclaw.gateway.plist

Recommendation: run a single gateway per machine for most setups. One gateway supports multiple agents (see docs: /gateway#multiple-gateways-same-host).
If you need multiple gateways (e.g., a rescue bot on the same host), isolate ports + config/state (see docs: /gateway#multiple-gateways-same-host).

Troubles: run openclaw status
Troubleshooting: https://docs.openclaw.ai/troubleshooting
[2026-03-15 23:34:00] ✅ Gateway OK (RPC probe passed)
[2026-03-15 23:39:09] Watchdog check...
Cleanup hint: launchctl bootout gui/$UID/ai.openclaw.gateway
Cleanup hint: rm ~/Library/LaunchAgents/ai.openclaw.gateway.plist

Recommendation: run a single gateway per machine for most setups. One gateway supports multiple agents (see docs: /gateway#multiple-gateways-same-host).
If you need multiple gateways (e.g., a rescue bot on the same host), isolate ports + config/state (see docs: /gateway#multiple-gateways-same-host).

Troubles: run openclaw status
Troubleshooting: https://docs.openclaw.ai/troubleshooting
[2026-03-15 23:39:09] ✅ Gateway OK (RPC probe passed)
[2026-03-15 23:44:17] Watchdog check...
Cleanup hint: launchctl bootout gui/$UID/ai.openclaw.gateway
Cleanup hint: rm ~/Library/LaunchAgents/ai.openclaw.gateway.plist

Recommendation: run a single gateway per machine for most setups. One gateway supports multiple agents (see docs: /gateway#multiple-gateways-same-host).
If you need multiple gateways (e.g., a rescue bot on the same host), isolate ports + config/state (see docs: /gateway#multiple-gateways-same-host).

Troubles: run openclaw status
Troubleshooting: https://docs.openclaw.ai/troubleshooting
[2026-03-15 23:44:17] ✅ Gateway OK (RPC probe passed)
[2026-03-15 23:49:25] Watchdog check...
Cleanup hint: launchctl bootout gui/$UID/ai.openclaw.gateway
Cleanup hint: rm ~/Library/LaunchAgents/ai.openclaw.gateway.plist

Recommendation: run a single gateway per machine for most setups. One gateway supports multiple agents (see docs: /gateway#multiple-gateways-same-host).
If you need multiple gateways (e.g., a rescue bot on the same host), isolate ports + config/state (see docs: /gateway#multiple-gateways-same-host).

Troubles: run openclaw status
Troubleshooting: https://docs.openclaw.ai/troubleshooting
[2026-03-15 23:49:25] ❌ Gateway unhealthy, restarting LaunchAgent...
[2026-03-15 23:49:25] ✅ Gateway restarted by kickstart
[2026-03-15 23:54:42] Watchdog check...
Cleanup hint: launchctl bootout gui/$UID/ai.openclaw.gateway
Cleanup hint: rm ~/Library/LaunchAgents/ai.openclaw.gateway.plist

Recommendation: run a single gateway per machine for most setups. One gateway supports multiple agents (see docs: /gateway#multiple-gateways-same-host).
If you need multiple gateways (e.g., a rescue bot on the same host), isolate ports + config/state (see docs: /gateway#multiple-gateways-same-host).

Troubles: run openclaw status
Troubleshooting: https://docs.openclaw.ai/troubleshooting
[2026-03-15 23:54:42] ✅ Gateway OK (RPC probe passed)
[2026-03-15 23:59:51] Watchdog check...
Cleanup hint: launchctl bootout gui/$UID/ai.openclaw.gateway
Cleanup hint: rm ~/Library/LaunchAgents/ai.openclaw.gateway.plist

Recommendation: run a single gateway per machine for most setups. One gateway supports multiple agents (see docs: /gateway#multiple-gateways-same-host).
If you need multiple gateways (e.g., a rescue bot on the same host), isolate ports + config/state (see docs: /gateway#multiple-gateways-same-host).

Troubles: run openclaw status
Troubleshooting: https://docs.openclaw.ai/troubleshooting
[2026-03-15 23:59:51] ✅ Gateway OK (RPC probe passed)
[2026-03-16 00:04:59] Watchdog check...
Cleanup hint: launchctl bootout gui/$UID/ai.openclaw.gateway
Cleanup hint: rm ~/Library/LaunchAgents/ai.openclaw.gateway.plist

Recommendation: run a single gateway per machine for most setups. One gateway supports multiple agents (see docs: /gateway#multiple-gateways-same-host).
If you need multiple gateways (e.g., a rescue bot on the same host), isolate ports + config/state (see docs: /gateway#multiple-gateways-same-host).

Troubles: run openclaw status
Troubleshooting: https://docs.openclaw.ai/troubleshooting
[2026-03-16 00:04:59] ✅ Gateway OK (RPC probe passed)
[2026-03-16 00:10:08] Watchdog check...
Cleanup hint: launchctl bootout gui/$UID/ai.openclaw.gateway
Cleanup hint: rm ~/Library/LaunchAgents/ai.openclaw.gateway.plist

Recommendation: run a single gateway per machine for most setups. One gateway supports multiple agents (see docs: /gateway#multiple-gateways-same-host).
If you need multiple gateways (e.g., a rescue bot on the same host), isolate ports + config/state (see docs: /gateway#multiple-gateways-same-host).

Troubles: run openclaw status
Troubleshooting: https://docs.openclaw.ai/troubleshooting
[2026-03-16 00:10:08] ✅ Gateway OK (RPC probe passed)
[2026-03-16 00:15:16] Watchdog check...
Cleanup hint: launchctl bootout gui/$UID/ai.openclaw.gateway
Cleanup hint: rm ~/Library/LaunchAgents/ai.openclaw.gateway.plist

Recommendation: run a single gateway per machine for most setups. One gateway supports multiple agents (see docs: /gateway#multiple-gateways-same-host).
If you need multiple gateways (e.g., a rescue bot on the same host), isolate ports + config/state (see docs: /gateway#multiple-gateways-same-host).

Troubles: run openclaw status
Troubleshooting: https://docs.openclaw.ai/troubleshooting
[2026-03-16 00:15:16] ✅ Gateway OK (RPC probe passed)
[2026-03-16 00:20:26] Watchdog check...
Cleanup hint: launchctl bootout gui/$UID/ai.openclaw.gateway
Cleanup hint: rm ~/Library/LaunchAgents/ai.openclaw.gateway.plist

Recommendation: run a single gateway per machine for most setups. One gateway supports multiple agents (see docs: /gateway#multiple-gateways-same-host).
If you need multiple gateways (e.g., a rescue bot on the same host), isolate ports + config/state (see docs: /gateway#multiple-gateways-same-host).

Troubles: run openclaw status
Troubleshooting: https://docs.openclaw.ai/troubleshooting
[2026-03-16 00:20:26] ✅ Gateway OK (RPC probe passed)
[2026-03-16 00:25:35] Watchdog check...
Cleanup hint: launchctl bootout gui/$UID/ai.openclaw.gateway
Cleanup hint: rm ~/Library/LaunchAgents/ai.openclaw.gateway.plist

Recommendation: run a single gateway per machine for most setups. One gateway supports multiple agents (see docs: /gateway#multiple-gateways-same-host).
If you need multiple gateways (e.g., a rescue bot on the same host), isolate ports + config/state (see docs: /gateway#multiple-gateways-same-host).

Troubles: run openclaw status
Troubleshooting: https://docs.openclaw.ai/troubleshooting
[2026-03-16 00:25:35] ✅ Gateway OK (RPC probe passed)
[2026-03-16 00:30:43] Watchdog check...
Cleanup hint: launchctl bootout gui/$UID/ai.openclaw.gateway
Cleanup hint: rm ~/Library/LaunchAgents/ai.openclaw.gateway.plist

Recommendation: run a single gateway per machine for most setups. One gateway supports multiple agents (see docs: /gateway#multiple-gateways-same-host).
If you need multiple gateways (e.g., a rescue bot on the same host), isolate ports + config/state (see docs: /gateway#multiple-gateways-same-host).

Troubles: run openclaw status
Troubleshooting: https://docs.openclaw.ai/troubleshooting
[2026-03-16 00:30:43] ✅ Gateway OK (RPC probe passed)
[2026-03-16 00:35:52] Watchdog check...
Cleanup hint: launchctl bootout gui/$UID/ai.openclaw.gateway
Cleanup hint: rm ~/Library/LaunchAgents/ai.openclaw.gateway.plist

Recommendation: run a single gateway per machine for most setups. One gateway supports multiple agents (see docs: /gateway#multiple-gateways-same-host).
If you need multiple gateways (e.g., a rescue bot on the same host), isolate ports + config/state (see docs: /gateway#multiple-gateways-same-host).

Troubles: run openclaw status
Troubleshooting: https://docs.openclaw.ai/troubleshooting
[2026-03-16 00:35:52] ✅ Gateway OK (RPC probe passed)
[2026-03-16 00:41:01] Watchdog check...
Cleanup hint: launchctl bootout gui/$UID/ai.openclaw.gateway
Cleanup hint: rm ~/Library/LaunchAgents/ai.openclaw.gateway.plist

Recommendation: run a single gateway per machine for most setups. One gateway supports multiple agents (see docs: /gateway#multiple-gateways-same-host).
If you need multiple gateways (e.g., a rescue bot on the same host), isolate ports + config/state (see docs: /gateway#multiple-gateways-same-host).

Troubles: run openclaw status
Troubleshooting: https://docs.openclaw.ai/troubleshooting
[2026-03-16 00:41:01] ✅ Gateway OK (RPC probe passed)
[2026-03-16 00:46:10] Watchdog check...
Cleanup hint: launchctl bootout gui/$UID/ai.openclaw.gateway
Cleanup hint: rm ~/Library/LaunchAgents/ai.openclaw.gateway.plist

Recommendation: run a single gateway per machine for most setups. One gateway supports multiple agents (see docs: /gateway#multiple-gateways-same-host).
If you need multiple gateways (e.g., a rescue bot on the same host), isolate ports + config/state (see docs: /gateway#multiple-gateways-same-host).

Troubles: run openclaw status
Troubleshooting: https://docs.openclaw.ai/troubleshooting
[2026-03-16 00:46:10] ✅ Gateway OK (RPC probe passed)
[2026-03-16 00:51:19] Watchdog check...
Cleanup hint: launchctl bootout gui/$UID/ai.openclaw.gateway
Cleanup hint: rm ~/Library/LaunchAgents/ai.openclaw.gateway.plist

Recommendation: run a single gateway per machine for most setups. One gateway supports multiple agents (see docs: /gateway#multiple-gateways-same-host).
If you need multiple gateways (e.g., a rescue bot on the same host), isolate ports + config/state (see docs: /gateway#multiple-gateways-same-host).

Troubles: run openclaw status
Troubleshooting: https://docs.openclaw.ai/troubleshooting
[2026-03-16 00:51:19] ✅ Gateway OK (RPC probe passed)
[2026-03-16 00:56:29] Watchdog check...
Cleanup hint: launchctl bootout gui/$UID/ai.openclaw.gateway
Cleanup hint: rm ~/Library/LaunchAgents/ai.openclaw.gateway.plist

Recommendation: run a single gateway per machine for most setups. One gateway supports multiple agents (see docs: /gateway#multiple-gateways-same-host).
If you need multiple gateways (e.g., a rescue bot on the same host), isolate ports + config/state (see docs: /gateway#multiple-gateways-same-host).

Troubles: run openclaw status
Troubleshooting: https://docs.openclaw.ai/troubleshooting
[2026-03-16 00:56:29] ✅ Gateway OK (RPC probe passed)
[2026-03-16 01:01:37] Watchdog check...
Cleanup hint: launchctl bootout gui/$UID/ai.openclaw.gateway
Cleanup hint: rm ~/Library/LaunchAgents/ai.openclaw.gateway.plist

Recommendation: run a single gateway per machine for most setups. One gateway supports multiple agents (see docs: /gateway#multiple-gateways-same-host).
If you need multiple gateways (e.g., a rescue bot on the same host), isolate ports + config/state (see docs: /gateway#multiple-gateways-same-host).

Troubles: run openclaw status
Troubleshooting: https://docs.openclaw.ai/troubleshooting
[2026-03-16 01:01:37] ✅ Gateway OK (RPC probe passed)
[2026-03-16 01:06:45] Watchdog check...
Cleanup hint: launchctl bootout gui/$UID/ai.openclaw.gateway
Cleanup hint: rm ~/Library/LaunchAgents/ai.openclaw.gateway.plist

Recommendation: run a single gateway per machine for most setups. One gateway supports multiple agents (see docs: /gateway#multiple-gateways-same-host).
If you need multiple gateways (e.g., a rescue bot on the same host), isolate ports + config/state (see docs: /gateway#multiple-gateways-same-host).

Troubles: run openclaw status
Troubleshooting: https://docs.openclaw.ai/troubleshooting
[2026-03-16 01:06:45] ✅ Gateway OK (RPC probe passed)
[2026-03-16 01:11:54] Watchdog check...
Cleanup hint: launchctl bootout gui/$UID/ai.openclaw.gateway
Cleanup hint: rm ~/Library/LaunchAgents/ai.openclaw.gateway.plist

Recommendation: run a single gateway per machine for most setups. One gateway supports multiple agents (see docs: /gateway#multiple-gateways-same-host).
If you need multiple gateways (e.g., a rescue bot on the same host), isolate ports + config/state (see docs: /gateway#multiple-gateways-same-host).

Troubles: run openclaw status
Troubleshooting: https://docs.openclaw.ai/troubleshooting
[2026-03-16 01:11:54] ✅ Gateway OK (RPC probe passed)
[2026-03-16 01:17:02] Watchdog check...
Cleanup hint: launchctl bootout gui/$UID/ai.openclaw.gateway
Cleanup hint: rm ~/Library/LaunchAgents/ai.openclaw.gateway.plist

Recommendation: run a single gateway per machine for most setups. One gateway supports multiple agents (see docs: /gateway#multiple-gateways-same-host).
If you need multiple gateways (e.g., a rescue bot on the same host), isolate ports + config/state (see docs: /gateway#multiple-gateways-same-host).

Troubles: run openclaw status
Troubleshooting: https://docs.openclaw.ai/troubleshooting
[2026-03-16 01:17:02] ✅ Gateway OK (RPC probe passed)
[2026-03-16 01:22:11] Watchdog check...
Cleanup hint: launchctl bootout gui/$UID/ai.openclaw.gateway
Cleanup hint: rm ~/Library/LaunchAgents/ai.openclaw.gateway.plist

Recommendation: run a single gateway per machine for most setups. One gateway supports multiple agents (see docs: /gateway#multiple-gateways-same-host).
If you need multiple gateways (e.g., a rescue bot on the same host), isolate ports + config/state (see docs: /gateway#multiple-gateways-same-host).

Troubles: run openclaw status
Troubleshooting: https://docs.openclaw.ai/troubleshooting
[2026-03-16 01:22:11] ✅ Gateway OK (RPC probe passed)
[2026-03-16 01:27:19] Watchdog check...
Cleanup hint: launchctl bootout gui/$UID/ai.openclaw.gateway
Cleanup hint: rm ~/Library/LaunchAgents/ai.openclaw.gateway.plist

Recommendation: run a single gateway per machine for most setups. One gateway supports multiple agents (see docs: /gateway#multiple-gateways-same-host).
If you need multiple gateways (e.g., a rescue bot on the same host), isolate ports + config/state (see docs: /gateway#multiple-gateways-same-host).

Troubles: run openclaw status
Troubleshooting: https://docs.openclaw.ai/troubleshooting
[2026-03-16 01:27:19] ✅ Gateway OK (RPC probe passed)
[2026-03-16 01:32:27] Watchdog check...
Cleanup hint: launchctl bootout gui/$UID/ai.openclaw.gateway
Cleanup hint: rm ~/Library/LaunchAgents/ai.openclaw.gateway.plist

Recommendation: run a single gateway per machine for most setups. One gateway supports multiple agents (see docs: /gateway#multiple-gateways-same-host).
If you need multiple gateways (e.g., a rescue bot on the same host), isolate ports + config/state (see docs: /gateway#multiple-gateways-same-host).

Troubles: run openclaw status
Troubleshooting: https://docs.openclaw.ai/troubleshooting
[2026-03-16 01:32:27] ✅ Gateway OK (RPC probe passed)
[2026-03-16 01:37:36] Watchdog check...
Cleanup hint: launchctl bootout gui/$UID/ai.openclaw.gateway
Cleanup hint: rm ~/Library/LaunchAgents/ai.openclaw.gateway.plist

Recommendation: run a single gateway per machine for most setups. One gateway supports multiple agents (see docs: /gateway#multiple-gateways-same-host).
If you need multiple gateways (e.g., a rescue bot on the same host), isolate ports + config/state (see docs: /gateway#multiple-gateways-same-host).

Troubles: run openclaw status
Troubleshooting: https://docs.openclaw.ai/troubleshooting
[2026-03-16 01:37:36] ✅ Gateway OK (RPC probe passed)
[2026-03-16 01:42:44] Watchdog check...
Cleanup hint: launchctl bootout gui/$UID/ai.openclaw.gateway
Cleanup hint: rm ~/Library/LaunchAgents/ai.openclaw.gateway.plist

Recommendation: run a single gateway per machine for most setups. One gateway supports multiple agents (see docs: /gateway#multiple-gateways-same-host).
If you need multiple gateways (e.g., a rescue bot on the same host), isolate ports + config/state (see docs: /gateway#multiple-gateways-same-host).

Troubles: run openclaw status
Troubleshooting: https://docs.openclaw.ai/troubleshooting
[2026-03-16 01:42:44] ✅ Gateway OK (RPC probe passed)
[2026-03-16 01:47:52] Watchdog check...
Cleanup hint: launchctl bootout gui/$UID/ai.openclaw.gateway
Cleanup hint: rm ~/Library/LaunchAgents/ai.openclaw.gateway.plist

Recommendation: run a single gateway per machine for most setups. One gateway supports multiple agents (see docs: /gateway#multiple-gateways-same-host).
If you need multiple gateways (e.g., a rescue bot on the same host), isolate ports + config/state (see docs: /gateway#multiple-gateways-same-host).

Troubles: run openclaw status
Troubleshooting: https://docs.openclaw.ai/troubleshooting
[2026-03-16 01:47:52] ✅ Gateway OK (RPC probe passed)
[2026-03-16 01:53:01] Watchdog check...
Cleanup hint: launchctl bootout gui/$UID/ai.openclaw.gateway
Cleanup hint: rm ~/Library/LaunchAgents/ai.openclaw.gateway.plist

Recommendation: run a single gateway per machine for most setups. One gateway supports multiple agents (see docs: /gateway#multiple-gateways-same-host).
If you need multiple gateways (e.g., a rescue bot on the same host), isolate ports + config/state (see docs: /gateway#multiple-gateways-same-host).

Troubles: run openclaw status
Troubleshooting: https://docs.openclaw.ai/troubleshooting
[2026-03-16 01:53:01] ✅ Gateway OK (RPC probe passed)
[2026-03-16 01:58:10] Watchdog check...
Cleanup hint: launchctl bootout gui/$UID/ai.openclaw.gateway
Cleanup hint: rm ~/Library/LaunchAgents/ai.openclaw.gateway.plist

Recommendation: run a single gateway per machine for most setups. One gateway supports multiple agents (see docs: /gateway#multiple-gateways-same-host).
If you need multiple gateways (e.g., a rescue bot on the same host), isolate ports + config/state (see docs: /gateway#multiple-gateways-same-host).

Troubles: run openclaw status
Troubleshooting: https://docs.openclaw.ai/troubleshooting
[2026-03-16 01:58:10] ✅ Gateway OK (RPC probe passed)
[2026-03-16 02:03:18] Watchdog check...
Cleanup hint: launchctl bootout gui/$UID/ai.openclaw.gateway
Cleanup hint: rm ~/Library/LaunchAgents/ai.openclaw.gateway.plist

Recommendation: run a single gateway per machine for most setups. One gateway supports multiple agents (see docs: /gateway#multiple-gateways-same-host).
If you need multiple gateways (e.g., a rescue bot on the same host), isolate ports + config/state (see docs: /gateway#multiple-gateways-same-host).

Troubles: run openclaw status
Troubleshooting: https://docs.openclaw.ai/troubleshooting
[2026-03-16 02:03:18] ✅ Gateway OK (RPC probe passed)
[2026-03-16 02:08:27] Watchdog check...
Cleanup hint: launchctl bootout gui/$UID/ai.openclaw.gateway
Cleanup hint: rm ~/Library/LaunchAgents/ai.openclaw.gateway.plist

Recommendation: run a single gateway per machine for most setups. One gateway supports multiple agents (see docs: /gateway#multiple-gateways-same-host).
If you need multiple gateways (e.g., a rescue bot on the same host), isolate ports + config/state (see docs: /gateway#multiple-gateways-same-host).

Troubles: run openclaw status
Troubleshooting: https://docs.openclaw.ai/troubleshooting
[2026-03-16 02:08:27] ✅ Gateway OK (RPC probe passed)
[2026-03-16 02:13:35] Watchdog check...
Cleanup hint: launchctl bootout gui/$UID/ai.openclaw.gateway
Cleanup hint: rm ~/Library/LaunchAgents/ai.openclaw.gateway.plist

Recommendation: run a single gateway per machine for most setups. One gateway supports multiple agents (see docs: /gateway#multiple-gateways-same-host).
If you need multiple gateways (e.g., a rescue bot on the same host), isolate ports + config/state (see docs: /gateway#multiple-gateways-same-host).

Troubles: run openclaw status
Troubleshooting: https://docs.openclaw.ai/troubleshooting
[2026-03-16 02:13:35] ✅ Gateway OK (RPC probe passed)
[2026-03-16 02:18:44] Watchdog check...
Cleanup hint: launchctl bootout gui/$UID/ai.openclaw.gateway
Cleanup hint: rm ~/Library/LaunchAgents/ai.openclaw.gateway.plist

Recommendation: run a single gateway per machine for most setups. One gateway supports multiple agents (see docs: /gateway#multiple-gateways-same-host).
If you need multiple gateways (e.g., a rescue bot on the same host), isolate ports + config/state (see docs: /gateway#multiple-gateways-same-host).

Troubles: run openclaw status
Troubleshooting: https://docs.openclaw.ai/troubleshooting
[2026-03-16 02:18:44] ✅ Gateway OK (RPC probe passed)
[2026-03-16 02:23:52] Watchdog check...
Cleanup hint: launchctl bootout gui/$UID/ai.openclaw.gateway
Cleanup hint: rm ~/Library/LaunchAgents/ai.openclaw.gateway.plist

Recommendation: run a single gateway per machine for most setups. One gateway supports multiple agents (see docs: /gateway#multiple-gateways-same-host).
If you need multiple gateways (e.g., a rescue bot on the same host), isolate ports + config/state (see docs: /gateway#multiple-gateways-same-host).

Troubles: run openclaw status
Troubleshooting: https://docs.openclaw.ai/troubleshooting
[2026-03-16 02:23:52] ✅ Gateway OK (RPC probe passed)
[2026-03-16 02:29:01] Watchdog check...
Cleanup hint: launchctl bootout gui/$UID/ai.openclaw.gateway
Cleanup hint: rm ~/Library/LaunchAgents/ai.openclaw.gateway.plist

Recommendation: run a single gateway per machine for most setups. One gateway supports multiple agents (see docs: /gateway#multiple-gateways-same-host).
If you need multiple gateways (e.g., a rescue bot on the same host), isolate ports + config/state (see docs: /gateway#multiple-gateways-same-host).

Troubles: run openclaw status
Troubleshooting: https://docs.openclaw.ai/troubleshooting
[2026-03-16 02:29:01] ✅ Gateway OK (RPC probe passed)
[2026-03-16 02:34:09] Watchdog check...
Cleanup hint: launchctl bootout gui/$UID/ai.openclaw.gateway
Cleanup hint: rm ~/Library/LaunchAgents/ai.openclaw.gateway.plist

Recommendation: run a single gateway per machine for most setups. One gateway supports multiple agents (see docs: /gateway#multiple-gateways-same-host).
If you need multiple gateways (e.g., a rescue bot on the same host), isolate ports + config/state (see docs: /gateway#multiple-gateways-same-host).

Troubles: run openclaw status
Troubleshooting: https://docs.openclaw.ai/troubleshooting
[2026-03-16 02:34:09] ✅ Gateway OK (RPC probe passed)
[2026-03-16 02:39:17] Watchdog check...
Cleanup hint: launchctl bootout gui/$UID/ai.openclaw.gateway
Cleanup hint: rm ~/Library/LaunchAgents/ai.openclaw.gateway.plist

Recommendation: run a single gateway per machine for most setups. One gateway supports multiple agents (see docs: /gateway#multiple-gateways-same-host).
If you need multiple gateways (e.g., a rescue bot on the same host), isolate ports + config/state (see docs: /gateway#multiple-gateways-same-host).

Troubles: run openclaw status
Troubleshooting: https://docs.openclaw.ai/troubleshooting
[2026-03-16 02:39:17] ✅ Gateway OK (RPC probe passed)
[2026-03-16 02:44:27] Watchdog check...
Cleanup hint: launchctl bootout gui/$UID/ai.openclaw.gateway
Cleanup hint: rm ~/Library/LaunchAgents/ai.openclaw.gateway.plist

Recommendation: run a single gateway per machine for most setups. One gateway supports multiple agents (see docs: /gateway#multiple-gateways-same-host).
If you need multiple gateways (e.g., a rescue bot on the same host), isolate ports + config/state (see docs: /gateway#multiple-gateways-same-host).

Troubles: run openclaw status
Troubleshooting: https://docs.openclaw.ai/troubleshooting
[2026-03-16 02:44:27] ✅ Gateway OK (RPC probe passed)
[2026-03-16 02:49:36] Watchdog check...
Cleanup hint: launchctl bootout gui/$UID/ai.openclaw.gateway
Cleanup hint: rm ~/Library/LaunchAgents/ai.openclaw.gateway.plist

Recommendation: run a single gateway per machine for most setups. One gateway supports multiple agents (see docs: /gateway#multiple-gateways-same-host).
If you need multiple gateways (e.g., a rescue bot on the same host), isolate ports + config/state (see docs: /gateway#multiple-gateways-same-host).

Troubles: run openclaw status
Troubleshooting: https://docs.openclaw.ai/troubleshooting
[2026-03-16 02:49:36] ✅ Gateway OK (RPC probe passed)
[2026-03-16 02:54:44] Watchdog check...
Cleanup hint: launchctl bootout gui/$UID/ai.openclaw.gateway
Cleanup hint: rm ~/Library/LaunchAgents/ai.openclaw.gateway.plist

Recommendation: run a single gateway per machine for most setups. One gateway supports multiple agents (see docs: /gateway#multiple-gateways-same-host).
If you need multiple gateways (e.g., a rescue bot on the same host), isolate ports + config/state (see docs: /gateway#multiple-gateways-same-host).

Troubles: run openclaw status
Troubleshooting: https://docs.openclaw.ai/troubleshooting
[2026-03-16 02:54:44] ✅ Gateway OK (RPC probe passed)
[2026-03-16 02:59:52] Watchdog check...
Cleanup hint: launchctl bootout gui/$UID/ai.openclaw.gateway
Cleanup hint: rm ~/Library/LaunchAgents/ai.openclaw.gateway.plist

Recommendation: run a single gateway per machine for most setups. One gateway supports multiple agents (see docs: /gateway#multiple-gateways-same-host).
If you need multiple gateways (e.g., a rescue bot on the same host), isolate ports + config/state (see docs: /gateway#multiple-gateways-same-host).

Troubles: run openclaw status
Troubleshooting: https://docs.openclaw.ai/troubleshooting
[2026-03-16 02:59:52] ✅ Gateway OK (RPC probe passed)
[2026-03-16 03:05:02] Watchdog check...
Cleanup hint: launchctl bootout gui/$UID/ai.openclaw.gateway
Cleanup hint: rm ~/Library/LaunchAgents/ai.openclaw.gateway.plist

Recommendation: run a single gateway per machine for most setups. One gateway supports multiple agents (see docs: /gateway#multiple-gateways-same-host).
If you need multiple gateways (e.g., a rescue bot on the same host), isolate ports + config/state (see docs: /gateway#multiple-gateways-same-host).

Troubles: run openclaw status
Troubleshooting: https://docs.openclaw.ai/troubleshooting
[2026-03-16 03:05:02] ✅ Gateway OK (RPC probe passed)
[2026-03-16 03:10:10] Watchdog check...
Cleanup hint: launchctl bootout gui/$UID/ai.openclaw.gateway
Cleanup hint: rm ~/Library/LaunchAgents/ai.openclaw.gateway.plist

Recommendation: run a single gateway per machine for most setups. One gateway supports multiple agents (see docs: /gateway#multiple-gateways-same-host).
If you need multiple gateways (e.g., a rescue bot on the same host), isolate ports + config/state (see docs: /gateway#multiple-gateways-same-host).

Troubles: run openclaw status
Troubleshooting: https://docs.openclaw.ai/troubleshooting
[2026-03-16 03:10:10] ✅ Gateway OK (RPC probe passed)
[2026-03-16 03:15:19] Watchdog check...
Cleanup hint: launchctl bootout gui/$UID/ai.openclaw.gateway
Cleanup hint: rm ~/Library/LaunchAgents/ai.openclaw.gateway.plist

Recommendation: run a single gateway per machine for most setups. One gateway supports multiple agents (see docs: /gateway#multiple-gateways-same-host).
If you need multiple gateways (e.g., a rescue bot on the same host), isolate ports + config/state (see docs: /gateway#multiple-gateways-same-host).

Troubles: run openclaw status
Troubleshooting: https://docs.openclaw.ai/troubleshooting
[2026-03-16 03:15:19] ✅ Gateway OK (RPC probe passed)
[2026-03-16 03:20:28] Watchdog check...
Cleanup hint: launchctl bootout gui/$UID/ai.openclaw.gateway
Cleanup hint: rm ~/Library/LaunchAgents/ai.openclaw.gateway.plist

Recommendation: run a single gateway per machine for most setups. One gateway supports multiple agents (see docs: /gateway#multiple-gateways-same-host).
If you need multiple gateways (e.g., a rescue bot on the same host), isolate ports + config/state (see docs: /gateway#multiple-gateways-same-host).

Troubles: run openclaw status
Troubleshooting: https://docs.openclaw.ai/troubleshooting
[2026-03-16 03:20:28] ✅ Gateway OK (RPC probe passed)
[2026-03-16 03:25:36] Watchdog check...
Cleanup hint: launchctl bootout gui/$UID/ai.openclaw.gateway
Cleanup hint: rm ~/Library/LaunchAgents/ai.openclaw.gateway.plist

Recommendation: run a single gateway per machine for most setups. One gateway supports multiple agents (see docs: /gateway#multiple-gateways-same-host).
If you need multiple gateways (e.g., a rescue bot on the same host), isolate ports + config/state (see docs: /gateway#multiple-gateways-same-host).

Troubles: run openclaw status
Troubleshooting: https://docs.openclaw.ai/troubleshooting
[2026-03-16 03:25:36] ✅ Gateway OK (RPC probe passed)
[2026-03-16 03:30:45] Watchdog check...
Cleanup hint: launchctl bootout gui/$UID/ai.openclaw.gateway
Cleanup hint: rm ~/Library/LaunchAgents/ai.openclaw.gateway.plist

Recommendation: run a single gateway per machine for most setups. One gateway supports multiple agents (see docs: /gateway#multiple-gateways-same-host).
If you need multiple gateways (e.g., a rescue bot on the same host), isolate ports + config/state (see docs: /gateway#multiple-gateways-same-host).

Troubles: run openclaw status
Troubleshooting: https://docs.openclaw.ai/troubleshooting
[2026-03-16 03:30:45] ✅ Gateway OK (RPC probe passed)
[2026-03-16 03:35:54] Watchdog check...
Cleanup hint: launchctl bootout gui/$UID/ai.openclaw.gateway
Cleanup hint: rm ~/Library/LaunchAgents/ai.openclaw.gateway.plist

Recommendation: run a single gateway per machine for most setups. One gateway supports multiple agents (see docs: /gateway#multiple-gateways-same-host).
If you need multiple gateways (e.g., a rescue bot on the same host), isolate ports + config/state (see docs: /gateway#multiple-gateways-same-host).

Troubles: run openclaw status
Troubleshooting: https://docs.openclaw.ai/troubleshooting
[2026-03-16 03:35:54] ✅ Gateway OK (RPC probe passed)
[2026-03-16 03:41:04] Watchdog check...
Cleanup hint: launchctl bootout gui/$UID/ai.openclaw.gateway
Cleanup hint: rm ~/Library/LaunchAgents/ai.openclaw.gateway.plist

Recommendation: run a single gateway per machine for most setups. One gateway supports multiple agents (see docs: /gateway#multiple-gateways-same-host).
If you need multiple gateways (e.g., a rescue bot on the same host), isolate ports + config/state (see docs: /gateway#multiple-gateways-same-host).

Troubles: run openclaw status
Troubleshooting: https://docs.openclaw.ai/troubleshooting
[2026-03-16 03:41:04] ✅ Gateway OK (RPC probe passed)
[2026-03-16 03:46:13] Watchdog check...
Cleanup hint: launchctl bootout gui/$UID/ai.openclaw.gateway
Cleanup hint: rm ~/Library/LaunchAgents/ai.openclaw.gateway.plist

Recommendation: run a single gateway per machine for most setups. One gateway supports multiple agents (see docs: /gateway#multiple-gateways-same-host).
If you need multiple gateways (e.g., a rescue bot on the same host), isolate ports + config/state (see docs: /gateway#multiple-gateways-same-host).

Troubles: run openclaw status
Troubleshooting: https://docs.openclaw.ai/troubleshooting
[2026-03-16 03:46:13] ✅ Gateway OK (RPC probe passed)
[2026-03-16 03:51:21] Watchdog check...
Cleanup hint: launchctl bootout gui/$UID/ai.openclaw.gateway
Cleanup hint: rm ~/Library/LaunchAgents/ai.openclaw.gateway.plist

Recommendation: run a single gateway per machine for most setups. One gateway supports multiple agents (see docs: /gateway#multiple-gateways-same-host).
If you need multiple gateways (e.g., a rescue bot on the same host), isolate ports + config/state (see docs: /gateway#multiple-gateways-same-host).

Troubles: run openclaw status
Troubleshooting: https://docs.openclaw.ai/troubleshooting
[2026-03-16 03:51:21] ✅ Gateway OK (RPC probe passed)
[2026-03-16 03:56:29] Watchdog check...
Cleanup hint: launchctl bootout gui/$UID/ai.openclaw.gateway
Cleanup hint: rm ~/Library/LaunchAgents/ai.openclaw.gateway.plist

Recommendation: run a single gateway per machine for most setups. One gateway supports multiple agents (see docs: /gateway#multiple-gateways-same-host).
If you need multiple gateways (e.g., a rescue bot on the same host), isolate ports + config/state (see docs: /gateway#multiple-gateways-same-host).

Troubles: run openclaw status
Troubleshooting: https://docs.openclaw.ai/troubleshooting
[2026-03-16 03:56:29] ✅ Gateway OK (RPC probe passed)
[2026-03-16 04:01:38] Watchdog check...
Cleanup hint: launchctl bootout gui/$UID/ai.openclaw.gateway
Cleanup hint: rm ~/Library/LaunchAgents/ai.openclaw.gateway.plist

Recommendation: run a single gateway per machine for most setups. One gateway supports multiple agents (see docs: /gateway#multiple-gateways-same-host).
If you need multiple gateways (e.g., a rescue bot on the same host), isolate ports + config/state (see docs: /gateway#multiple-gateways-same-host).

Troubles: run openclaw status
Troubleshooting: https://docs.openclaw.ai/troubleshooting
[2026-03-16 04:01:38] ✅ Gateway OK (RPC probe passed)
[2026-03-16 04:06:49] Watchdog check...
Cleanup hint: launchctl bootout gui/$UID/ai.openclaw.gateway
Cleanup hint: rm ~/Library/LaunchAgents/ai.openclaw.gateway.plist

Recommendation: run a single gateway per machine for most setups. One gateway supports multiple agents (see docs: /gateway#multiple-gateways-same-host).
If you need multiple gateways (e.g., a rescue bot on the same host), isolate ports + config/state (see docs: /gateway#multiple-gateways-same-host).

Troubles: run openclaw status
Troubleshooting: https://docs.openclaw.ai/troubleshooting
[2026-03-16 04:06:49] ✅ Gateway OK (RPC probe passed)
[2026-03-16 04:11:57] Watchdog check...
Cleanup hint: launchctl bootout gui/$UID/ai.openclaw.gateway
Cleanup hint: rm ~/Library/LaunchAgents/ai.openclaw.gateway.plist

Recommendation: run a single gateway per machine for most setups. One gateway supports multiple agents (see docs: /gateway#multiple-gateways-same-host).
If you need multiple gateways (e.g., a rescue bot on the same host), isolate ports + config/state (see docs: /gateway#multiple-gateways-same-host).

Troubles: run openclaw status
Troubleshooting: https://docs.openclaw.ai/troubleshooting
[2026-03-16 04:11:57] ✅ Gateway OK (RPC probe passed)
[2026-03-16 04:17:05] Watchdog check...
Cleanup hint: launchctl bootout gui/$UID/ai.openclaw.gateway
Cleanup hint: rm ~/Library/LaunchAgents/ai.openclaw.gateway.plist

Recommendation: run a single gateway per machine for most setups. One gateway supports multiple agents (see docs: /gateway#multiple-gateways-same-host).
If you need multiple gateways (e.g., a rescue bot on the same host), isolate ports + config/state (see docs: /gateway#multiple-gateways-same-host).

Troubles: run openclaw status
Troubleshooting: https://docs.openclaw.ai/troubleshooting
[2026-03-16 04:17:05] ✅ Gateway OK (RPC probe passed)
[2026-03-16 04:22:13] Watchdog check...
Cleanup hint: launchctl bootout gui/$UID/ai.openclaw.gateway
Cleanup hint: rm ~/Library/LaunchAgents/ai.openclaw.gateway.plist

Recommendation: run a single gateway per machine for most setups. One gateway supports multiple agents (see docs: /gateway#multiple-gateways-same-host).
If you need multiple gateways (e.g., a rescue bot on the same host), isolate ports + config/state (see docs: /gateway#multiple-gateways-same-host).

Troubles: run openclaw status
Troubleshooting: https://docs.openclaw.ai/troubleshooting
[2026-03-16 04:22:13] ✅ Gateway OK (RPC probe passed)
[2026-03-16 04:27:22] Watchdog check...
Cleanup hint: launchctl bootout gui/$UID/ai.openclaw.gateway
Cleanup hint: rm ~/Library/LaunchAgents/ai.openclaw.gateway.plist

Recommendation: run a single gateway per machine for most setups. One gateway supports multiple agents (see docs: /gateway#multiple-gateways-same-host).
If you need multiple gateways (e.g., a rescue bot on the same host), isolate ports + config/state (see docs: /gateway#multiple-gateways-same-host).

Troubles: run openclaw status
Troubleshooting: https://docs.openclaw.ai/troubleshooting
[2026-03-16 04:27:22] ✅ Gateway OK (RPC probe passed)
[2026-03-16 04:32:30] Watchdog check...
Cleanup hint: launchctl bootout gui/$UID/ai.openclaw.gateway
Cleanup hint: rm ~/Library/LaunchAgents/ai.openclaw.gateway.plist

Recommendation: run a single gateway per machine for most setups. One gateway supports multiple agents (see docs: /gateway#multiple-gateways-same-host).
If you need multiple gateways (e.g., a rescue bot on the same host), isolate ports + config/state (see docs: /gateway#multiple-gateways-same-host).

Troubles: run openclaw status
Troubleshooting: https://docs.openclaw.ai/troubleshooting
[2026-03-16 04:32:30] ✅ Gateway OK (RPC probe passed)
[2026-03-16 04:37:40] Watchdog check...
Cleanup hint: launchctl bootout gui/$UID/ai.openclaw.gateway
Cleanup hint: rm ~/Library/LaunchAgents/ai.openclaw.gateway.plist

Recommendation: run a single gateway per machine for most setups. One gateway supports multiple agents (see docs: /gateway#multiple-gateways-same-host).
If you need multiple gateways (e.g., a rescue bot on the same host), isolate ports + config/state (see docs: /gateway#multiple-gateways-same-host).

Troubles: run openclaw status
Troubleshooting: https://docs.openclaw.ai/troubleshooting
[2026-03-16 04:37:40] ✅ Gateway OK (RPC probe passed)
[2026-03-16 04:42:48] Watchdog check...
Cleanup hint: launchctl bootout gui/$UID/ai.openclaw.gateway
Cleanup hint: rm ~/Library/LaunchAgents/ai.openclaw.gateway.plist

Recommendation: run a single gateway per machine for most setups. One gateway supports multiple agents (see docs: /gateway#multiple-gateways-same-host).
If you need multiple gateways (e.g., a rescue bot on the same host), isolate ports + config/state (see docs: /gateway#multiple-gateways-same-host).

Troubles: run openclaw status
Troubleshooting: https://docs.openclaw.ai/troubleshooting
[2026-03-16 04:42:48] ✅ Gateway OK (RPC probe passed)
[2026-03-16 04:47:57] Watchdog check...
Cleanup hint: launchctl bootout gui/$UID/ai.openclaw.gateway
Cleanup hint: rm ~/Library/LaunchAgents/ai.openclaw.gateway.plist

Recommendation: run a single gateway per machine for most setups. One gateway supports multiple agents (see docs: /gateway#multiple-gateways-same-host).
If you need multiple gateways (e.g., a rescue bot on the same host), isolate ports + config/state (see docs: /gateway#multiple-gateways-same-host).

Troubles: run openclaw status
Troubleshooting: https://docs.openclaw.ai/troubleshooting
[2026-03-16 04:47:57] ✅ Gateway OK (RPC probe passed)
[2026-03-16 04:53:05] Watchdog check...
Cleanup hint: launchctl bootout gui/$UID/ai.openclaw.gateway
Cleanup hint: rm ~/Library/LaunchAgents/ai.openclaw.gateway.plist

Recommendation: run a single gateway per machine for most setups. One gateway supports multiple agents (see docs: /gateway#multiple-gateways-same-host).
If you need multiple gateways (e.g., a rescue bot on the same host), isolate ports + config/state (see docs: /gateway#multiple-gateways-same-host).

Troubles: run openclaw status
Troubleshooting: https://docs.openclaw.ai/troubleshooting
[2026-03-16 04:53:05] ✅ Gateway OK (RPC probe passed)
[2026-03-16 04:58:14] Watchdog check...
Cleanup hint: launchctl bootout gui/$UID/ai.openclaw.gateway
Cleanup hint: rm ~/Library/LaunchAgents/ai.openclaw.gateway.plist

Recommendation: run a single gateway per machine for most setups. One gateway supports multiple agents (see docs: /gateway#multiple-gateways-same-host).
If you need multiple gateways (e.g., a rescue bot on the same host), isolate ports + config/state (see docs: /gateway#multiple-gateways-same-host).

Troubles: run openclaw status
Troubleshooting: https://docs.openclaw.ai/troubleshooting
[2026-03-16 04:58:14] ✅ Gateway OK (RPC probe passed)
[2026-03-16 05:03:22] Watchdog check...
Cleanup hint: launchctl bootout gui/$UID/ai.openclaw.gateway
Cleanup hint: rm ~/Library/LaunchAgents/ai.openclaw.gateway.plist

Recommendation: run a single gateway per machine for most setups. One gateway supports multiple agents (see docs: /gateway#multiple-gateways-same-host).
If you need multiple gateways (e.g., a rescue bot on the same host), isolate ports + config/state (see docs: /gateway#multiple-gateways-same-host).

Troubles: run openclaw status
Troubleshooting: https://docs.openclaw.ai/troubleshooting
[2026-03-16 05:03:22] ✅ Gateway OK (RPC probe passed)
[2026-03-16 05:08:32] Watchdog check...
Cleanup hint: launchctl bootout gui/$UID/ai.openclaw.gateway
Cleanup hint: rm ~/Library/LaunchAgents/ai.openclaw.gateway.plist

Recommendation: run a single gateway per machine for most setups. One gateway supports multiple agents (see docs: /gateway#multiple-gateways-same-host).
If you need multiple gateways (e.g., a rescue bot on the same host), isolate ports + config/state (see docs: /gateway#multiple-gateways-same-host).

Troubles: run openclaw status
Troubleshooting: https://docs.openclaw.ai/troubleshooting
[2026-03-16 05:08:32] ✅ Gateway OK (RPC probe passed)
[2026-03-16 05:13:40] Watchdog check...
Cleanup hint: launchctl bootout gui/$UID/ai.openclaw.gateway
Cleanup hint: rm ~/Library/LaunchAgents/ai.openclaw.gateway.plist

Recommendation: run a single gateway per machine for most setups. One gateway supports multiple agents (see docs: /gateway#multiple-gateways-same-host).
If you need multiple gateways (e.g., a rescue bot on the same host), isolate ports + config/state (see docs: /gateway#multiple-gateways-same-host).

Troubles: run openclaw status
Troubleshooting: https://docs.openclaw.ai/troubleshooting
[2026-03-16 05:13:40] ✅ Gateway OK (RPC probe passed)
[2026-03-16 05:18:49] Watchdog check...
Cleanup hint: launchctl bootout gui/$UID/ai.openclaw.gateway
Cleanup hint: rm ~/Library/LaunchAgents/ai.openclaw.gateway.plist

Recommendation: run a single gateway per machine for most setups. One gateway supports multiple agents (see docs: /gateway#multiple-gateways-same-host).
If you need multiple gateways (e.g., a rescue bot on the same host), isolate ports + config/state (see docs: /gateway#multiple-gateways-same-host).

Troubles: run openclaw status
Troubleshooting: https://docs.openclaw.ai/troubleshooting
[2026-03-16 05:18:49] ✅ Gateway OK (RPC probe passed)
[2026-03-16 05:23:59] Watchdog check...
Cleanup hint: launchctl bootout gui/$UID/ai.openclaw.gateway
Cleanup hint: rm ~/Library/LaunchAgents/ai.openclaw.gateway.plist

Recommendation: run a single gateway per machine for most setups. One gateway supports multiple agents (see docs: /gateway#multiple-gateways-same-host).
If you need multiple gateways (e.g., a rescue bot on the same host), isolate ports + config/state (see docs: /gateway#multiple-gateways-same-host).

Troubles: run openclaw status
Troubleshooting: https://docs.openclaw.ai/troubleshooting
[2026-03-16 05:23:59] ✅ Gateway OK (RPC probe passed)
[2026-03-16 05:29:08] Watchdog check...
Cleanup hint: launchctl bootout gui/$UID/ai.openclaw.gateway
Cleanup hint: rm ~/Library/LaunchAgents/ai.openclaw.gateway.plist

Recommendation: run a single gateway per machine for most setups. One gateway supports multiple agents (see docs: /gateway#multiple-gateways-same-host).
If you need multiple gateways (e.g., a rescue bot on the same host), isolate ports + config/state (see docs: /gateway#multiple-gateways-same-host).

Troubles: run openclaw status
Troubleshooting: https://docs.openclaw.ai/troubleshooting
[2026-03-16 05:29:08] ✅ Gateway OK (RPC probe passed)
[2026-03-16 05:34:16] Watchdog check...
Cleanup hint: launchctl bootout gui/$UID/ai.openclaw.gateway
Cleanup hint: rm ~/Library/LaunchAgents/ai.openclaw.gateway.plist

Recommendation: run a single gateway per machine for most setups. One gateway supports multiple agents (see docs: /gateway#multiple-gateways-same-host).
If you need multiple gateways (e.g., a rescue bot on the same host), isolate ports + config/state (see docs: /gateway#multiple-gateways-same-host).

Troubles: run openclaw status
Troubleshooting: https://docs.openclaw.ai/troubleshooting
[2026-03-16 05:34:16] ✅ Gateway OK (RPC probe passed)
[2026-03-16 05:39:24] Watchdog check...
Cleanup hint: launchctl bootout gui/$UID/ai.openclaw.gateway
Cleanup hint: rm ~/Library/LaunchAgents/ai.openclaw.gateway.plist

Recommendation: run a single gateway per machine for most setups. One gateway supports multiple agents (see docs: /gateway#multiple-gateways-same-host).
If you need multiple gateways (e.g., a rescue bot on the same host), isolate ports + config/state (see docs: /gateway#multiple-gateways-same-host).

Troubles: run openclaw status
Troubleshooting: https://docs.openclaw.ai/troubleshooting
[2026-03-16 05:39:24] ✅ Gateway OK (RPC probe passed)
[2026-03-16 05:44:34] Watchdog check...
Cleanup hint: launchctl bootout gui/$UID/ai.openclaw.gateway
Cleanup hint: rm ~/Library/LaunchAgents/ai.openclaw.gateway.plist

Recommendation: run a single gateway per machine for most setups. One gateway supports multiple agents (see docs: /gateway#multiple-gateways-same-host).
If you need multiple gateways (e.g., a rescue bot on the same host), isolate ports + config/state (see docs: /gateway#multiple-gateways-same-host).

Troubles: run openclaw status
Troubleshooting: https://docs.openclaw.ai/troubleshooting
[2026-03-16 05:44:34] ✅ Gateway OK (RPC probe passed)
[2026-03-16 05:49:42] Watchdog check...
Cleanup hint: launchctl bootout gui/$UID/ai.openclaw.gateway
Cleanup hint: rm ~/Library/LaunchAgents/ai.openclaw.gateway.plist

Recommendation: run a single gateway per machine for most setups. One gateway supports multiple agents (see docs: /gateway#multiple-gateways-same-host).
If you need multiple gateways (e.g., a rescue bot on the same host), isolate ports + config/state (see docs: /gateway#multiple-gateways-same-host).

Troubles: run openclaw status
Troubleshooting: https://docs.openclaw.ai/troubleshooting
[2026-03-16 05:49:42] ✅ Gateway OK (RPC probe passed)
[2026-03-16 05:54:50] Watchdog check...
Cleanup hint: launchctl bootout gui/$UID/ai.openclaw.gateway
Cleanup hint: rm ~/Library/LaunchAgents/ai.openclaw.gateway.plist

Recommendation: run a single gateway per machine for most setups. One gateway supports multiple agents (see docs: /gateway#multiple-gateways-same-host).
If you need multiple gateways (e.g., a rescue bot on the same host), isolate ports + config/state (see docs: /gateway#multiple-gateways-same-host).

Troubles: run openclaw status
Troubleshooting: https://docs.openclaw.ai/troubleshooting
[2026-03-16 05:54:50] ✅ Gateway OK (RPC probe passed)
[2026-03-16 05:59:59] Watchdog check...
Cleanup hint: launchctl bootout gui/$UID/ai.openclaw.gateway
Cleanup hint: rm ~/Library/LaunchAgents/ai.openclaw.gateway.plist

Recommendation: run a single gateway per machine for most setups. One gateway supports multiple agents (see docs: /gateway#multiple-gateways-same-host).
If you need multiple gateways (e.g., a rescue bot on the same host), isolate ports + config/state (see docs: /gateway#multiple-gateways-same-host).

Troubles: run openclaw status
Troubleshooting: https://docs.openclaw.ai/troubleshooting
[2026-03-16 05:59:59] ✅ Gateway OK (RPC probe passed)
[2026-03-16 06:05:07] Watchdog check...
Cleanup hint: launchctl bootout gui/$UID/ai.openclaw.gateway
Cleanup hint: rm ~/Library/LaunchAgents/ai.openclaw.gateway.plist

Recommendation: run a single gateway per machine for most setups. One gateway supports multiple agents (see docs: /gateway#multiple-gateways-same-host).
If you need multiple gateways (e.g., a rescue bot on the same host), isolate ports + config/state (see docs: /gateway#multiple-gateways-same-host).

Troubles: run openclaw status
Troubleshooting: https://docs.openclaw.ai/troubleshooting
[2026-03-16 06:05:07] ✅ Gateway OK (RPC probe passed)
[2026-03-16 06:10:16] Watchdog check...
Cleanup hint: launchctl bootout gui/$UID/ai.openclaw.gateway
Cleanup hint: rm ~/Library/LaunchAgents/ai.openclaw.gateway.plist

Recommendation: run a single gateway per machine for most setups. One gateway supports multiple agents (see docs: /gateway#multiple-gateways-same-host).
If you need multiple gateways (e.g., a rescue bot on the same host), isolate ports + config/state (see docs: /gateway#multiple-gateways-same-host).

Troubles: run openclaw status
Troubleshooting: https://docs.openclaw.ai/troubleshooting
[2026-03-16 06:10:16] ✅ Gateway OK (RPC probe passed)
[2026-03-16 06:15:24] Watchdog check...
Cleanup hint: launchctl bootout gui/$UID/ai.openclaw.gateway
Cleanup hint: rm ~/Library/LaunchAgents/ai.openclaw.gateway.plist

Recommendation: run a single gateway per machine for most setups. One gateway supports multiple agents (see docs: /gateway#multiple-gateways-same-host).
If you need multiple gateways (e.g., a rescue bot on the same host), isolate ports + config/state (see docs: /gateway#multiple-gateways-same-host).

Troubles: run openclaw status
Troubleshooting: https://docs.openclaw.ai/troubleshooting
[2026-03-16 06:15:24] ✅ Gateway OK (RPC probe passed)
[2026-03-16 06:20:32] Watchdog check...
Cleanup hint: launchctl bootout gui/$UID/ai.openclaw.gateway
Cleanup hint: rm ~/Library/LaunchAgents/ai.openclaw.gateway.plist

Recommendation: run a single gateway per machine for most setups. One gateway supports multiple agents (see docs: /gateway#multiple-gateways-same-host).
If you need multiple gateways (e.g., a rescue bot on the same host), isolate ports + config/state (see docs: /gateway#multiple-gateways-same-host).

Troubles: run openclaw status
Troubleshooting: https://docs.openclaw.ai/troubleshooting
[2026-03-16 06:20:32] ✅ Gateway OK (RPC probe passed)
[2026-03-16 06:25:41] Watchdog check...
Cleanup hint: launchctl bootout gui/$UID/ai.openclaw.gateway
Cleanup hint: rm ~/Library/LaunchAgents/ai.openclaw.gateway.plist

Recommendation: run a single gateway per machine for most setups. One gateway supports multiple agents (see docs: /gateway#multiple-gateways-same-host).
If you need multiple gateways (e.g., a rescue bot on the same host), isolate ports + config/state (see docs: /gateway#multiple-gateways-same-host).

Troubles: run openclaw status
Troubleshooting: https://docs.openclaw.ai/troubleshooting
[2026-03-16 06:25:41] ✅ Gateway OK (RPC probe passed)
[2026-03-16 06:30:49] Watchdog check...
Cleanup hint: launchctl bootout gui/$UID/ai.openclaw.gateway
Cleanup hint: rm ~/Library/LaunchAgents/ai.openclaw.gateway.plist

Recommendation: run a single gateway per machine for most setups. One gateway supports multiple agents (see docs: /gateway#multiple-gateways-same-host).
If you need multiple gateways (e.g., a rescue bot on the same host), isolate ports + config/state (see docs: /gateway#multiple-gateways-same-host).

Troubles: run openclaw status
Troubleshooting: https://docs.openclaw.ai/troubleshooting
[2026-03-16 06:30:49] ✅ Gateway OK (RPC probe passed)
[2026-03-16 06:35:58] Watchdog check...
Cleanup hint: launchctl bootout gui/$UID/ai.openclaw.gateway
Cleanup hint: rm ~/Library/LaunchAgents/ai.openclaw.gateway.plist

Recommendation: run a single gateway per machine for most setups. One gateway supports multiple agents (see docs: /gateway#multiple-gateways-same-host).
If you need multiple gateways (e.g., a rescue bot on the same host), isolate ports + config/state (see docs: /gateway#multiple-gateways-same-host).

Troubles: run openclaw status
Troubleshooting: https://docs.openclaw.ai/troubleshooting
[2026-03-16 06:35:58] ✅ Gateway OK (RPC probe passed)
[2026-03-16 06:41:08] Watchdog check...
Cleanup hint: launchctl bootout gui/$UID/ai.openclaw.gateway
Cleanup hint: rm ~/Library/LaunchAgents/ai.openclaw.gateway.plist

Recommendation: run a single gateway per machine for most setups. One gateway supports multiple agents (see docs: /gateway#multiple-gateways-same-host).
If you need multiple gateways (e.g., a rescue bot on the same host), isolate ports + config/state (see docs: /gateway#multiple-gateways-same-host).

Troubles: run openclaw status
Troubleshooting: https://docs.openclaw.ai/troubleshooting
[2026-03-16 06:41:08] ✅ Gateway OK (RPC probe passed)
[2026-03-16 06:46:16] Watchdog check...
Cleanup hint: launchctl bootout gui/$UID/ai.openclaw.gateway
Cleanup hint: rm ~/Library/LaunchAgents/ai.openclaw.gateway.plist

Recommendation: run a single gateway per machine for most setups. One gateway supports multiple agents (see docs: /gateway#multiple-gateways-same-host).
If you need multiple gateways (e.g., a rescue bot on the same host), isolate ports + config/state (see docs: /gateway#multiple-gateways-same-host).

Troubles: run openclaw status
Troubleshooting: https://docs.openclaw.ai/troubleshooting
[2026-03-16 06:46:16] ✅ Gateway OK (RPC probe passed)
[2026-03-16 06:51:25] Watchdog check...
Cleanup hint: launchctl bootout gui/$UID/ai.openclaw.gateway
Cleanup hint: rm ~/Library/LaunchAgents/ai.openclaw.gateway.plist

Recommendation: run a single gateway per machine for most setups. One gateway supports multiple agents (see docs: /gateway#multiple-gateways-same-host).
If you need multiple gateways (e.g., a rescue bot on the same host), isolate ports + config/state (see docs: /gateway#multiple-gateways-same-host).

Troubles: run openclaw status
Troubleshooting: https://docs.openclaw.ai/troubleshooting
[2026-03-16 06:51:25] ✅ Gateway OK (RPC probe passed)
[2026-03-16 06:56:33] Watchdog check...
Cleanup hint: launchctl bootout gui/$UID/ai.openclaw.gateway
Cleanup hint: rm ~/Library/LaunchAgents/ai.openclaw.gateway.plist

Recommendation: run a single gateway per machine for most setups. One gateway supports multiple agents (see docs: /gateway#multiple-gateways-same-host).
If you need multiple gateways (e.g., a rescue bot on the same host), isolate ports + config/state (see docs: /gateway#multiple-gateways-same-host).

Troubles: run openclaw status
Troubleshooting: https://docs.openclaw.ai/troubleshooting
[2026-03-16 06:56:33] ✅ Gateway OK (RPC probe passed)
[2026-03-16 07:01:41] Watchdog check...
Cleanup hint: launchctl bootout gui/$UID/ai.openclaw.gateway
Cleanup hint: rm ~/Library/LaunchAgents/ai.openclaw.gateway.plist

Recommendation: run a single gateway per machine for most setups. One gateway supports multiple agents (see docs: /gateway#multiple-gateways-same-host).
If you need multiple gateways (e.g., a rescue bot on the same host), isolate ports + config/state (see docs: /gateway#multiple-gateways-same-host).

Troubles: run openclaw status
Troubleshooting: https://docs.openclaw.ai/troubleshooting
[2026-03-16 07:01:41] ✅ Gateway OK (RPC probe passed)
[2026-03-16 07:06:50] Watchdog check...
Cleanup hint: launchctl bootout gui/$UID/ai.openclaw.gateway
Cleanup hint: rm ~/Library/LaunchAgents/ai.openclaw.gateway.plist

Recommendation: run a single gateway per machine for most setups. One gateway supports multiple agents (see docs: /gateway#multiple-gateways-same-host).
If you need multiple gateways (e.g., a rescue bot on the same host), isolate ports + config/state (see docs: /gateway#multiple-gateways-same-host).

Troubles: run openclaw status
Troubleshooting: https://docs.openclaw.ai/troubleshooting
[2026-03-16 07:06:50] ✅ Gateway OK (RPC probe passed)
[2026-03-16 07:11:59] Watchdog check...
Cleanup hint: launchctl bootout gui/$UID/ai.openclaw.gateway
Cleanup hint: rm ~/Library/LaunchAgents/ai.openclaw.gateway.plist

Recommendation: run a single gateway per machine for most setups. One gateway supports multiple agents (see docs: /gateway#multiple-gateways-same-host).
If you need multiple gateways (e.g., a rescue bot on the same host), isolate ports + config/state (see docs: /gateway#multiple-gateways-same-host).

Troubles: run openclaw status
Troubleshooting: https://docs.openclaw.ai/troubleshooting
[2026-03-16 07:11:59] ✅ Gateway OK (RPC probe passed)
[2026-03-16 07:17:07] Watchdog check...
Cleanup hint: launchctl bootout gui/$UID/ai.openclaw.gateway
Cleanup hint: rm ~/Library/LaunchAgents/ai.openclaw.gateway.plist

Recommendation: run a single gateway per machine for most setups. One gateway supports multiple agents (see docs: /gateway#multiple-gateways-same-host).
If you need multiple gateways (e.g., a rescue bot on the same host), isolate ports + config/state (see docs: /gateway#multiple-gateways-same-host).

Troubles: run openclaw status
Troubleshooting: https://docs.openclaw.ai/troubleshooting
[2026-03-16 07:17:07] ✅ Gateway OK (RPC probe passed)
[2026-03-16 07:22:15] Watchdog check...
Cleanup hint: launchctl bootout gui/$UID/ai.openclaw.gateway
Cleanup hint: rm ~/Library/LaunchAgents/ai.openclaw.gateway.plist

Recommendation: run a single gateway per machine for most setups. One gateway supports multiple agents (see docs: /gateway#multiple-gateways-same-host).
If you need multiple gateways (e.g., a rescue bot on the same host), isolate ports + config/state (see docs: /gateway#multiple-gateways-same-host).

Troubles: run openclaw status
Troubleshooting: https://docs.openclaw.ai/troubleshooting
[2026-03-16 07:22:15] ✅ Gateway OK (RPC probe passed)
[2026-03-16 07:27:24] Watchdog check...
Cleanup hint: launchctl bootout gui/$UID/ai.openclaw.gateway
Cleanup hint: rm ~/Library/LaunchAgents/ai.openclaw.gateway.plist

Recommendation: run a single gateway per machine for most setups. One gateway supports multiple agents (see docs: /gateway#multiple-gateways-same-host).
If you need multiple gateways (e.g., a rescue bot on the same host), isolate ports + config/state (see docs: /gateway#multiple-gateways-same-host).

Troubles: run openclaw status
Troubleshooting: https://docs.openclaw.ai/troubleshooting
[2026-03-16 07:27:24] ✅ Gateway OK (RPC probe passed)
[2026-03-16 07:32:33] Watchdog check...
Cleanup hint: launchctl bootout gui/$UID/ai.openclaw.gateway
Cleanup hint: rm ~/Library/LaunchAgents/ai.openclaw.gateway.plist

Recommendation: run a single gateway per machine for most setups. One gateway supports multiple agents (see docs: /gateway#multiple-gateways-same-host).
If you need multiple gateways (e.g., a rescue bot on the same host), isolate ports + config/state (see docs: /gateway#multiple-gateways-same-host).

Troubles: run openclaw status
Troubleshooting: https://docs.openclaw.ai/troubleshooting
[2026-03-16 07:32:33] ✅ Gateway OK (RPC probe passed)
[2026-03-16 07:37:41] Watchdog check...
Cleanup hint: launchctl bootout gui/$UID/ai.openclaw.gateway
Cleanup hint: rm ~/Library/LaunchAgents/ai.openclaw.gateway.plist

Recommendation: run a single gateway per machine for most setups. One gateway supports multiple agents (see docs: /gateway#multiple-gateways-same-host).
If you need multiple gateways (e.g., a rescue bot on the same host), isolate ports + config/state (see docs: /gateway#multiple-gateways-same-host).

Troubles: run openclaw status
Troubleshooting: https://docs.openclaw.ai/troubleshooting
[2026-03-16 07:37:41] ✅ Gateway OK (RPC probe passed)
[2026-03-16 07:42:50] Watchdog check...
Cleanup hint: launchctl bootout gui/$UID/ai.openclaw.gateway
Cleanup hint: rm ~/Library/LaunchAgents/ai.openclaw.gateway.plist

Recommendation: run a single gateway per machine for most setups. One gateway supports multiple agents (see docs: /gateway#multiple-gateways-same-host).
If you need multiple gateways (e.g., a rescue bot on the same host), isolate ports + config/state (see docs: /gateway#multiple-gateways-same-host).

Troubles: run openclaw status
Troubleshooting: https://docs.openclaw.ai/troubleshooting
[2026-03-16 07:42:50] ✅ Gateway OK (RPC probe passed)
[2026-03-16 07:47:59] Watchdog check...
Cleanup hint: launchctl bootout gui/$UID/ai.openclaw.gateway
Cleanup hint: rm ~/Library/LaunchAgents/ai.openclaw.gateway.plist

Recommendation: run a single gateway per machine for most setups. One gateway supports multiple agents (see docs: /gateway#multiple-gateways-same-host).
If you need multiple gateways (e.g., a rescue bot on the same host), isolate ports + config/state (see docs: /gateway#multiple-gateways-same-host).

Troubles: run openclaw status
Troubleshooting: https://docs.openclaw.ai/troubleshooting
[2026-03-16 07:47:59] ✅ Gateway OK (RPC probe passed)
[2026-03-16 07:53:08] Watchdog check...
Cleanup hint: launchctl bootout gui/$UID/ai.openclaw.gateway
Cleanup hint: rm ~/Library/LaunchAgents/ai.openclaw.gateway.plist

Recommendation: run a single gateway per machine for most setups. One gateway supports multiple agents (see docs: /gateway#multiple-gateways-same-host).
If you need multiple gateways (e.g., a rescue bot on the same host), isolate ports + config/state (see docs: /gateway#multiple-gateways-same-host).

Troubles: run openclaw status
Troubleshooting: https://docs.openclaw.ai/troubleshooting
[2026-03-16 07:53:08] ✅ Gateway OK (RPC probe passed)
[2026-03-16 07:58:23] Watchdog check...
Cleanup hint: launchctl bootout gui/$UID/ai.openclaw.gateway
Cleanup hint: rm ~/Library/LaunchAgents/ai.openclaw.gateway.plist

Recommendation: run a single gateway per machine for most setups. One gateway supports multiple agents (see docs: /gateway#multiple-gateways-same-host).
If you need multiple gateways (e.g., a rescue bot on the same host), isolate ports + config/state (see docs: /gateway#multiple-gateways-same-host).

Troubles: run openclaw status
Troubleshooting: https://docs.openclaw.ai/troubleshooting
[2026-03-16 07:58:23] ✅ Gateway OK (RPC probe passed)
[2026-03-16 08:03:31] Watchdog check...
Cleanup hint: launchctl bootout gui/$UID/ai.openclaw.gateway
Cleanup hint: rm ~/Library/LaunchAgents/ai.openclaw.gateway.plist

Recommendation: run a single gateway per machine for most setups. One gateway supports multiple agents (see docs: /gateway#multiple-gateways-same-host).
If you need multiple gateways (e.g., a rescue bot on the same host), isolate ports + config/state (see docs: /gateway#multiple-gateways-same-host).

Troubles: run openclaw status
Troubleshooting: https://docs.openclaw.ai/troubleshooting
[2026-03-16 08:03:31] ✅ Gateway OK (RPC probe passed)
[2026-03-16 08:08:41] Watchdog check...
Cleanup hint: launchctl bootout gui/$UID/ai.openclaw.gateway
Cleanup hint: rm ~/Library/LaunchAgents/ai.openclaw.gateway.plist

Recommendation: run a single gateway per machine for most setups. One gateway supports multiple agents (see docs: /gateway#multiple-gateways-same-host).
If you need multiple gateways (e.g., a rescue bot on the same host), isolate ports + config/state (see docs: /gateway#multiple-gateways-same-host).

Troubles: run openclaw status
Troubleshooting: https://docs.openclaw.ai/troubleshooting
[2026-03-16 08:08:41] ✅ Gateway OK (RPC probe passed)
[2026-03-16 08:13:50] Watchdog check...
Cleanup hint: launchctl bootout gui/$UID/ai.openclaw.gateway
Cleanup hint: rm ~/Library/LaunchAgents/ai.openclaw.gateway.plist

Recommendation: run a single gateway per machine for most setups. One gateway supports multiple agents (see docs: /gateway#multiple-gateways-same-host).
If you need multiple gateways (e.g., a rescue bot on the same host), isolate ports + config/state (see docs: /gateway#multiple-gateways-same-host).

Troubles: run openclaw status
Troubleshooting: https://docs.openclaw.ai/troubleshooting
[2026-03-16 08:13:50] ✅ Gateway OK (RPC probe passed)
[2026-03-16 08:18:58] Watchdog check...
Cleanup hint: launchctl bootout gui/$UID/ai.openclaw.gateway
Cleanup hint: rm ~/Library/LaunchAgents/ai.openclaw.gateway.plist

Recommendation: run a single gateway per machine for most setups. One gateway supports multiple agents (see docs: /gateway#multiple-gateways-same-host).
If you need multiple gateways (e.g., a rescue bot on the same host), isolate ports + config/state (see docs: /gateway#multiple-gateways-same-host).

Troubles: run openclaw status
Troubleshooting: https://docs.openclaw.ai/troubleshooting
[2026-03-16 08:18:58] ✅ Gateway OK (RPC probe passed)
[2026-03-16 08:24:07] Watchdog check...
Cleanup hint: launchctl bootout gui/$UID/ai.openclaw.gateway
Cleanup hint: rm ~/Library/LaunchAgents/ai.openclaw.gateway.plist

Recommendation: run a single gateway per machine for most setups. One gateway supports multiple agents (see docs: /gateway#multiple-gateways-same-host).
If you need multiple gateways (e.g., a rescue bot on the same host), isolate ports + config/state (see docs: /gateway#multiple-gateways-same-host).

Troubles: run openclaw status
Troubleshooting: https://docs.openclaw.ai/troubleshooting
[2026-03-16 08:24:07] ✅ Gateway OK (RPC probe passed)
[2026-03-16 08:29:16] Watchdog check...
Cleanup hint: launchctl bootout gui/$UID/ai.openclaw.gateway
Cleanup hint: rm ~/Library/LaunchAgents/ai.openclaw.gateway.plist

Recommendation: run a single gateway per machine for most setups. One gateway supports multiple agents (see docs: /gateway#multiple-gateways-same-host).
If you need multiple gateways (e.g., a rescue bot on the same host), isolate ports + config/state (see docs: /gateway#multiple-gateways-same-host).

Troubles: run openclaw status
Troubleshooting: https://docs.openclaw.ai/troubleshooting
[2026-03-16 08:29:16] ✅ Gateway OK (RPC probe passed)
[2026-03-16 08:34:25] Watchdog check...
Cleanup hint: launchctl bootout gui/$UID/ai.openclaw.gateway
Cleanup hint: rm ~/Library/LaunchAgents/ai.openclaw.gateway.plist

Recommendation: run a single gateway per machine for most setups. One gateway supports multiple agents (see docs: /gateway#multiple-gateways-same-host).
If you need multiple gateways (e.g., a rescue bot on the same host), isolate ports + config/state (see docs: /gateway#multiple-gateways-same-host).

Troubles: run openclaw status
Troubleshooting: https://docs.openclaw.ai/troubleshooting
[2026-03-16 08:34:25] ✅ Gateway OK (RPC probe passed)
[2026-03-16 08:39:34] Watchdog check...
Cleanup hint: launchctl bootout gui/$UID/ai.openclaw.gateway
Cleanup hint: rm ~/Library/LaunchAgents/ai.openclaw.gateway.plist

Recommendation: run a single gateway per machine for most setups. One gateway supports multiple agents (see docs: /gateway#multiple-gateways-same-host).
If you need multiple gateways (e.g., a rescue bot on the same host), isolate ports + config/state (see docs: /gateway#multiple-gateways-same-host).

Troubles: run openclaw status
Troubleshooting: https://docs.openclaw.ai/troubleshooting
[2026-03-16 08:39:34] ✅ Gateway OK (RPC probe passed)
[2026-03-16 08:45:13] Watchdog check...
Cleanup hint: launchctl bootout gui/$UID/ai.openclaw.gateway
Cleanup hint: rm ~/Library/LaunchAgents/ai.openclaw.gateway.plist

Recommendation: run a single gateway per machine for most setups. One gateway supports multiple agents (see docs: /gateway#multiple-gateways-same-host).
If you need multiple gateways (e.g., a rescue bot on the same host), isolate ports + config/state (see docs: /gateway#multiple-gateways-same-host).

Troubles: run openclaw status
Troubleshooting: https://docs.openclaw.ai/troubleshooting
[2026-03-16 08:45:13] ✅ Gateway OK (RPC probe passed)
[2026-03-16 08:50:26] Watchdog check...
Cleanup hint: launchctl bootout gui/$UID/ai.openclaw.gateway
Cleanup hint: rm ~/Library/LaunchAgents/ai.openclaw.gateway.plist

Recommendation: run a single gateway per machine for most setups. One gateway supports multiple agents (see docs: /gateway#multiple-gateways-same-host).
If you need multiple gateways (e.g., a rescue bot on the same host), isolate ports + config/state (see docs: /gateway#multiple-gateways-same-host).

Troubles: run openclaw status
Troubleshooting: https://docs.openclaw.ai/troubleshooting
[2026-03-16 08:50:26] ✅ Gateway OK (RPC probe passed)
[2026-03-16 08:55:38] Watchdog check...
Cleanup hint: launchctl bootout gui/$UID/ai.openclaw.gateway
Cleanup hint: rm ~/Library/LaunchAgents/ai.openclaw.gateway.plist

Recommendation: run a single gateway per machine for most setups. One gateway supports multiple agents (see docs: /gateway#multiple-gateways-same-host).
If you need multiple gateways (e.g., a rescue bot on the same host), isolate ports + config/state (see docs: /gateway#multiple-gateways-same-host).

Troubles: run openclaw status
Troubleshooting: https://docs.openclaw.ai/troubleshooting
[2026-03-16 08:55:38] ✅ Gateway OK (RPC probe passed)
[2026-03-16 09:00:49] Watchdog check...
Cleanup hint: launchctl bootout gui/$UID/ai.openclaw.gateway
Cleanup hint: rm ~/Library/LaunchAgents/ai.openclaw.gateway.plist

Recommendation: run a single gateway per machine for most setups. One gateway supports multiple agents (see docs: /gateway#multiple-gateways-same-host).
If you need multiple gateways (e.g., a rescue bot on the same host), isolate ports + config/state (see docs: /gateway#multiple-gateways-same-host).

Troubles: run openclaw status
Troubleshooting: https://docs.openclaw.ai/troubleshooting
[2026-03-16 09:00:49] ✅ Gateway OK (RPC probe passed)
[2026-03-16 09:06:01] Watchdog check...
Cleanup hint: launchctl bootout gui/$UID/ai.openclaw.gateway
Cleanup hint: rm ~/Library/LaunchAgents/ai.openclaw.gateway.plist

Recommendation: run a single gateway per machine for most setups. One gateway supports multiple agents (see docs: /gateway#multiple-gateways-same-host).
If you need multiple gateways (e.g., a rescue bot on the same host), isolate ports + config/state (see docs: /gateway#multiple-gateways-same-host).

Troubles: run openclaw status
Troubleshooting: https://docs.openclaw.ai/troubleshooting
[2026-03-16 09:06:01] ✅ Gateway OK (RPC probe passed)
[2026-03-16 09:11:11] Watchdog check...
Cleanup hint: launchctl bootout gui/$UID/ai.openclaw.gateway
Cleanup hint: rm ~/Library/LaunchAgents/ai.openclaw.gateway.plist

Recommendation: run a single gateway per machine for most setups. One gateway supports multiple agents (see docs: /gateway#multiple-gateways-same-host).
If you need multiple gateways (e.g., a rescue bot on the same host), isolate ports + config/state (see docs: /gateway#multiple-gateways-same-host).

Troubles: run openclaw status
Troubleshooting: https://docs.openclaw.ai/troubleshooting
[2026-03-16 09:11:11] ✅ Gateway OK (RPC probe passed)
[2026-03-16 09:16:20] Watchdog check...
Cleanup hint: launchctl bootout gui/$UID/ai.openclaw.gateway
Cleanup hint: rm ~/Library/LaunchAgents/ai.openclaw.gateway.plist

Recommendation: run a single gateway per machine for most setups. One gateway supports multiple agents (see docs: /gateway#multiple-gateways-same-host).
If you need multiple gateways (e.g., a rescue bot on the same host), isolate ports + config/state (see docs: /gateway#multiple-gateways-same-host).

Troubles: run openclaw status
Troubleshooting: https://docs.openclaw.ai/troubleshooting
[2026-03-16 09:16:20] ✅ Gateway OK (RPC probe passed)
[2026-03-16 09:21:29] Watchdog check...
Cleanup hint: launchctl bootout gui/$UID/ai.openclaw.gateway
Cleanup hint: rm ~/Library/LaunchAgents/ai.openclaw.gateway.plist

Recommendation: run a single gateway per machine for most setups. One gateway supports multiple agents (see docs: /gateway#multiple-gateways-same-host).
If you need multiple gateways (e.g., a rescue bot on the same host), isolate ports + config/state (see docs: /gateway#multiple-gateways-same-host).

Troubles: run openclaw status
Troubleshooting: https://docs.openclaw.ai/troubleshooting
[2026-03-16 09:21:29] ✅ Gateway OK (RPC probe passed)
[2026-03-16 09:26:37] Watchdog check...
Cleanup hint: launchctl bootout gui/$UID/ai.openclaw.gateway
Cleanup hint: rm ~/Library/LaunchAgents/ai.openclaw.gateway.plist

Recommendation: run a single gateway per machine for most setups. One gateway supports multiple agents (see docs: /gateway#multiple-gateways-same-host).
If you need multiple gateways (e.g., a rescue bot on the same host), isolate ports + config/state (see docs: /gateway#multiple-gateways-same-host).

Troubles: run openclaw status
Troubleshooting: https://docs.openclaw.ai/troubleshooting
[2026-03-16 09:26:37] ✅ Gateway OK (RPC probe passed)
[2026-03-16 09:31:45] Watchdog check...
Cleanup hint: launchctl bootout gui/$UID/ai.openclaw.gateway
Cleanup hint: rm ~/Library/LaunchAgents/ai.openclaw.gateway.plist

Recommendation: run a single gateway per machine for most setups. One gateway supports multiple agents (see docs: /gateway#multiple-gateways-same-host).
If you need multiple gateways (e.g., a rescue bot on the same host), isolate ports + config/state (see docs: /gateway#multiple-gateways-same-host).

Troubles: run openclaw status
Troubleshooting: https://docs.openclaw.ai/troubleshooting
[2026-03-16 09:31:45] ✅ Gateway OK (RPC probe passed)
[2026-03-16 09:36:53] Watchdog check...
Cleanup hint: launchctl bootout gui/$UID/ai.openclaw.gateway
Cleanup hint: rm ~/Library/LaunchAgents/ai.openclaw.gateway.plist

Recommendation: run a single gateway per machine for most setups. One gateway supports multiple agents (see docs: /gateway#multiple-gateways-same-host).
If you need multiple gateways (e.g., a rescue bot on the same host), isolate ports + config/state (see docs: /gateway#multiple-gateways-same-host).

Troubles: run openclaw status
Troubleshooting: https://docs.openclaw.ai/troubleshooting
[2026-03-16 09:36:53] ✅ Gateway OK (RPC probe passed)
[2026-03-16 09:42:06] Watchdog check...
Cleanup hint: launchctl bootout gui/$UID/ai.openclaw.gateway
Cleanup hint: rm ~/Library/LaunchAgents/ai.openclaw.gateway.plist

Recommendation: run a single gateway per machine for most setups. One gateway supports multiple agents (see docs: /gateway#multiple-gateways-same-host).
If you need multiple gateways (e.g., a rescue bot on the same host), isolate ports + config/state (see docs: /gateway#multiple-gateways-same-host).

Troubles: run openclaw status
Troubleshooting: https://docs.openclaw.ai/troubleshooting
[2026-03-16 09:42:06] ✅ Gateway OK (RPC probe passed)
[2026-03-16 09:47:18] Watchdog check...
Cleanup hint: launchctl bootout gui/$UID/ai.openclaw.gateway
Cleanup hint: rm ~/Library/LaunchAgents/ai.openclaw.gateway.plist

Recommendation: run a single gateway per machine for most setups. One gateway supports multiple agents (see docs: /gateway#multiple-gateways-same-host).
If you need multiple gateways (e.g., a rescue bot on the same host), isolate ports + config/state (see docs: /gateway#multiple-gateways-same-host).

Troubles: run openclaw status
Troubleshooting: https://docs.openclaw.ai/troubleshooting
[2026-03-16 09:47:18] ✅ Gateway OK (RPC probe passed)
[2026-03-16 09:52:27] Watchdog check...
Cleanup hint: launchctl bootout gui/$UID/ai.openclaw.gateway
Cleanup hint: rm ~/Library/LaunchAgents/ai.openclaw.gateway.plist

Recommendation: run a single gateway per machine for most setups. One gateway supports multiple agents (see docs: /gateway#multiple-gateways-same-host).
If you need multiple gateways (e.g., a rescue bot on the same host), isolate ports + config/state (see docs: /gateway#multiple-gateways-same-host).

Troubles: run openclaw status
Troubleshooting: https://docs.openclaw.ai/troubleshooting
[2026-03-16 09:52:27] ✅ Gateway OK (RPC probe passed)
[2026-03-16 09:57:36] Watchdog check...
Cleanup hint: launchctl bootout gui/$UID/ai.openclaw.gateway
Cleanup hint: rm ~/Library/LaunchAgents/ai.openclaw.gateway.plist

Recommendation: run a single gateway per machine for most setups. One gateway supports multiple agents (see docs: /gateway#multiple-gateways-same-host).
If you need multiple gateways (e.g., a rescue bot on the same host), isolate ports + config/state (see docs: /gateway#multiple-gateways-same-host).

Troubles: run openclaw status
Troubleshooting: https://docs.openclaw.ai/troubleshooting
[2026-03-16 09:57:36] ✅ Gateway OK (RPC probe passed)
[2026-03-16 10:02:46] Watchdog check...
Cleanup hint: launchctl bootout gui/$UID/ai.openclaw.gateway
Cleanup hint: rm ~/Library/LaunchAgents/ai.openclaw.gateway.plist

Recommendation: run a single gateway per machine for most setups. One gateway supports multiple agents (see docs: /gateway#multiple-gateways-same-host).
If you need multiple gateways (e.g., a rescue bot on the same host), isolate ports + config/state (see docs: /gateway#multiple-gateways-same-host).

Troubles: run openclaw status
Troubleshooting: https://docs.openclaw.ai/troubleshooting
[2026-03-16 10:02:46] ✅ Gateway OK (RPC probe passed)
[2026-03-16 10:07:55] Watchdog check...
Cleanup hint: launchctl bootout gui/$UID/ai.openclaw.gateway
Cleanup hint: rm ~/Library/LaunchAgents/ai.openclaw.gateway.plist

Recommendation: run a single gateway per machine for most setups. One gateway supports multiple agents (see docs: /gateway#multiple-gateways-same-host).
If you need multiple gateways (e.g., a rescue bot on the same host), isolate ports + config/state (see docs: /gateway#multiple-gateways-same-host).

Troubles: run openclaw status
Troubleshooting: https://docs.openclaw.ai/troubleshooting
[2026-03-16 10:07:55] ✅ Gateway OK (RPC probe passed)
[2026-03-16 10:13:04] Watchdog check...
Cleanup hint: launchctl bootout gui/$UID/ai.openclaw.gateway
Cleanup hint: rm ~/Library/LaunchAgents/ai.openclaw.gateway.plist

Recommendation: run a single gateway per machine for most setups. One gateway supports multiple agents (see docs: /gateway#multiple-gateways-same-host).
If you need multiple gateways (e.g., a rescue bot on the same host), isolate ports + config/state (see docs: /gateway#multiple-gateways-same-host).

Troubles: run openclaw status
Troubleshooting: https://docs.openclaw.ai/troubleshooting
[2026-03-16 10:13:04] ✅ Gateway OK (RPC probe passed)
[2026-03-16 10:18:14] Watchdog check...
Cleanup hint: launchctl bootout gui/$UID/ai.openclaw.gateway
Cleanup hint: rm ~/Library/LaunchAgents/ai.openclaw.gateway.plist

Recommendation: run a single gateway per machine for most setups. One gateway supports multiple agents (see docs: /gateway#multiple-gateways-same-host).
If you need multiple gateways (e.g., a rescue bot on the same host), isolate ports + config/state (see docs: /gateway#multiple-gateways-same-host).

Troubles: run openclaw status
Troubleshooting: https://docs.openclaw.ai/troubleshooting
[2026-03-16 10:18:14] ✅ Gateway OK (RPC probe passed)
[2026-03-16 10:23:22] Watchdog check...
Cleanup hint: launchctl bootout gui/$UID/ai.openclaw.gateway
Cleanup hint: rm ~/Library/LaunchAgents/ai.openclaw.gateway.plist

Recommendation: run a single gateway per machine for most setups. One gateway supports multiple agents (see docs: /gateway#multiple-gateways-same-host).
If you need multiple gateways (e.g., a rescue bot on the same host), isolate ports + config/state (see docs: /gateway#multiple-gateways-same-host).

Troubles: run openclaw status
Troubleshooting: https://docs.openclaw.ai/troubleshooting
[2026-03-16 10:23:22] ✅ Gateway OK (RPC probe passed)
[2026-03-16 10:28:31] Watchdog check...
Cleanup hint: launchctl bootout gui/$UID/ai.openclaw.gateway
Cleanup hint: rm ~/Library/LaunchAgents/ai.openclaw.gateway.plist

Recommendation: run a single gateway per machine for most setups. One gateway supports multiple agents (see docs: /gateway#multiple-gateways-same-host).
If you need multiple gateways (e.g., a rescue bot on the same host), isolate ports + config/state (see docs: /gateway#multiple-gateways-same-host).

Troubles: run openclaw status
Troubleshooting: https://docs.openclaw.ai/troubleshooting
[2026-03-16 10:28:31] ✅ Gateway OK (RPC probe passed)
[2026-03-16 10:33:40] Watchdog check...
Cleanup hint: launchctl bootout gui/$UID/ai.openclaw.gateway
Cleanup hint: rm ~/Library/LaunchAgents/ai.openclaw.gateway.plist

Recommendation: run a single gateway per machine for most setups. One gateway supports multiple agents (see docs: /gateway#multiple-gateways-same-host).
If you need multiple gateways (e.g., a rescue bot on the same host), isolate ports + config/state (see docs: /gateway#multiple-gateways-same-host).

Troubles: run openclaw status
Troubleshooting: https://docs.openclaw.ai/troubleshooting
[2026-03-16 10:33:40] ✅ Gateway OK (RPC probe passed)
[2026-03-16 10:38:52] Watchdog check...
Cleanup hint: launchctl bootout gui/$UID/ai.openclaw.gateway
Cleanup hint: rm ~/Library/LaunchAgents/ai.openclaw.gateway.plist

Recommendation: run a single gateway per machine for most setups. One gateway supports multiple agents (see docs: /gateway#multiple-gateways-same-host).
If you need multiple gateways (e.g., a rescue bot on the same host), isolate ports + config/state (see docs: /gateway#multiple-gateways-same-host).

Troubles: run openclaw status
Troubleshooting: https://docs.openclaw.ai/troubleshooting
[2026-03-16 10:38:52] ✅ Gateway OK (RPC probe passed)
[2026-03-16 10:44:01] Watchdog check...
Cleanup hint: launchctl bootout gui/$UID/ai.openclaw.gateway
Cleanup hint: rm ~/Library/LaunchAgents/ai.openclaw.gateway.plist

Recommendation: run a single gateway per machine for most setups. One gateway supports multiple agents (see docs: /gateway#multiple-gateways-same-host).
If you need multiple gateways (e.g., a rescue bot on the same host), isolate ports + config/state (see docs: /gateway#multiple-gateways-same-host).

Troubles: run openclaw status
Troubleshooting: https://docs.openclaw.ai/troubleshooting
[2026-03-16 10:44:01] ✅ Gateway OK (RPC probe passed)
[2026-03-16 10:49:11] Watchdog check...
Cleanup hint: launchctl bootout gui/$UID/ai.openclaw.gateway
Cleanup hint: rm ~/Library/LaunchAgents/ai.openclaw.gateway.plist

Recommendation: run a single gateway per machine for most setups. One gateway supports multiple agents (see docs: /gateway#multiple-gateways-same-host).
If you need multiple gateways (e.g., a rescue bot on the same host), isolate ports + config/state (see docs: /gateway#multiple-gateways-same-host).

Troubles: run openclaw status
Troubleshooting: https://docs.openclaw.ai/troubleshooting
[2026-03-16 10:49:11] ✅ Gateway OK (RPC probe passed)
[2026-03-16 10:54:21] Watchdog check...
Cleanup hint: launchctl bootout gui/$UID/ai.openclaw.gateway
Cleanup hint: rm ~/Library/LaunchAgents/ai.openclaw.gateway.plist

Recommendation: run a single gateway per machine for most setups. One gateway supports multiple agents (see docs: /gateway#multiple-gateways-same-host).
If you need multiple gateways (e.g., a rescue bot on the same host), isolate ports + config/state (see docs: /gateway#multiple-gateways-same-host).

Troubles: run openclaw status
Troubleshooting: https://docs.openclaw.ai/troubleshooting
[2026-03-16 10:54:21] ✅ Gateway OK (RPC probe passed)
[2026-03-16 10:59:30] Watchdog check...
Cleanup hint: launchctl bootout gui/$UID/ai.openclaw.gateway
Cleanup hint: rm ~/Library/LaunchAgents/ai.openclaw.gateway.plist

Recommendation: run a single gateway per machine for most setups. One gateway supports multiple agents (see docs: /gateway#multiple-gateways-same-host).
If you need multiple gateways (e.g., a rescue bot on the same host), isolate ports + config/state (see docs: /gateway#multiple-gateways-same-host).

Troubles: run openclaw status
Troubleshooting: https://docs.openclaw.ai/troubleshooting
[2026-03-16 10:59:30] ✅ Gateway OK (RPC probe passed)
[2026-03-16 11:04:40] Watchdog check...
Cleanup hint: launchctl bootout gui/$UID/ai.openclaw.gateway
Cleanup hint: rm ~/Library/LaunchAgents/ai.openclaw.gateway.plist

Recommendation: run a single gateway per machine for most setups. One gateway supports multiple agents (see docs: /gateway#multiple-gateways-same-host).
If you need multiple gateways (e.g., a rescue bot on the same host), isolate ports + config/state (see docs: /gateway#multiple-gateways-same-host).

Troubles: run openclaw status
Troubleshooting: https://docs.openclaw.ai/troubleshooting
[2026-03-16 11:04:40] ✅ Gateway OK (RPC probe passed)
[2026-03-16 11:09:48] Watchdog check...
Cleanup hint: launchctl bootout gui/$UID/ai.openclaw.gateway
Cleanup hint: rm ~/Library/LaunchAgents/ai.openclaw.gateway.plist

Recommendation: run a single gateway per machine for most setups. One gateway supports multiple agents (see docs: /gateway#multiple-gateways-same-host).
If you need multiple gateways (e.g., a rescue bot on the same host), isolate ports + config/state (see docs: /gateway#multiple-gateways-same-host).

Troubles: run openclaw status
Troubleshooting: https://docs.openclaw.ai/troubleshooting
[2026-03-16 11:09:48] ✅ Gateway OK (RPC probe passed)
[2026-03-16 11:14:57] Watchdog check...
Cleanup hint: launchctl bootout gui/$UID/ai.openclaw.gateway
Cleanup hint: rm ~/Library/LaunchAgents/ai.openclaw.gateway.plist

Recommendation: run a single gateway per machine for most setups. One gateway supports multiple agents (see docs: /gateway#multiple-gateways-same-host).
If you need multiple gateways (e.g., a rescue bot on the same host), isolate ports + config/state (see docs: /gateway#multiple-gateways-same-host).

Troubles: run openclaw status
Troubleshooting: https://docs.openclaw.ai/troubleshooting
[2026-03-16 11:14:57] ✅ Gateway OK (RPC probe passed)
[2026-03-16 11:20:06] Watchdog check...
Cleanup hint: launchctl bootout gui/$UID/ai.openclaw.gateway
Cleanup hint: rm ~/Library/LaunchAgents/ai.openclaw.gateway.plist

Recommendation: run a single gateway per machine for most setups. One gateway supports multiple agents (see docs: /gateway#multiple-gateways-same-host).
If you need multiple gateways (e.g., a rescue bot on the same host), isolate ports + config/state (see docs: /gateway#multiple-gateways-same-host).

Troubles: run openclaw status
Troubleshooting: https://docs.openclaw.ai/troubleshooting
[2026-03-16 11:20:06] ✅ Gateway OK (RPC probe passed)
[2026-03-16 11:25:14] Watchdog check...
Cleanup hint: launchctl bootout gui/$UID/ai.openclaw.gateway
Cleanup hint: rm ~/Library/LaunchAgents/ai.openclaw.gateway.plist

Recommendation: run a single gateway per machine for most setups. One gateway supports multiple agents (see docs: /gateway#multiple-gateways-same-host).
If you need multiple gateways (e.g., a rescue bot on the same host), isolate ports + config/state (see docs: /gateway#multiple-gateways-same-host).

Troubles: run openclaw status
Troubleshooting: https://docs.openclaw.ai/troubleshooting
[2026-03-16 11:25:14] ✅ Gateway OK (RPC probe passed)
[2026-03-16 11:30:24] Watchdog check...
Cleanup hint: launchctl bootout gui/$UID/ai.openclaw.gateway
Cleanup hint: rm ~/Library/LaunchAgents/ai.openclaw.gateway.plist

Recommendation: run a single gateway per machine for most setups. One gateway supports multiple agents (see docs: /gateway#multiple-gateways-same-host).
If you need multiple gateways (e.g., a rescue bot on the same host), isolate ports + config/state (see docs: /gateway#multiple-gateways-same-host).

Troubles: run openclaw status
Troubleshooting: https://docs.openclaw.ai/troubleshooting
[2026-03-16 11:30:24] ✅ Gateway OK (RPC probe passed)
[2026-03-16 11:35:33] Watchdog check...
Cleanup hint: launchctl bootout gui/$UID/ai.openclaw.gateway
Cleanup hint: rm ~/Library/LaunchAgents/ai.openclaw.gateway.plist

Recommendation: run a single gateway per machine for most setups. One gateway supports multiple agents (see docs: /gateway#multiple-gateways-same-host).
If you need multiple gateways (e.g., a rescue bot on the same host), isolate ports + config/state (see docs: /gateway#multiple-gateways-same-host).

Troubles: run openclaw status
Troubleshooting: https://docs.openclaw.ai/troubleshooting
[2026-03-16 11:35:33] ✅ Gateway OK (RPC probe passed)
[2026-03-16 11:40:42] Watchdog check...
Cleanup hint: launchctl bootout gui/$UID/ai.openclaw.gateway
Cleanup hint: rm ~/Library/LaunchAgents/ai.openclaw.gateway.plist

Recommendation: run a single gateway per machine for most setups. One gateway supports multiple agents (see docs: /gateway#multiple-gateways-same-host).
If you need multiple gateways (e.g., a rescue bot on the same host), isolate ports + config/state (see docs: /gateway#multiple-gateways-same-host).

Troubles: run openclaw status
Troubleshooting: https://docs.openclaw.ai/troubleshooting
[2026-03-16 11:40:42] ✅ Gateway OK (RPC probe passed)
[2026-03-16 11:45:52] Watchdog check...
Cleanup hint: launchctl bootout gui/$UID/ai.openclaw.gateway
Cleanup hint: rm ~/Library/LaunchAgents/ai.openclaw.gateway.plist

Recommendation: run a single gateway per machine for most setups. One gateway supports multiple agents (see docs: /gateway#multiple-gateways-same-host).
If you need multiple gateways (e.g., a rescue bot on the same host), isolate ports + config/state (see docs: /gateway#multiple-gateways-same-host).

Troubles: run openclaw status
Troubleshooting: https://docs.openclaw.ai/troubleshooting
[2026-03-16 11:45:52] ✅ Gateway OK (RPC probe passed)
[2026-03-16 11:51:01] Watchdog check...
Cleanup hint: launchctl bootout gui/$UID/ai.openclaw.gateway
Cleanup hint: rm ~/Library/LaunchAgents/ai.openclaw.gateway.plist

Recommendation: run a single gateway per machine for most setups. One gateway supports multiple agents (see docs: /gateway#multiple-gateways-same-host).
If you need multiple gateways (e.g., a rescue bot on the same host), isolate ports + config/state (see docs: /gateway#multiple-gateways-same-host).

Troubles: run openclaw status
Troubleshooting: https://docs.openclaw.ai/troubleshooting
[2026-03-16 11:51:01] ✅ Gateway OK (RPC probe passed)
[2026-03-16 11:56:10] Watchdog check...
Cleanup hint: launchctl bootout gui/$UID/ai.openclaw.gateway
Cleanup hint: rm ~/Library/LaunchAgents/ai.openclaw.gateway.plist

Recommendation: run a single gateway per machine for most setups. One gateway supports multiple agents (see docs: /gateway#multiple-gateways-same-host).
If you need multiple gateways (e.g., a rescue bot on the same host), isolate ports + config/state (see docs: /gateway#multiple-gateways-same-host).

Troubles: run openclaw status
Troubleshooting: https://docs.openclaw.ai/troubleshooting
[2026-03-16 11:56:10] ✅ Gateway OK (RPC probe passed)
[2026-03-16 12:01:19] Watchdog check...
Cleanup hint: launchctl bootout gui/$UID/ai.openclaw.gateway
Cleanup hint: rm ~/Library/LaunchAgents/ai.openclaw.gateway.plist

Recommendation: run a single gateway per machine for most setups. One gateway supports multiple agents (see docs: /gateway#multiple-gateways-same-host).
If you need multiple gateways (e.g., a rescue bot on the same host), isolate ports + config/state (see docs: /gateway#multiple-gateways-same-host).

Troubles: run openclaw status
Troubleshooting: https://docs.openclaw.ai/troubleshooting
[2026-03-16 12:01:19] ✅ Gateway OK (RPC probe passed)
[2026-03-16 12:06:27] Watchdog check...
Cleanup hint: launchctl bootout gui/$UID/ai.openclaw.gateway
Cleanup hint: rm ~/Library/LaunchAgents/ai.openclaw.gateway.plist

Recommendation: run a single gateway per machine for most setups. One gateway supports multiple agents (see docs: /gateway#multiple-gateways-same-host).
If you need multiple gateways (e.g., a rescue bot on the same host), isolate ports + config/state (see docs: /gateway#multiple-gateways-same-host).

Troubles: run openclaw status
Troubleshooting: https://docs.openclaw.ai/troubleshooting
[2026-03-16 12:06:27] ✅ Gateway OK (RPC probe passed)
[2026-03-16 12:11:36] Watchdog check...
Cleanup hint: launchctl bootout gui/$UID/ai.openclaw.gateway
Cleanup hint: rm ~/Library/LaunchAgents/ai.openclaw.gateway.plist

Recommendation: run a single gateway per machine for most setups. One gateway supports multiple agents (see docs: /gateway#multiple-gateways-same-host).
If you need multiple gateways (e.g., a rescue bot on the same host), isolate ports + config/state (see docs: /gateway#multiple-gateways-same-host).

Troubles: run openclaw status
Troubleshooting: https://docs.openclaw.ai/troubleshooting
[2026-03-16 12:11:36] ✅ Gateway OK (RPC probe passed)
[2026-03-16 12:16:48] Watchdog check...
Cleanup hint: launchctl bootout gui/$UID/ai.openclaw.gateway
Cleanup hint: rm ~/Library/LaunchAgents/ai.openclaw.gateway.plist

Recommendation: run a single gateway per machine for most setups. One gateway supports multiple agents (see docs: /gateway#multiple-gateways-same-host).
If you need multiple gateways (e.g., a rescue bot on the same host), isolate ports + config/state (see docs: /gateway#multiple-gateways-same-host).

Troubles: run openclaw status
Troubleshooting: https://docs.openclaw.ai/troubleshooting
[2026-03-16 12:16:48] ✅ Gateway OK (RPC probe passed)
[2026-03-16 12:21:56] Watchdog check...
Cleanup hint: launchctl bootout gui/$UID/ai.openclaw.gateway
Cleanup hint: rm ~/Library/LaunchAgents/ai.openclaw.gateway.plist

Recommendation: run a single gateway per machine for most setups. One gateway supports multiple agents (see docs: /gateway#multiple-gateways-same-host).
If you need multiple gateways (e.g., a rescue bot on the same host), isolate ports + config/state (see docs: /gateway#multiple-gateways-same-host).

Troubles: run openclaw status
Troubleshooting: https://docs.openclaw.ai/troubleshooting
[2026-03-16 12:21:56] ✅ Gateway OK (RPC probe passed)
[2026-03-16 12:27:04] Watchdog check...
Cleanup hint: launchctl bootout gui/$UID/ai.openclaw.gateway
Cleanup hint: rm ~/Library/LaunchAgents/ai.openclaw.gateway.plist

Recommendation: run a single gateway per machine for most setups. One gateway supports multiple agents (see docs: /gateway#multiple-gateways-same-host).
If you need multiple gateways (e.g., a rescue bot on the same host), isolate ports + config/state (see docs: /gateway#multiple-gateways-same-host).

Troubles: run openclaw status
Troubleshooting: https://docs.openclaw.ai/troubleshooting
[2026-03-16 12:27:04] ✅ Gateway OK (RPC probe passed)
[2026-03-16 12:32:15] Watchdog check...
Cleanup hint: launchctl bootout gui/$UID/ai.openclaw.gateway
Cleanup hint: rm ~/Library/LaunchAgents/ai.openclaw.gateway.plist

Recommendation: run a single gateway per machine for most setups. One gateway supports multiple agents (see docs: /gateway#multiple-gateways-same-host).
If you need multiple gateways (e.g., a rescue bot on the same host), isolate ports + config/state (see docs: /gateway#multiple-gateways-same-host).

Troubles: run openclaw status
Troubleshooting: https://docs.openclaw.ai/troubleshooting
[2026-03-16 12:32:15] ✅ Gateway OK (RPC probe passed)
[2026-03-16 12:37:22] Watchdog check...
Config (/Users/apple/.openclaw/openclaw.json): missing env var "MYNEWAPI_API_KEY" at models.providers.mynewapi.apiKey — feature using this value will be unavailable
Config (/Users/apple/.openclaw/openclaw.json): missing env var "GOOGLE_GEMINI_API_KEY" at models.providers.google-gemini.apiKey — feature using this value will be unavailable
Config (/Users/apple/.openclaw/openclaw.json): missing env var "DOUBAO_WEB_API_KEY" at models.providers.doubao-web.apiKey — feature using this value will be unavailable
Config (/Users/apple/.openclaw/openclaw.json): missing env var "NANASHIWANG_API_KEY" at models.providers.nanashiwang.apiKey — feature using this value will be unavailable
Config (/Users/apple/.openclaw/openclaw.json): missing env var "CRS_API_KEY" at models.providers.crs.apiKey — feature using this value will be unavailable
Config (/Users/apple/.openclaw/openclaw.json): missing env var "MYGPTAPI_API_KEY" at models.providers.mygptapi.apiKey — feature using this value will be unavailable
Config (/Users/apple/.openclaw/openclaw.json): missing env var "OPENCLAW_GATEWAY_TOKEN" at gateway.auth.token — feature using this value will be unavailable
Gateway status failed: Error: gateway.auth.token secret reference could not be resolved: Environment variable "OPENCLAW_GATEWAY_TOKEN" is missing or empty.
[2026-03-16 12:37:22] ❌ Gateway unhealthy, restarting LaunchAgent...
Could not find service "ai.openclaw.gateway" in domain for user gui: 501
[2026-03-16 12:37:22] ❌ kickstart failed (rc=113)
[2026-03-16 12:42:29] Watchdog check...
Config (/Users/apple/.openclaw/openclaw.json): missing env var "MYNEWAPI_API_KEY" at models.providers.mynewapi.apiKey — feature using this value will be unavailable
Config (/Users/apple/.openclaw/openclaw.json): missing env var "GOOGLE_GEMINI_API_KEY" at models.providers.google-gemini.apiKey — feature using this value will be unavailable
Config (/Users/apple/.openclaw/openclaw.json): missing env var "DOUBAO_WEB_API_KEY" at models.providers.doubao-web.apiKey — feature using this value will be unavailable
Config (/Users/apple/.openclaw/openclaw.json): missing env var "NANASHIWANG_API_KEY" at models.providers.nanashiwang.apiKey — feature using this value will be unavailable
Config (/Users/apple/.openclaw/openclaw.json): missing env var "CRS_API_KEY" at models.providers.crs.apiKey — feature using this value will be unavailable
Config (/Users/apple/.openclaw/openclaw.json): missing env var "MYGPTAPI_API_KEY" at models.providers.mygptapi.apiKey — feature using this value will be unavailable
Config (/Users/apple/.openclaw/openclaw.json): missing env var "OPENCLAW_GATEWAY_TOKEN" at gateway.auth.token — feature using this value will be unavailable
Gateway status failed: Error: gateway.auth.token secret reference could not be resolved: Environment variable "OPENCLAW_GATEWAY_TOKEN" is missing or empty.
[2026-03-16 12:42:29] ❌ Gateway unhealthy, restarting LaunchAgent...
Could not find service "ai.openclaw.gateway" in domain for user gui: 501
[2026-03-16 12:42:29] ❌ kickstart failed (rc=113)
[2026-03-16 12:47:36] Watchdog check...
Cleanup hint: launchctl bootout gui/$UID/ai.openclaw.gateway
Cleanup hint: rm ~/Library/LaunchAgents/ai.openclaw.gateway.plist

Recommendation: run a single gateway per machine for most setups. One gateway supports multiple agents (see docs: /gateway#multiple-gateways-same-host).
If you need multiple gateways (e.g., a rescue bot on the same host), isolate ports + config/state (see docs: /gateway#multiple-gateways-same-host).

Troubles: run openclaw status
Troubleshooting: https://docs.openclaw.ai/troubleshooting
[2026-03-16 12:47:36] ✅ Gateway OK (RPC probe passed)
[2026-03-16 12:52:45] Watchdog check...
Cleanup hint: launchctl bootout gui/$UID/ai.openclaw.gateway
Cleanup hint: rm ~/Library/LaunchAgents/ai.openclaw.gateway.plist

Recommendation: run a single gateway per machine for most setups. One gateway supports multiple agents (see docs: /gateway#multiple-gateways-same-host).
If you need multiple gateways (e.g., a rescue bot on the same host), isolate ports + config/state (see docs: /gateway#multiple-gateways-same-host).

Troubles: run openclaw status
Troubleshooting: https://docs.openclaw.ai/troubleshooting
[2026-03-16 12:52:45] ✅ Gateway OK (RPC probe passed)
[2026-03-16 12:57:53] Watchdog check...
Cleanup hint: launchctl bootout gui/$UID/ai.openclaw.gateway
Cleanup hint: rm ~/Library/LaunchAgents/ai.openclaw.gateway.plist

Recommendation: run a single gateway per machine for most setups. One gateway supports multiple agents (see docs: /gateway#multiple-gateways-same-host).
If you need multiple gateways (e.g., a rescue bot on the same host), isolate ports + config/state (see docs: /gateway#multiple-gateways-same-host).

Troubles: run openclaw status
Troubleshooting: https://docs.openclaw.ai/troubleshooting
[2026-03-16 12:57:53] ✅ Gateway OK (RPC probe passed)
[2026-03-16 13:03:02] Watchdog check...
Config (/Users/apple/.openclaw/openclaw.json): missing env var "DOUBAO_WEB_API_KEY" at models.providers.doubao-web.apiKey — feature using this value will be unavailable
Config (/Users/apple/.openclaw/openclaw.json): missing env var "NANASHIWANG_API_KEY" at models.providers.nanashiwang.apiKey — feature using this value will be unavailable
Config (/Users/apple/.openclaw/openclaw.json): missing env var "CRS_API_KEY" at models.providers.crs.apiKey — feature using this value will be unavailable
Config (/Users/apple/.openclaw/openclaw.json): missing env var "MYGPTAPI_API_KEY" at models.providers.mygptapi.apiKey — feature using this value will be unavailable
Config (/Users/apple/.openclaw/openclaw.json): missing env var "OPENCLAW_GATEWAY_TOKEN" at gateway.auth.token — feature using this value will be unavailable
Gateway status failed: GatewaySecretRefUnavailableError: gateway.auth.token is configured as a secret reference but is unavailable in this command path.
Fix: set OPENCLAW_GATEWAY_TOKEN/OPENCLAW_GATEWAY_PASSWORD, pass explicit --token/--password,
or run a gateway command path that resolves secret references before credential selection.
[2026-03-16 13:03:02] ❌ Gateway unhealthy, restarting LaunchAgent...
[2026-03-16 13:03:02] ✅ Gateway restarted by kickstart
[2026-03-16 13:08:11] Watchdog check...
Cleanup hint: launchctl bootout gui/$UID/ai.openclaw.gateway
Cleanup hint: rm ~/Library/LaunchAgents/ai.openclaw.gateway.plist

Recommendation: run a single gateway per machine for most setups. One gateway supports multiple agents (see docs: /gateway#multiple-gateways-same-host).
If you need multiple gateways (e.g., a rescue bot on the same host), isolate ports + config/state (see docs: /gateway#multiple-gateways-same-host).

Troubles: run openclaw status
Troubleshooting: https://docs.openclaw.ai/troubleshooting
[2026-03-16 13:08:11] ✅ Gateway OK (RPC probe passed)
[2026-03-16 13:13:18] Watchdog check...
Cleanup hint: launchctl bootout gui/$UID/ai.openclaw.gateway
Cleanup hint: rm ~/Library/LaunchAgents/ai.openclaw.gateway.plist

Recommendation: run a single gateway per machine for most setups. One gateway supports multiple agents (see docs: /gateway#multiple-gateways-same-host).
If you need multiple gateways (e.g., a rescue bot on the same host), isolate ports + config/state (see docs: /gateway#multiple-gateways-same-host).

Troubles: run openclaw status
Troubleshooting: https://docs.openclaw.ai/troubleshooting
[2026-03-16 13:13:18] ✅ Gateway OK (RPC probe passed)
[2026-03-16 13:18:26] Watchdog check...
Cleanup hint: launchctl bootout gui/$UID/ai.openclaw.gateway
Cleanup hint: rm ~/Library/LaunchAgents/ai.openclaw.gateway.plist

Recommendation: run a single gateway per machine for most setups. One gateway supports multiple agents (see docs: /gateway#multiple-gateways-same-host).
If you need multiple gateways (e.g., a rescue bot on the same host), isolate ports + config/state (see docs: /gateway#multiple-gateways-same-host).

Troubles: run openclaw status
Troubleshooting: https://docs.openclaw.ai/troubleshooting
[2026-03-16 13:18:26] ❌ Gateway unhealthy, restarting LaunchAgent...
Could not find service "ai.openclaw.gateway" in domain for user gui: 501
[2026-03-16 13:18:26] ❌ kickstart failed (rc=113)
[2026-03-16 13:23:33] Watchdog check...
Cleanup hint: launchctl bootout gui/$UID/ai.openclaw.gateway
Cleanup hint: rm ~/Library/LaunchAgents/ai.openclaw.gateway.plist

Recommendation: run a single gateway per machine for most setups. One gateway supports multiple agents (see docs: /gateway#multiple-gateways-same-host).
If you need multiple gateways (e.g., a rescue bot on the same host), isolate ports + config/state (see docs: /gateway#multiple-gateways-same-host).

Troubles: run openclaw status
Troubleshooting: https://docs.openclaw.ai/troubleshooting
[2026-03-16 13:23:33] ✅ Gateway OK (RPC probe passed)
[2026-03-16 13:28:47] Watchdog check...
Cleanup hint: launchctl bootout gui/$UID/ai.openclaw.gateway
Cleanup hint: rm ~/Library/LaunchAgents/ai.openclaw.gateway.plist

Recommendation: run a single gateway per machine for most setups. One gateway supports multiple agents (see docs: /gateway#multiple-gateways-same-host).
If you need multiple gateways (e.g., a rescue bot on the same host), isolate ports + config/state (see docs: /gateway#multiple-gateways-same-host).

Troubles: run openclaw status
Troubleshooting: https://docs.openclaw.ai/troubleshooting
[2026-03-16 13:28:47] ✅ Gateway OK (RPC probe passed)
[2026-03-16 13:33:54] Watchdog check...
Cleanup hint: launchctl bootout gui/$UID/ai.openclaw.gateway
Cleanup hint: rm ~/Library/LaunchAgents/ai.openclaw.gateway.plist

Recommendation: run a single gateway per machine for most setups. One gateway supports multiple agents (see docs: /gateway#multiple-gateways-same-host).
If you need multiple gateways (e.g., a rescue bot on the same host), isolate ports + config/state (see docs: /gateway#multiple-gateways-same-host).

Troubles: run openclaw status
Troubleshooting: https://docs.openclaw.ai/troubleshooting
[2026-03-16 13:33:54] ✅ Gateway OK (RPC probe passed)
[2026-03-16 13:39:03] Watchdog check...
Cleanup hint: launchctl bootout gui/$UID/ai.openclaw.gateway
Cleanup hint: rm ~/Library/LaunchAgents/ai.openclaw.gateway.plist

Recommendation: run a single gateway per machine for most setups. One gateway supports multiple agents (see docs: /gateway#multiple-gateways-same-host).
If you need multiple gateways (e.g., a rescue bot on the same host), isolate ports + config/state (see docs: /gateway#multiple-gateways-same-host).

Troubles: run openclaw status
Troubleshooting: https://docs.openclaw.ai/troubleshooting
[2026-03-16 13:39:03] ✅ Gateway OK (RPC probe passed)
[2026-03-16 13:44:10] Watchdog check...
Cleanup hint: launchctl bootout gui/$UID/ai.openclaw.gateway
Cleanup hint: rm ~/Library/LaunchAgents/ai.openclaw.gateway.plist

Recommendation: run a single gateway per machine for most setups. One gateway supports multiple agents (see docs: /gateway#multiple-gateways-same-host).
If you need multiple gateways (e.g., a rescue bot on the same host), isolate ports + config/state (see docs: /gateway#multiple-gateways-same-host).

Troubles: run openclaw status
Troubleshooting: https://docs.openclaw.ai/troubleshooting
[2026-03-16 13:44:10] ✅ Gateway OK (RPC probe passed)
[2026-03-16 13:49:18] Watchdog check...
Cleanup hint: launchctl bootout gui/$UID/ai.openclaw.gateway
Cleanup hint: rm ~/Library/LaunchAgents/ai.openclaw.gateway.plist

Recommendation: run a single gateway per machine for most setups. One gateway supports multiple agents (see docs: /gateway#multiple-gateways-same-host).
If you need multiple gateways (e.g., a rescue bot on the same host), isolate ports + config/state (see docs: /gateway#multiple-gateways-same-host).

Troubles: run openclaw status
Troubleshooting: https://docs.openclaw.ai/troubleshooting
[2026-03-16 13:49:18] ✅ Gateway OK (RPC probe passed)
[2026-03-16 13:54:28] Watchdog check...
Cleanup hint: launchctl bootout gui/$UID/ai.openclaw.gateway
Cleanup hint: rm ~/Library/LaunchAgents/ai.openclaw.gateway.plist

Recommendation: run a single gateway per machine for most setups. One gateway supports multiple agents (see docs: /gateway#multiple-gateways-same-host).
If you need multiple gateways (e.g., a rescue bot on the same host), isolate ports + config/state (see docs: /gateway#multiple-gateways-same-host).

Troubles: run openclaw status
Troubleshooting: https://docs.openclaw.ai/troubleshooting
[2026-03-16 13:54:28] ✅ Gateway OK (RPC probe passed)
[2026-03-16 13:59:38] Watchdog check...
Cleanup hint: launchctl bootout gui/$UID/ai.openclaw.gateway
Cleanup hint: rm ~/Library/LaunchAgents/ai.openclaw.gateway.plist

Recommendation: run a single gateway per machine for most setups. One gateway supports multiple agents (see docs: /gateway#multiple-gateways-same-host).
If you need multiple gateways (e.g., a rescue bot on the same host), isolate ports + config/state (see docs: /gateway#multiple-gateways-same-host).

Troubles: run openclaw status
Troubleshooting: https://docs.openclaw.ai/troubleshooting
[2026-03-16 13:59:38] ✅ Gateway OK (RPC probe passed)
[2026-03-16 14:04:48] Watchdog check...
Cleanup hint: launchctl bootout gui/$UID/ai.openclaw.gateway
Cleanup hint: rm ~/Library/LaunchAgents/ai.openclaw.gateway.plist

Recommendation: run a single gateway per machine for most setups. One gateway supports multiple agents (see docs: /gateway#multiple-gateways-same-host).
If you need multiple gateways (e.g., a rescue bot on the same host), isolate ports + config/state (see docs: /gateway#multiple-gateways-same-host).

Troubles: run openclaw status
Troubleshooting: https://docs.openclaw.ai/troubleshooting
[2026-03-16 14:04:48] ✅ Gateway OK (RPC probe passed)
[2026-03-16 14:09:57] Watchdog check...
Cleanup hint: launchctl bootout gui/$UID/ai.openclaw.gateway
Cleanup hint: rm ~/Library/LaunchAgents/ai.openclaw.gateway.plist

Recommendation: run a single gateway per machine for most setups. One gateway supports multiple agents (see docs: /gateway#multiple-gateways-same-host).
If you need multiple gateways (e.g., a rescue bot on the same host), isolate ports + config/state (see docs: /gateway#multiple-gateways-same-host).

Troubles: run openclaw status
Troubleshooting: https://docs.openclaw.ai/troubleshooting
[2026-03-16 14:09:57] ✅ Gateway OK (RPC probe passed)
[2026-03-16 14:15:06] Watchdog check...
Cleanup hint: launchctl bootout gui/$UID/ai.openclaw.gateway
Cleanup hint: rm ~/Library/LaunchAgents/ai.openclaw.gateway.plist

Recommendation: run a single gateway per machine for most setups. One gateway supports multiple agents (see docs: /gateway#multiple-gateways-same-host).
If you need multiple gateways (e.g., a rescue bot on the same host), isolate ports + config/state (see docs: /gateway#multiple-gateways-same-host).

Troubles: run openclaw status
Troubleshooting: https://docs.openclaw.ai/troubleshooting
[2026-03-16 14:15:06] ✅ Gateway OK (RPC probe passed)
[2026-03-16 14:20:15] Watchdog check...
Cleanup hint: launchctl bootout gui/$UID/ai.openclaw.gateway
Cleanup hint: rm ~/Library/LaunchAgents/ai.openclaw.gateway.plist

Recommendation: run a single gateway per machine for most setups. One gateway supports multiple agents (see docs: /gateway#multiple-gateways-same-host).
If you need multiple gateways (e.g., a rescue bot on the same host), isolate ports + config/state (see docs: /gateway#multiple-gateways-same-host).

Troubles: run openclaw status
Troubleshooting: https://docs.openclaw.ai/troubleshooting
[2026-03-16 14:20:15] ✅ Gateway OK (RPC probe passed)
[2026-03-16 14:25:23] Watchdog check...
Cleanup hint: launchctl bootout gui/$UID/ai.openclaw.gateway
Cleanup hint: rm ~/Library/LaunchAgents/ai.openclaw.gateway.plist

Recommendation: run a single gateway per machine for most setups. One gateway supports multiple agents (see docs: /gateway#multiple-gateways-same-host).
If you need multiple gateways (e.g., a rescue bot on the same host), isolate ports + config/state (see docs: /gateway#multiple-gateways-same-host).

Troubles: run openclaw status
Troubleshooting: https://docs.openclaw.ai/troubleshooting
[2026-03-16 14:25:23] ✅ Gateway OK (RPC probe passed)
[2026-03-16 14:30:31] Watchdog check...
Cleanup hint: launchctl bootout gui/$UID/ai.openclaw.gateway
Cleanup hint: rm ~/Library/LaunchAgents/ai.openclaw.gateway.plist

Recommendation: run a single gateway per machine for most setups. One gateway supports multiple agents (see docs: /gateway#multiple-gateways-same-host).
If you need multiple gateways (e.g., a rescue bot on the same host), isolate ports + config/state (see docs: /gateway#multiple-gateways-same-host).

Troubles: run openclaw status
Troubleshooting: https://docs.openclaw.ai/troubleshooting
[2026-03-16 14:30:31] ✅ Gateway OK (RPC probe passed)
[2026-03-16 14:35:39] Watchdog check...
Cleanup hint: launchctl bootout gui/$UID/ai.openclaw.gateway
Cleanup hint: rm ~/Library/LaunchAgents/ai.openclaw.gateway.plist

Recommendation: run a single gateway per machine for most setups. One gateway supports multiple agents (see docs: /gateway#multiple-gateways-same-host).
If you need multiple gateways (e.g., a rescue bot on the same host), isolate ports + config/state (see docs: /gateway#multiple-gateways-same-host).

Troubles: run openclaw status
Troubleshooting: https://docs.openclaw.ai/troubleshooting
[2026-03-16 14:35:39] ✅ Gateway OK (RPC probe passed)
[2026-03-16 14:40:51] Watchdog check...
Cleanup hint: launchctl bootout gui/$UID/ai.openclaw.gateway
Cleanup hint: rm ~/Library/LaunchAgents/ai.openclaw.gateway.plist

Recommendation: run a single gateway per machine for most setups. One gateway supports multiple agents (see docs: /gateway#multiple-gateways-same-host).
If you need multiple gateways (e.g., a rescue bot on the same host), isolate ports + config/state (see docs: /gateway#multiple-gateways-same-host).

Troubles: run openclaw status
Troubleshooting: https://docs.openclaw.ai/troubleshooting
[2026-03-16 14:40:51] ✅ Gateway OK (RPC probe passed)
[2026-03-16 14:46:03] Watchdog check...
Cleanup hint: launchctl bootout gui/$UID/ai.openclaw.gateway
Cleanup hint: rm ~/Library/LaunchAgents/ai.openclaw.gateway.plist

Recommendation: run a single gateway per machine for most setups. One gateway supports multiple agents (see docs: /gateway#multiple-gateways-same-host).
If you need multiple gateways (e.g., a rescue bot on the same host), isolate ports + config/state (see docs: /gateway#multiple-gateways-same-host).

Troubles: run openclaw status
Troubleshooting: https://docs.openclaw.ai/troubleshooting
[2026-03-16 14:46:03] ✅ Gateway OK (RPC probe passed)
[2026-03-16 14:51:19] Watchdog check...
Cleanup hint: launchctl bootout gui/$UID/ai.openclaw.gateway
Cleanup hint: rm ~/Library/LaunchAgents/ai.openclaw.gateway.plist

Recommendation: run a single gateway per machine for most setups. One gateway supports multiple agents (see docs: /gateway#multiple-gateways-same-host).
If you need multiple gateways (e.g., a rescue bot on the same host), isolate ports + config/state (see docs: /gateway#multiple-gateways-same-host).

Troubles: run openclaw status
Troubleshooting: https://docs.openclaw.ai/troubleshooting
[2026-03-16 14:51:19] ✅ Gateway OK (RPC probe passed)
[2026-03-16 14:56:28] Watchdog check...
Cleanup hint: launchctl bootout gui/$UID/ai.openclaw.gateway
Cleanup hint: rm ~/Library/LaunchAgents/ai.openclaw.gateway.plist

Recommendation: run a single gateway per machine for most setups. One gateway supports multiple agents (see docs: /gateway#multiple-gateways-same-host).
If you need multiple gateways (e.g., a rescue bot on the same host), isolate ports + config/state (see docs: /gateway#multiple-gateways-same-host).

Troubles: run openclaw status
Troubleshooting: https://docs.openclaw.ai/troubleshooting
[2026-03-16 14:56:28] ✅ Gateway OK (RPC probe passed)
[2026-03-16 15:01:38] Watchdog check...
Cleanup hint: launchctl bootout gui/$UID/ai.openclaw.gateway
Cleanup hint: rm ~/Library/LaunchAgents/ai.openclaw.gateway.plist

Recommendation: run a single gateway per machine for most setups. One gateway supports multiple agents (see docs: /gateway#multiple-gateways-same-host).
If you need multiple gateways (e.g., a rescue bot on the same host), isolate ports + config/state (see docs: /gateway#multiple-gateways-same-host).

Troubles: run openclaw status
Troubleshooting: https://docs.openclaw.ai/troubleshooting
[2026-03-16 15:01:38] ✅ Gateway OK (RPC probe passed)
[2026-03-16 15:06:48] Watchdog check...
Cleanup hint: launchctl bootout gui/$UID/ai.openclaw.gateway
Cleanup hint: rm ~/Library/LaunchAgents/ai.openclaw.gateway.plist

Recommendation: run a single gateway per machine for most setups. One gateway supports multiple agents (see docs: /gateway#multiple-gateways-same-host).
If you need multiple gateways (e.g., a rescue bot on the same host), isolate ports + config/state (see docs: /gateway#multiple-gateways-same-host).

Troubles: run openclaw status
Troubleshooting: https://docs.openclaw.ai/troubleshooting
[2026-03-16 15:06:48] ✅ Gateway OK (RPC probe passed)
[2026-03-16 15:11:56] Watchdog check...
Cleanup hint: launchctl bootout gui/$UID/ai.openclaw.gateway
Cleanup hint: rm ~/Library/LaunchAgents/ai.openclaw.gateway.plist

Recommendation: run a single gateway per machine for most setups. One gateway supports multiple agents (see docs: /gateway#multiple-gateways-same-host).
If you need multiple gateways (e.g., a rescue bot on the same host), isolate ports + config/state (see docs: /gateway#multiple-gateways-same-host).

Troubles: run openclaw status
Troubleshooting: https://docs.openclaw.ai/troubleshooting
[2026-03-16 15:11:56] ✅ Gateway OK (RPC probe passed)
[2026-03-16 15:17:03] Watchdog check...
Cleanup hint: launchctl bootout gui/$UID/ai.openclaw.gateway
Cleanup hint: rm ~/Library/LaunchAgents/ai.openclaw.gateway.plist

Recommendation: run a single gateway per machine for most setups. One gateway supports multiple agents (see docs: /gateway#multiple-gateways-same-host).
If you need multiple gateways (e.g., a rescue bot on the same host), isolate ports + config/state (see docs: /gateway#multiple-gateways-same-host).

Troubles: run openclaw status
Troubleshooting: https://docs.openclaw.ai/troubleshooting
[2026-03-16 15:17:03] ✅ Gateway OK (RPC probe passed)
[2026-03-16 15:22:10] Watchdog check...
Cleanup hint: launchctl bootout gui/$UID/ai.openclaw.gateway
Cleanup hint: rm ~/Library/LaunchAgents/ai.openclaw.gateway.plist

Recommendation: run a single gateway per machine for most setups. One gateway supports multiple agents (see docs: /gateway#multiple-gateways-same-host).
If you need multiple gateways (e.g., a rescue bot on the same host), isolate ports + config/state (see docs: /gateway#multiple-gateways-same-host).

Troubles: run openclaw status
Troubleshooting: https://docs.openclaw.ai/troubleshooting
[2026-03-16 15:22:10] ✅ Gateway OK (RPC probe passed)
[2026-03-16 15:27:17] Watchdog check...
Cleanup hint: launchctl bootout gui/$UID/ai.openclaw.gateway
Cleanup hint: rm ~/Library/LaunchAgents/ai.openclaw.gateway.plist

Recommendation: run a single gateway per machine for most setups. One gateway supports multiple agents (see docs: /gateway#multiple-gateways-same-host).
If you need multiple gateways (e.g., a rescue bot on the same host), isolate ports + config/state (see docs: /gateway#multiple-gateways-same-host).

Troubles: run openclaw status
Troubleshooting: https://docs.openclaw.ai/troubleshooting
[2026-03-16 15:27:17] ✅ Gateway OK (RPC probe passed)
[2026-03-16 15:32:25] Watchdog check...
Cleanup hint: launchctl bootout gui/$UID/ai.openclaw.gateway
Cleanup hint: rm ~/Library/LaunchAgents/ai.openclaw.gateway.plist

Recommendation: run a single gateway per machine for most setups. One gateway supports multiple agents (see docs: /gateway#multiple-gateways-same-host).
If you need multiple gateways (e.g., a rescue bot on the same host), isolate ports + config/state (see docs: /gateway#multiple-gateways-same-host).

Troubles: run openclaw status
Troubleshooting: https://docs.openclaw.ai/troubleshooting
[2026-03-16 15:32:25] ✅ Gateway OK (RPC probe passed)
[2026-03-16 15:37:32] Watchdog check...
Cleanup hint: launchctl bootout gui/$UID/ai.openclaw.gateway
Cleanup hint: rm ~/Library/LaunchAgents/ai.openclaw.gateway.plist

Recommendation: run a single gateway per machine for most setups. One gateway supports multiple agents (see docs: /gateway#multiple-gateways-same-host).
If you need multiple gateways (e.g., a rescue bot on the same host), isolate ports + config/state (see docs: /gateway#multiple-gateways-same-host).

Troubles: run openclaw status
Troubleshooting: https://docs.openclaw.ai/troubleshooting
[2026-03-16 15:37:32] ✅ Gateway OK (RPC probe passed)
[2026-03-16 15:42:39] Watchdog check...
Cleanup hint: launchctl bootout gui/$UID/ai.openclaw.gateway
Cleanup hint: rm ~/Library/LaunchAgents/ai.openclaw.gateway.plist

Recommendation: run a single gateway per machine for most setups. One gateway supports multiple agents (see docs: /gateway#multiple-gateways-same-host).
If you need multiple gateways (e.g., a rescue bot on the same host), isolate ports + config/state (see docs: /gateway#multiple-gateways-same-host).

Troubles: run openclaw status
Troubleshooting: https://docs.openclaw.ai/troubleshooting
[2026-03-16 15:42:39] ✅ Gateway OK (RPC probe passed)
[2026-03-16 15:47:47] Watchdog check...
Cleanup hint: launchctl bootout gui/$UID/ai.openclaw.gateway
Cleanup hint: rm ~/Library/LaunchAgents/ai.openclaw.gateway.plist

Recommendation: run a single gateway per machine for most setups. One gateway supports multiple agents (see docs: /gateway#multiple-gateways-same-host).
If you need multiple gateways (e.g., a rescue bot on the same host), isolate ports + config/state (see docs: /gateway#multiple-gateways-same-host).

Troubles: run openclaw status
Troubleshooting: https://docs.openclaw.ai/troubleshooting
[2026-03-16 15:47:47] ✅ Gateway OK (RPC probe passed)
[2026-03-16 15:52:55] Watchdog check...
Cleanup hint: launchctl bootout gui/$UID/ai.openclaw.gateway
Cleanup hint: rm ~/Library/LaunchAgents/ai.openclaw.gateway.plist

Recommendation: run a single gateway per machine for most setups. One gateway supports multiple agents (see docs: /gateway#multiple-gateways-same-host).
If you need multiple gateways (e.g., a rescue bot on the same host), isolate ports + config/state (see docs: /gateway#multiple-gateways-same-host).

Troubles: run openclaw status
Troubleshooting: https://docs.openclaw.ai/troubleshooting
[2026-03-16 15:52:55] ✅ Gateway OK (RPC probe passed)
[2026-03-16 15:58:02] Watchdog check...
Cleanup hint: launchctl bootout gui/$UID/ai.openclaw.gateway
Cleanup hint: rm ~/Library/LaunchAgents/ai.openclaw.gateway.plist

Recommendation: run a single gateway per machine for most setups. One gateway supports multiple agents (see docs: /gateway#multiple-gateways-same-host).
If you need multiple gateways (e.g., a rescue bot on the same host), isolate ports + config/state (see docs: /gateway#multiple-gateways-same-host).

Troubles: run openclaw status
Troubleshooting: https://docs.openclaw.ai/troubleshooting
[2026-03-16 15:58:02] ✅ Gateway OK (RPC probe passed)
[2026-03-16 16:03:10] Watchdog check...
Cleanup hint: launchctl bootout gui/$UID/ai.openclaw.gateway
Cleanup hint: rm ~/Library/LaunchAgents/ai.openclaw.gateway.plist

Recommendation: run a single gateway per machine for most setups. One gateway supports multiple agents (see docs: /gateway#multiple-gateways-same-host).
If you need multiple gateways (e.g., a rescue bot on the same host), isolate ports + config/state (see docs: /gateway#multiple-gateways-same-host).

Troubles: run openclaw status
Troubleshooting: https://docs.openclaw.ai/troubleshooting
[2026-03-16 16:03:10] ✅ Gateway OK (RPC probe passed)
[2026-03-16 16:08:17] Watchdog check...
Cleanup hint: launchctl bootout gui/$UID/ai.openclaw.gateway
Cleanup hint: rm ~/Library/LaunchAgents/ai.openclaw.gateway.plist

Recommendation: run a single gateway per machine for most setups. One gateway supports multiple agents (see docs: /gateway#multiple-gateways-same-host).
If you need multiple gateways (e.g., a rescue bot on the same host), isolate ports + config/state (see docs: /gateway#multiple-gateways-same-host).

Troubles: run openclaw status
Troubleshooting: https://docs.openclaw.ai/troubleshooting
[2026-03-16 16:08:17] ✅ Gateway OK (RPC probe passed)
[2026-03-16 16:13:24] Watchdog check...
Cleanup hint: launchctl bootout gui/$UID/ai.openclaw.gateway
Cleanup hint: rm ~/Library/LaunchAgents/ai.openclaw.gateway.plist

Recommendation: run a single gateway per machine for most setups. One gateway supports multiple agents (see docs: /gateway#multiple-gateways-same-host).
If you need multiple gateways (e.g., a rescue bot on the same host), isolate ports + config/state (see docs: /gateway#multiple-gateways-same-host).

Troubles: run openclaw status
Troubleshooting: https://docs.openclaw.ai/troubleshooting
[2026-03-16 16:13:24] ✅ Gateway OK (RPC probe passed)
[2026-03-16 16:18:38] Watchdog check...
Cleanup hint: launchctl bootout gui/$UID/ai.openclaw.gateway
Cleanup hint: rm ~/Library/LaunchAgents/ai.openclaw.gateway.plist

Recommendation: run a single gateway per machine for most setups. One gateway supports multiple agents (see docs: /gateway#multiple-gateways-same-host).
If you need multiple gateways (e.g., a rescue bot on the same host), isolate ports + config/state (see docs: /gateway#multiple-gateways-same-host).

Troubles: run openclaw status
Troubleshooting: https://docs.openclaw.ai/troubleshooting
[2026-03-16 16:18:38] ✅ Gateway OK (RPC probe passed)
[2026-03-16 16:23:57] Watchdog check...
Cleanup hint: launchctl bootout gui/$UID/ai.openclaw.gateway
Cleanup hint: rm ~/Library/LaunchAgents/ai.openclaw.gateway.plist

Recommendation: run a single gateway per machine for most setups. One gateway supports multiple agents (see docs: /gateway#multiple-gateways-same-host).
If you need multiple gateways (e.g., a rescue bot on the same host), isolate ports + config/state (see docs: /gateway#multiple-gateways-same-host).

Troubles: run openclaw status
Troubleshooting: https://docs.openclaw.ai/troubleshooting
[2026-03-16 16:23:57] ✅ Gateway OK (RPC probe passed)
[2026-03-16 16:29:13] Watchdog check...
Cleanup hint: launchctl bootout gui/$UID/ai.openclaw.gateway
Cleanup hint: rm ~/Library/LaunchAgents/ai.openclaw.gateway.plist

Recommendation: run a single gateway per machine for most setups. One gateway supports multiple agents (see docs: /gateway#multiple-gateways-same-host).
If you need multiple gateways (e.g., a rescue bot on the same host), isolate ports + config/state (see docs: /gateway#multiple-gateways-same-host).

Troubles: run openclaw status
Troubleshooting: https://docs.openclaw.ai/troubleshooting
[2026-03-16 16:29:13] ✅ Gateway OK (RPC probe passed)
[2026-03-16 16:34:25] Watchdog check...
Cleanup hint: launchctl bootout gui/$UID/ai.openclaw.gateway
Cleanup hint: rm ~/Library/LaunchAgents/ai.openclaw.gateway.plist

Recommendation: run a single gateway per machine for most setups. One gateway supports multiple agents (see docs: /gateway#multiple-gateways-same-host).
If you need multiple gateways (e.g., a rescue bot on the same host), isolate ports + config/state (see docs: /gateway#multiple-gateways-same-host).

Troubles: run openclaw status
Troubleshooting: https://docs.openclaw.ai/troubleshooting
[2026-03-16 16:34:25] ✅ Gateway OK (RPC probe passed)
[2026-03-16 16:39:37] Watchdog check...
Cleanup hint: launchctl bootout gui/$UID/ai.openclaw.gateway
Cleanup hint: rm ~/Library/LaunchAgents/ai.openclaw.gateway.plist

Recommendation: run a single gateway per machine for most setups. One gateway supports multiple agents (see docs: /gateway#multiple-gateways-same-host).
If you need multiple gateways (e.g., a rescue bot on the same host), isolate ports + config/state (see docs: /gateway#multiple-gateways-same-host).

Troubles: run openclaw status
Troubleshooting: https://docs.openclaw.ai/troubleshooting
[2026-03-16 16:39:37] ✅ Gateway OK (RPC probe passed)
[2026-03-16 16:44:49] Watchdog check...
Cleanup hint: launchctl bootout gui/$UID/ai.openclaw.gateway
Cleanup hint: rm ~/Library/LaunchAgents/ai.openclaw.gateway.plist

Recommendation: run a single gateway per machine for most setups. One gateway supports multiple agents (see docs: /gateway#multiple-gateways-same-host).
If you need multiple gateways (e.g., a rescue bot on the same host), isolate ports + config/state (see docs: /gateway#multiple-gateways-same-host).

Troubles: run openclaw status
Troubleshooting: https://docs.openclaw.ai/troubleshooting
[2026-03-16 16:44:49] ✅ Gateway OK (RPC probe passed)
[2026-03-16 16:50:01] Watchdog check...
Cleanup hint: launchctl bootout gui/$UID/ai.openclaw.gateway
Cleanup hint: rm ~/Library/LaunchAgents/ai.openclaw.gateway.plist

Recommendation: run a single gateway per machine for most setups. One gateway supports multiple agents (see docs: /gateway#multiple-gateways-same-host).
If you need multiple gateways (e.g., a rescue bot on the same host), isolate ports + config/state (see docs: /gateway#multiple-gateways-same-host).

Troubles: run openclaw status
Troubleshooting: https://docs.openclaw.ai/troubleshooting
[2026-03-16 16:50:01] ✅ Gateway OK (RPC probe passed)
[2026-03-16 16:55:13] Watchdog check...
Cleanup hint: launchctl bootout gui/$UID/ai.openclaw.gateway
Cleanup hint: rm ~/Library/LaunchAgents/ai.openclaw.gateway.plist

Recommendation: run a single gateway per machine for most setups. One gateway supports multiple agents (see docs: /gateway#multiple-gateways-same-host).
If you need multiple gateways (e.g., a rescue bot on the same host), isolate ports + config/state (see docs: /gateway#multiple-gateways-same-host).

Troubles: run openclaw status
Troubleshooting: https://docs.openclaw.ai/troubleshooting
[2026-03-16 16:55:13] ✅ Gateway OK (RPC probe passed)
[2026-03-16 17:00:23] Watchdog check...
Cleanup hint: launchctl bootout gui/$UID/ai.openclaw.gateway
Cleanup hint: rm ~/Library/LaunchAgents/ai.openclaw.gateway.plist

Recommendation: run a single gateway per machine for most setups. One gateway supports multiple agents (see docs: /gateway#multiple-gateways-same-host).
If you need multiple gateways (e.g., a rescue bot on the same host), isolate ports + config/state (see docs: /gateway#multiple-gateways-same-host).

Troubles: run openclaw status
Troubleshooting: https://docs.openclaw.ai/troubleshooting
[2026-03-16 17:00:23] ✅ Gateway OK (RPC probe passed)
[2026-03-16 17:05:31] Watchdog check...
Cleanup hint: launchctl bootout gui/$UID/ai.openclaw.gateway
Cleanup hint: rm ~/Library/LaunchAgents/ai.openclaw.gateway.plist

Recommendation: run a single gateway per machine for most setups. One gateway supports multiple agents (see docs: /gateway#multiple-gateways-same-host).
If you need multiple gateways (e.g., a rescue bot on the same host), isolate ports + config/state (see docs: /gateway#multiple-gateways-same-host).

Troubles: run openclaw status
Troubleshooting: https://docs.openclaw.ai/troubleshooting
[2026-03-16 17:05:31] ✅ Gateway OK (RPC probe passed)
[2026-03-16 17:10:39] Watchdog check...
Cleanup hint: launchctl bootout gui/$UID/ai.openclaw.gateway
Cleanup hint: rm ~/Library/LaunchAgents/ai.openclaw.gateway.plist

Recommendation: run a single gateway per machine for most setups. One gateway supports multiple agents (see docs: /gateway#multiple-gateways-same-host).
If you need multiple gateways (e.g., a rescue bot on the same host), isolate ports + config/state (see docs: /gateway#multiple-gateways-same-host).

Troubles: run openclaw status
Troubleshooting: https://docs.openclaw.ai/troubleshooting
[2026-03-16 17:10:39] ✅ Gateway OK (RPC probe passed)
[2026-03-16 17:15:47] Watchdog check...
Cleanup hint: launchctl bootout gui/$UID/ai.openclaw.gateway
Cleanup hint: rm ~/Library/LaunchAgents/ai.openclaw.gateway.plist

Recommendation: run a single gateway per machine for most setups. One gateway supports multiple agents (see docs: /gateway#multiple-gateways-same-host).
If you need multiple gateways (e.g., a rescue bot on the same host), isolate ports + config/state (see docs: /gateway#multiple-gateways-same-host).

Troubles: run openclaw status
Troubleshooting: https://docs.openclaw.ai/troubleshooting
[2026-03-16 17:15:47] ✅ Gateway OK (RPC probe passed)
[2026-03-16 17:20:58] Watchdog check...
Cleanup hint: launchctl bootout gui/$UID/ai.openclaw.gateway
Cleanup hint: rm ~/Library/LaunchAgents/ai.openclaw.gateway.plist

Recommendation: run a single gateway per machine for most setups. One gateway supports multiple agents (see docs: /gateway#multiple-gateways-same-host).
If you need multiple gateways (e.g., a rescue bot on the same host), isolate ports + config/state (see docs: /gateway#multiple-gateways-same-host).

Troubles: run openclaw status
Troubleshooting: https://docs.openclaw.ai/troubleshooting
[2026-03-16 17:20:58] ✅ Gateway OK (RPC probe passed)
[2026-03-16 17:26:05] Watchdog check...
Cleanup hint: launchctl bootout gui/$UID/ai.openclaw.gateway
Cleanup hint: rm ~/Library/LaunchAgents/ai.openclaw.gateway.plist

Recommendation: run a single gateway per machine for most setups. One gateway supports multiple agents (see docs: /gateway#multiple-gateways-same-host).
If you need multiple gateways (e.g., a rescue bot on the same host), isolate ports + config/state (see docs: /gateway#multiple-gateways-same-host).

Troubles: run openclaw status
Troubleshooting: https://docs.openclaw.ai/troubleshooting
[2026-03-16 17:26:05] ✅ Gateway OK (RPC probe passed)
[2026-03-16 17:31:13] Watchdog check...
Cleanup hint: launchctl bootout gui/$UID/ai.openclaw.gateway
Cleanup hint: rm ~/Library/LaunchAgents/ai.openclaw.gateway.plist

Recommendation: run a single gateway per machine for most setups. One gateway supports multiple agents (see docs: /gateway#multiple-gateways-same-host).
If you need multiple gateways (e.g., a rescue bot on the same host), isolate ports + config/state (see docs: /gateway#multiple-gateways-same-host).

Troubles: run openclaw status
Troubleshooting: https://docs.openclaw.ai/troubleshooting
[2026-03-16 17:31:13] ✅ Gateway OK (RPC probe passed)
[2026-03-16 17:36:20] Watchdog check...
Cleanup hint: launchctl bootout gui/$UID/ai.openclaw.gateway
Cleanup hint: rm ~/Library/LaunchAgents/ai.openclaw.gateway.plist

Recommendation: run a single gateway per machine for most setups. One gateway supports multiple agents (see docs: /gateway#multiple-gateways-same-host).
If you need multiple gateways (e.g., a rescue bot on the same host), isolate ports + config/state (see docs: /gateway#multiple-gateways-same-host).

Troubles: run openclaw status
Troubleshooting: https://docs.openclaw.ai/troubleshooting
[2026-03-16 17:36:20] ✅ Gateway OK (RPC probe passed)
[2026-03-16 17:41:30] Watchdog check...
Cleanup hint: launchctl bootout gui/$UID/ai.openclaw.gateway
Cleanup hint: rm ~/Library/LaunchAgents/ai.openclaw.gateway.plist

Recommendation: run a single gateway per machine for most setups. One gateway supports multiple agents (see docs: /gateway#multiple-gateways-same-host).
If you need multiple gateways (e.g., a rescue bot on the same host), isolate ports + config/state (see docs: /gateway#multiple-gateways-same-host).

Troubles: run openclaw status
Troubleshooting: https://docs.openclaw.ai/troubleshooting
[2026-03-16 17:41:30] ✅ Gateway OK (RPC probe passed)
[2026-03-16 17:46:37] Watchdog check...
Cleanup hint: launchctl bootout gui/$UID/ai.openclaw.gateway
Cleanup hint: rm ~/Library/LaunchAgents/ai.openclaw.gateway.plist

Recommendation: run a single gateway per machine for most setups. One gateway supports multiple agents (see docs: /gateway#multiple-gateways-same-host).
If you need multiple gateways (e.g., a rescue bot on the same host), isolate ports + config/state (see docs: /gateway#multiple-gateways-same-host).

Troubles: run openclaw status
Troubleshooting: https://docs.openclaw.ai/troubleshooting
[2026-03-16 17:46:37] ✅ Gateway OK (RPC probe passed)
[2026-03-16 17:51:45] Watchdog check...
Cleanup hint: launchctl bootout gui/$UID/ai.openclaw.gateway
Cleanup hint: rm ~/Library/LaunchAgents/ai.openclaw.gateway.plist

Recommendation: run a single gateway per machine for most setups. One gateway supports multiple agents (see docs: /gateway#multiple-gateways-same-host).
If you need multiple gateways (e.g., a rescue bot on the same host), isolate ports + config/state (see docs: /gateway#multiple-gateways-same-host).

Troubles: run openclaw status
Troubleshooting: https://docs.openclaw.ai/troubleshooting
[2026-03-16 17:51:45] ✅ Gateway OK (RPC probe passed)
[2026-03-16 17:56:52] Watchdog check...
Cleanup hint: launchctl bootout gui/$UID/ai.openclaw.gateway
Cleanup hint: rm ~/Library/LaunchAgents/ai.openclaw.gateway.plist

Recommendation: run a single gateway per machine for most setups. One gateway supports multiple agents (see docs: /gateway#multiple-gateways-same-host).
If you need multiple gateways (e.g., a rescue bot on the same host), isolate ports + config/state (see docs: /gateway#multiple-gateways-same-host).

Troubles: run openclaw status
Troubleshooting: https://docs.openclaw.ai/troubleshooting
[2026-03-16 17:56:52] ✅ Gateway OK (RPC probe passed)
[2026-03-16 18:01:59] Watchdog check...
Cleanup hint: launchctl bootout gui/$UID/ai.openclaw.gateway
Cleanup hint: rm ~/Library/LaunchAgents/ai.openclaw.gateway.plist

Recommendation: run a single gateway per machine for most setups. One gateway supports multiple agents (see docs: /gateway#multiple-gateways-same-host).
If you need multiple gateways (e.g., a rescue bot on the same host), isolate ports + config/state (see docs: /gateway#multiple-gateways-same-host).

Troubles: run openclaw status
Troubleshooting: https://docs.openclaw.ai/troubleshooting
[2026-03-16 18:01:59] ✅ Gateway OK (RPC probe passed)
[2026-03-16 18:07:07] Watchdog check...
Cleanup hint: launchctl bootout gui/$UID/ai.openclaw.gateway
Cleanup hint: rm ~/Library/LaunchAgents/ai.openclaw.gateway.plist

Recommendation: run a single gateway per machine for most setups. One gateway supports multiple agents (see docs: /gateway#multiple-gateways-same-host).
If you need multiple gateways (e.g., a rescue bot on the same host), isolate ports + config/state (see docs: /gateway#multiple-gateways-same-host).

Troubles: run openclaw status
Troubleshooting: https://docs.openclaw.ai/troubleshooting
[2026-03-16 18:07:07] ✅ Gateway OK (RPC probe passed)
[2026-03-16 18:12:14] Watchdog check...
Cleanup hint: launchctl bootout gui/$UID/ai.openclaw.gateway
Cleanup hint: rm ~/Library/LaunchAgents/ai.openclaw.gateway.plist

Recommendation: run a single gateway per machine for most setups. One gateway supports multiple agents (see docs: /gateway#multiple-gateways-same-host).
If you need multiple gateways (e.g., a rescue bot on the same host), isolate ports + config/state (see docs: /gateway#multiple-gateways-same-host).

Troubles: run openclaw status
Troubleshooting: https://docs.openclaw.ai/troubleshooting
[2026-03-16 18:12:14] ✅ Gateway OK (RPC probe passed)
[2026-03-16 18:17:22] Watchdog check...
Cleanup hint: launchctl bootout gui/$UID/ai.openclaw.gateway
Cleanup hint: rm ~/Library/LaunchAgents/ai.openclaw.gateway.plist

Recommendation: run a single gateway per machine for most setups. One gateway supports multiple agents (see docs: /gateway#multiple-gateways-same-host).
If you need multiple gateways (e.g., a rescue bot on the same host), isolate ports + config/state (see docs: /gateway#multiple-gateways-same-host).

Troubles: run openclaw status
Troubleshooting: https://docs.openclaw.ai/troubleshooting
[2026-03-16 18:17:22] ✅ Gateway OK (RPC probe passed)
[2026-03-16 18:22:30] Watchdog check...
Cleanup hint: launchctl bootout gui/$UID/ai.openclaw.gateway
Cleanup hint: rm ~/Library/LaunchAgents/ai.openclaw.gateway.plist

Recommendation: run a single gateway per machine for most setups. One gateway supports multiple agents (see docs: /gateway#multiple-gateways-same-host).
If you need multiple gateways (e.g., a rescue bot on the same host), isolate ports + config/state (see docs: /gateway#multiple-gateways-same-host).

Troubles: run openclaw status
Troubleshooting: https://docs.openclaw.ai/troubleshooting
[2026-03-16 18:22:30] ✅ Gateway OK (RPC probe passed)
[2026-03-16 18:27:39] Watchdog check...
Cleanup hint: launchctl bootout gui/$UID/ai.openclaw.gateway
Cleanup hint: rm ~/Library/LaunchAgents/ai.openclaw.gateway.plist

Recommendation: run a single gateway per machine for most setups. One gateway supports multiple agents (see docs: /gateway#multiple-gateways-same-host).
If you need multiple gateways (e.g., a rescue bot on the same host), isolate ports + config/state (see docs: /gateway#multiple-gateways-same-host).

Troubles: run openclaw status
Troubleshooting: https://docs.openclaw.ai/troubleshooting
[2026-03-16 18:27:39] ✅ Gateway OK (RPC probe passed)
[2026-03-16 18:32:48] Watchdog check...
Cleanup hint: launchctl bootout gui/$UID/ai.openclaw.gateway
Cleanup hint: rm ~/Library/LaunchAgents/ai.openclaw.gateway.plist

Recommendation: run a single gateway per machine for most setups. One gateway supports multiple agents (see docs: /gateway#multiple-gateways-same-host).
If you need multiple gateways (e.g., a rescue bot on the same host), isolate ports + config/state (see docs: /gateway#multiple-gateways-same-host).

Troubles: run openclaw status
Troubleshooting: https://docs.openclaw.ai/troubleshooting
[2026-03-16 18:32:48] ✅ Gateway OK (RPC probe passed)
[2026-03-16 18:37:57] Watchdog check...
Cleanup hint: launchctl bootout gui/$UID/ai.openclaw.gateway
Cleanup hint: rm ~/Library/LaunchAgents/ai.openclaw.gateway.plist

Recommendation: run a single gateway per machine for most setups. One gateway supports multiple agents (see docs: /gateway#multiple-gateways-same-host).
If you need multiple gateways (e.g., a rescue bot on the same host), isolate ports + config/state (see docs: /gateway#multiple-gateways-same-host).

Troubles: run openclaw status
Troubleshooting: https://docs.openclaw.ai/troubleshooting
[2026-03-16 18:37:57] ✅ Gateway OK (RPC probe passed)
[2026-03-16 18:43:06] Watchdog check...
Cleanup hint: launchctl bootout gui/$UID/ai.openclaw.gateway
Cleanup hint: rm ~/Library/LaunchAgents/ai.openclaw.gateway.plist

Recommendation: run a single gateway per machine for most setups. One gateway supports multiple agents (see docs: /gateway#multiple-gateways-same-host).
If you need multiple gateways (e.g., a rescue bot on the same host), isolate ports + config/state (see docs: /gateway#multiple-gateways-same-host).

Troubles: run openclaw status
Troubleshooting: https://docs.openclaw.ai/troubleshooting
[2026-03-16 18:43:06] ✅ Gateway OK (RPC probe passed)
[2026-03-16 18:48:13] Watchdog check...
Cleanup hint: launchctl bootout gui/$UID/ai.openclaw.gateway
Cleanup hint: rm ~/Library/LaunchAgents/ai.openclaw.gateway.plist

Recommendation: run a single gateway per machine for most setups. One gateway supports multiple agents (see docs: /gateway#multiple-gateways-same-host).
If you need multiple gateways (e.g., a rescue bot on the same host), isolate ports + config/state (see docs: /gateway#multiple-gateways-same-host).

Troubles: run openclaw status
Troubleshooting: https://docs.openclaw.ai/troubleshooting
[2026-03-16 18:48:13] ✅ Gateway OK (RPC probe passed)
[2026-03-16 18:53:20] Watchdog check...
Cleanup hint: launchctl bootout gui/$UID/ai.openclaw.gateway
Cleanup hint: rm ~/Library/LaunchAgents/ai.openclaw.gateway.plist

Recommendation: run a single gateway per machine for most setups. One gateway supports multiple agents (see docs: /gateway#multiple-gateways-same-host).
If you need multiple gateways (e.g., a rescue bot on the same host), isolate ports + config/state (see docs: /gateway#multiple-gateways-same-host).

Troubles: run openclaw status
Troubleshooting: https://docs.openclaw.ai/troubleshooting
[2026-03-16 18:53:20] ✅ Gateway OK (RPC probe passed)
[2026-03-16 18:58:28] Watchdog check...
Cleanup hint: launchctl bootout gui/$UID/ai.openclaw.gateway
Cleanup hint: rm ~/Library/LaunchAgents/ai.openclaw.gateway.plist

Recommendation: run a single gateway per machine for most setups. One gateway supports multiple agents (see docs: /gateway#multiple-gateways-same-host).
If you need multiple gateways (e.g., a rescue bot on the same host), isolate ports + config/state (see docs: /gateway#multiple-gateways-same-host).

Troubles: run openclaw status
Troubleshooting: https://docs.openclaw.ai/troubleshooting
[2026-03-16 18:58:28] ✅ Gateway OK (RPC probe passed)
[2026-03-16 19:03:38] Watchdog check...
Cleanup hint: launchctl bootout gui/$UID/ai.openclaw.gateway
Cleanup hint: rm ~/Library/LaunchAgents/ai.openclaw.gateway.plist

Recommendation: run a single gateway per machine for most setups. One gateway supports multiple agents (see docs: /gateway#multiple-gateways-same-host).
If you need multiple gateways (e.g., a rescue bot on the same host), isolate ports + config/state (see docs: /gateway#multiple-gateways-same-host).

Troubles: run openclaw status
Troubleshooting: https://docs.openclaw.ai/troubleshooting
[2026-03-16 19:03:38] ✅ Gateway OK (RPC probe passed)
[2026-03-16 19:08:47] Watchdog check...
Cleanup hint: launchctl bootout gui/$UID/ai.openclaw.gateway
Cleanup hint: rm ~/Library/LaunchAgents/ai.openclaw.gateway.plist

Recommendation: run a single gateway per machine for most setups. One gateway supports multiple agents (see docs: /gateway#multiple-gateways-same-host).
If you need multiple gateways (e.g., a rescue bot on the same host), isolate ports + config/state (see docs: /gateway#multiple-gateways-same-host).

Troubles: run openclaw status
Troubleshooting: https://docs.openclaw.ai/troubleshooting
[2026-03-16 19:08:47] ❌ Gateway unhealthy, restarting LaunchAgent...
Could not find service "ai.openclaw.gateway" in domain for user gui: 501
[2026-03-16 19:08:47] ❌ kickstart failed (rc=113)
[2026-03-16 19:13:56] Watchdog check...
Cleanup hint: launchctl bootout gui/$UID/ai.openclaw.gateway
Cleanup hint: rm ~/Library/LaunchAgents/ai.openclaw.gateway.plist

Recommendation: run a single gateway per machine for most setups. One gateway supports multiple agents (see docs: /gateway#multiple-gateways-same-host).
If you need multiple gateways (e.g., a rescue bot on the same host), isolate ports + config/state (see docs: /gateway#multiple-gateways-same-host).

Troubles: run openclaw status
Troubleshooting: https://docs.openclaw.ai/troubleshooting
[2026-03-16 19:13:56] ✅ Gateway OK (RPC probe passed)
[2026-03-16 19:19:08] Watchdog check...
Cleanup hint: launchctl bootout gui/$UID/ai.openclaw.gateway
Cleanup hint: rm ~/Library/LaunchAgents/ai.openclaw.gateway.plist

Recommendation: run a single gateway per machine for most setups. One gateway supports multiple agents (see docs: /gateway#multiple-gateways-same-host).
If you need multiple gateways (e.g., a rescue bot on the same host), isolate ports + config/state (see docs: /gateway#multiple-gateways-same-host).

Troubles: run openclaw status
Troubleshooting: https://docs.openclaw.ai/troubleshooting
[2026-03-16 19:19:08] ✅ Gateway OK (RPC probe passed)
[2026-03-16 19:24:19] Watchdog check...
Cleanup hint: launchctl bootout gui/$UID/ai.openclaw.gateway
Cleanup hint: rm ~/Library/LaunchAgents/ai.openclaw.gateway.plist

Recommendation: run a single gateway per machine for most setups. One gateway supports multiple agents (see docs: /gateway#multiple-gateways-same-host).
If you need multiple gateways (e.g., a rescue bot on the same host), isolate ports + config/state (see docs: /gateway#multiple-gateways-same-host).

Troubles: run openclaw status
Troubleshooting: https://docs.openclaw.ai/troubleshooting
[2026-03-16 19:24:19] ✅ Gateway OK (RPC probe passed)
[2026-03-16 19:29:32] Watchdog check...
Cleanup hint: launchctl bootout gui/$UID/ai.openclaw.gateway
Cleanup hint: rm ~/Library/LaunchAgents/ai.openclaw.gateway.plist

Recommendation: run a single gateway per machine for most setups. One gateway supports multiple agents (see docs: /gateway#multiple-gateways-same-host).
If you need multiple gateways (e.g., a rescue bot on the same host), isolate ports + config/state (see docs: /gateway#multiple-gateways-same-host).

Troubles: run openclaw status
Troubleshooting: https://docs.openclaw.ai/troubleshooting
[2026-03-16 19:29:32] ✅ Gateway OK (RPC probe passed)
[2026-03-16 19:34:44] Watchdog check...
Cleanup hint: launchctl bootout gui/$UID/ai.openclaw.gateway
Cleanup hint: rm ~/Library/LaunchAgents/ai.openclaw.gateway.plist

Recommendation: run a single gateway per machine for most setups. One gateway supports multiple agents (see docs: /gateway#multiple-gateways-same-host).
If you need multiple gateways (e.g., a rescue bot on the same host), isolate ports + config/state (see docs: /gateway#multiple-gateways-same-host).

Troubles: run openclaw status
Troubleshooting: https://docs.openclaw.ai/troubleshooting
[2026-03-16 19:34:44] ✅ Gateway OK (RPC probe passed)
[2026-03-16 19:39:51] Watchdog check...
Cleanup hint: launchctl bootout gui/$UID/ai.openclaw.gateway
Cleanup hint: rm ~/Library/LaunchAgents/ai.openclaw.gateway.plist

Recommendation: run a single gateway per machine for most setups. One gateway supports multiple agents (see docs: /gateway#multiple-gateways-same-host).
If you need multiple gateways (e.g., a rescue bot on the same host), isolate ports + config/state (see docs: /gateway#multiple-gateways-same-host).

Troubles: run openclaw status
Troubleshooting: https://docs.openclaw.ai/troubleshooting
[2026-03-16 19:39:51] ✅ Gateway OK (RPC probe passed)
[2026-03-16 19:45:01] Watchdog check...
Cleanup hint: launchctl bootout gui/$UID/ai.openclaw.gateway
Cleanup hint: rm ~/Library/LaunchAgents/ai.openclaw.gateway.plist

Recommendation: run a single gateway per machine for most setups. One gateway supports multiple agents (see docs: /gateway#multiple-gateways-same-host).
If you need multiple gateways (e.g., a rescue bot on the same host), isolate ports + config/state (see docs: /gateway#multiple-gateways-same-host).

Troubles: run openclaw status
Troubleshooting: https://docs.openclaw.ai/troubleshooting
[2026-03-16 19:45:01] ✅ Gateway OK (RPC probe passed)
[2026-03-16 19:50:13] Watchdog check...
Cleanup hint: launchctl bootout gui/$UID/ai.openclaw.gateway
Cleanup hint: rm ~/Library/LaunchAgents/ai.openclaw.gateway.plist

Recommendation: run a single gateway per machine for most setups. One gateway supports multiple agents (see docs: /gateway#multiple-gateways-same-host).
If you need multiple gateways (e.g., a rescue bot on the same host), isolate ports + config/state (see docs: /gateway#multiple-gateways-same-host).

Troubles: run openclaw status
Troubleshooting: https://docs.openclaw.ai/troubleshooting
[2026-03-16 19:50:13] ✅ Gateway OK (RPC probe passed)
[2026-03-16 19:55:28] Watchdog check...
Cleanup hint: launchctl bootout gui/$UID/ai.openclaw.gateway
Cleanup hint: rm ~/Library/LaunchAgents/ai.openclaw.gateway.plist

Recommendation: run a single gateway per machine for most setups. One gateway supports multiple agents (see docs: /gateway#multiple-gateways-same-host).
If you need multiple gateways (e.g., a rescue bot on the same host), isolate ports + config/state (see docs: /gateway#multiple-gateways-same-host).

Troubles: run openclaw status
Troubleshooting: https://docs.openclaw.ai/troubleshooting
[2026-03-16 19:55:28] ❌ Gateway unhealthy, restarting LaunchAgent...
Could not find service "ai.openclaw.gateway" in domain for user gui: 501
[2026-03-16 19:55:28] ❌ kickstart failed (rc=113)
[2026-03-16 20:00:39] Watchdog check...
Cleanup hint: launchctl bootout gui/$UID/ai.openclaw.gateway
Cleanup hint: rm ~/Library/LaunchAgents/ai.openclaw.gateway.plist

Recommendation: run a single gateway per machine for most setups. One gateway supports multiple agents (see docs: /gateway#multiple-gateways-same-host).
If you need multiple gateways (e.g., a rescue bot on the same host), isolate ports + config/state (see docs: /gateway#multiple-gateways-same-host).

Troubles: run openclaw status
Troubleshooting: https://docs.openclaw.ai/troubleshooting
[2026-03-16 20:00:39] ✅ Gateway OK (RPC probe passed)
[2026-03-16 20:05:52] Watchdog check...
Cleanup hint: launchctl bootout gui/$UID/ai.openclaw.gateway
Cleanup hint: rm ~/Library/LaunchAgents/ai.openclaw.gateway.plist

Recommendation: run a single gateway per machine for most setups. One gateway supports multiple agents (see docs: /gateway#multiple-gateways-same-host).
If you need multiple gateways (e.g., a rescue bot on the same host), isolate ports + config/state (see docs: /gateway#multiple-gateways-same-host).

Troubles: run openclaw status
Troubleshooting: https://docs.openclaw.ai/troubleshooting
[2026-03-16 20:05:52] ✅ Gateway OK (RPC probe passed)
[2026-03-16 20:11:01] Watchdog check...
Cleanup hint: launchctl bootout gui/$UID/ai.openclaw.gateway
Cleanup hint: rm ~/Library/LaunchAgents/ai.openclaw.gateway.plist

Recommendation: run a single gateway per machine for most setups. One gateway supports multiple agents (see docs: /gateway#multiple-gateways-same-host).
If you need multiple gateways (e.g., a rescue bot on the same host), isolate ports + config/state (see docs: /gateway#multiple-gateways-same-host).

Troubles: run openclaw status
Troubleshooting: https://docs.openclaw.ai/troubleshooting
[2026-03-16 20:11:01] ✅ Gateway OK (RPC probe passed)
[2026-03-16 20:16:08] Watchdog check...
Cleanup hint: launchctl bootout gui/$UID/ai.openclaw.gateway
Cleanup hint: rm ~/Library/LaunchAgents/ai.openclaw.gateway.plist

Recommendation: run a single gateway per machine for most setups. One gateway supports multiple agents (see docs: /gateway#multiple-gateways-same-host).
If you need multiple gateways (e.g., a rescue bot on the same host), isolate ports + config/state (see docs: /gateway#multiple-gateways-same-host).

Troubles: run openclaw status
Troubleshooting: https://docs.openclaw.ai/troubleshooting
[2026-03-16 20:16:08] ✅ Gateway OK (RPC probe passed)
[2026-03-16 20:21:15] Watchdog check...
Probe note: Loopback-only gateway; only local clients can connect.

Runtime: running (pid 34418)
RPC probe: ok

Listening: 127.0.0.1:18789
Troubles: run openclaw status
Troubleshooting: https://docs.openclaw.ai/troubleshooting
[2026-03-16 20:21:15] ✅ Gateway OK (RPC probe passed)
[2026-03-16 20:26:22] Watchdog check...
Probe note: Loopback-only gateway; only local clients can connect.

Runtime: running (pid 34418)
RPC probe: ok

Listening: 127.0.0.1:18789
Troubles: run openclaw status
Troubleshooting: https://docs.openclaw.ai/troubleshooting
[2026-03-16 20:26:22] ✅ Gateway OK (RPC probe passed)
[2026-03-16 20:31:29] Watchdog check...
Probe note: Loopback-only gateway; only local clients can connect.

Runtime: running (pid 34418)
RPC probe: ok

Listening: 127.0.0.1:18789
Troubles: run openclaw status
Troubleshooting: https://docs.openclaw.ai/troubleshooting
[2026-03-16 20:31:29] ✅ Gateway OK (RPC probe passed)
[2026-03-16 20:36:36] Watchdog check...
Probe note: Loopback-only gateway; only local clients can connect.

Runtime: running (pid 34418)
RPC probe: ok

Listening: 127.0.0.1:18789
Troubles: run openclaw status
Troubleshooting: https://docs.openclaw.ai/troubleshooting
[2026-03-16 20:36:36] ✅ Gateway OK (RPC probe passed)
[2026-03-16 20:41:43] Watchdog check...
Probe note: Loopback-only gateway; only local clients can connect.

Runtime: running (pid 34418)
RPC probe: ok

Listening: 127.0.0.1:18789
Troubles: run openclaw status
Troubleshooting: https://docs.openclaw.ai/troubleshooting
[2026-03-16 20:41:43] ✅ Gateway OK (RPC probe passed)
[2026-03-16 20:46:50] Watchdog check...
Probe note: Loopback-only gateway; only local clients can connect.

Runtime: running (pid 34418)
RPC probe: ok

Listening: 127.0.0.1:18789
Troubles: run openclaw status
Troubleshooting: https://docs.openclaw.ai/troubleshooting
[2026-03-16 20:46:50] ✅ Gateway OK (RPC probe passed)
[2026-03-16 20:51:57] Watchdog check...
Probe note: Loopback-only gateway; only local clients can connect.

Runtime: running (pid 34418)
RPC probe: ok

Listening: 127.0.0.1:18789
Troubles: run openclaw status
Troubleshooting: https://docs.openclaw.ai/troubleshooting
[2026-03-16 20:51:57] ✅ Gateway OK (RPC probe passed)
[2026-03-16 20:57:04] Watchdog check...
Probe note: Loopback-only gateway; only local clients can connect.

Runtime: running (pid 34418)
RPC probe: ok

Listening: 127.0.0.1:18789
Troubles: run openclaw status
Troubleshooting: https://docs.openclaw.ai/troubleshooting
[2026-03-16 20:57:04] ✅ Gateway OK (RPC probe passed)
[2026-03-16 21:02:11] Watchdog check...
Probe note: Loopback-only gateway; only local clients can connect.

Runtime: running (pid 34418)
RPC probe: ok

Listening: 127.0.0.1:18789
Troubles: run openclaw status
Troubleshooting: https://docs.openclaw.ai/troubleshooting
[2026-03-16 21:02:11] ✅ Gateway OK (RPC probe passed)
[2026-03-16 21:07:20] Watchdog check...
Probe note: Loopback-only gateway; only local clients can connect.

Runtime: running (pid 34418)
RPC probe: ok

Listening: 127.0.0.1:18789
Troubles: run openclaw status
Troubleshooting: https://docs.openclaw.ai/troubleshooting
[2026-03-16 21:07:20] ✅ Gateway OK (RPC probe passed)
[2026-03-16 21:12:27] Watchdog check...
Probe note: Loopback-only gateway; only local clients can connect.

Runtime: running (pid 34418)
RPC probe: ok

Listening: 127.0.0.1:18789
Troubles: run openclaw status
Troubleshooting: https://docs.openclaw.ai/troubleshooting
[2026-03-16 21:12:27] ✅ Gateway OK (RPC probe passed)
[2026-03-16 21:17:34] Watchdog check...
Probe note: Loopback-only gateway; only local clients can connect.

Runtime: running (pid 34418)
RPC probe: ok

Listening: 127.0.0.1:18789
Troubles: run openclaw status
Troubleshooting: https://docs.openclaw.ai/troubleshooting
[2026-03-16 21:17:34] ✅ Gateway OK (RPC probe passed)
[2026-03-16 21:22:40] Watchdog check...
Probe note: Loopback-only gateway; only local clients can connect.

Runtime: running (pid 34418)
RPC probe: ok

Listening: 127.0.0.1:18789
Troubles: run openclaw status
Troubleshooting: https://docs.openclaw.ai/troubleshooting
[2026-03-16 21:22:40] ✅ Gateway OK (RPC probe passed)
[2026-03-16 21:27:49] Watchdog check...
Probe note: Loopback-only gateway; only local clients can connect.

Runtime: running (pid 34418)
RPC probe: ok

Listening: 127.0.0.1:18789
Troubles: run openclaw status
Troubleshooting: https://docs.openclaw.ai/troubleshooting
[2026-03-16 21:27:49] ✅ Gateway OK (RPC probe passed)
[2026-03-16 21:32:58] Watchdog check...
Probe note: Loopback-only gateway; only local clients can connect.

Runtime: running (pid 34418)
RPC probe: ok

Listening: 127.0.0.1:18789
Troubles: run openclaw status
Troubleshooting: https://docs.openclaw.ai/troubleshooting
[2026-03-16 21:32:58] ✅ Gateway OK (RPC probe passed)
[2026-03-16 21:38:06] Watchdog check...
Probe note: Loopback-only gateway; only local clients can connect.

Runtime: running (pid 34418)
RPC probe: ok

Listening: 127.0.0.1:18789
Troubles: run openclaw status
Troubleshooting: https://docs.openclaw.ai/troubleshooting
[2026-03-16 21:38:06] ✅ Gateway OK (RPC probe passed)
[2026-03-16 21:43:15] Watchdog check...
Probe note: Loopback-only gateway; only local clients can connect.

Runtime: running (pid 34418)
RPC probe: ok

Listening: 127.0.0.1:18789
Troubles: run openclaw status
Troubleshooting: https://docs.openclaw.ai/troubleshooting
[2026-03-16 21:43:15] ✅ Gateway OK (RPC probe passed)
[2026-03-16 21:48:23] Watchdog check...
Probe note: Loopback-only gateway; only local clients can connect.

Runtime: running (pid 34418)
RPC probe: ok

Listening: 127.0.0.1:18789
Troubles: run openclaw status
Troubleshooting: https://docs.openclaw.ai/troubleshooting
[2026-03-16 21:48:23] ✅ Gateway OK (RPC probe passed)
[2026-03-16 21:53:32] Watchdog check...
Probe note: Loopback-only gateway; only local clients can connect.

Runtime: running (pid 34418)
RPC probe: ok

Listening: 127.0.0.1:18789
Troubles: run openclaw status
Troubleshooting: https://docs.openclaw.ai/troubleshooting
[2026-03-16 21:53:32] ✅ Gateway OK (RPC probe passed)
[2026-03-16 21:58:40] Watchdog check...
Probe note: Loopback-only gateway; only local clients can connect.

Runtime: running (pid 34418)
RPC probe: ok

Listening: 127.0.0.1:18789
Troubles: run openclaw status
Troubleshooting: https://docs.openclaw.ai/troubleshooting
[2026-03-16 21:58:40] ✅ Gateway OK (RPC probe passed)
[2026-03-16 22:03:49] Watchdog check...
Probe note: Loopback-only gateway; only local clients can connect.

Runtime: running (pid 34418)
RPC probe: ok

Listening: 127.0.0.1:18789
Troubles: run openclaw status
Troubleshooting: https://docs.openclaw.ai/troubleshooting
[2026-03-16 22:03:49] ✅ Gateway OK (RPC probe passed)
[2026-03-16 22:08:57] Watchdog check...
Probe note: Loopback-only gateway; only local clients can connect.

Runtime: running (pid 34418)
RPC probe: ok

Listening: 127.0.0.1:18789
Troubles: run openclaw status
Troubleshooting: https://docs.openclaw.ai/troubleshooting
[2026-03-16 22:08:57] ✅ Gateway OK (RPC probe passed)
[2026-03-16 22:14:06] Watchdog check...
Probe note: Loopback-only gateway; only local clients can connect.

Runtime: running (pid 34418)
RPC probe: ok

Listening: 127.0.0.1:18789
Troubles: run openclaw status
Troubleshooting: https://docs.openclaw.ai/troubleshooting
[2026-03-16 22:14:06] ✅ Gateway OK (RPC probe passed)
[2026-03-16 22:19:14] Watchdog check...
Probe note: Loopback-only gateway; only local clients can connect.

Runtime: running (pid 34418)
RPC probe: ok

Listening: 127.0.0.1:18789
Troubles: run openclaw status
Troubleshooting: https://docs.openclaw.ai/troubleshooting
[2026-03-16 22:19:14] ✅ Gateway OK (RPC probe passed)
[2026-03-16 22:24:22] Watchdog check...
Probe note: Loopback-only gateway; only local clients can connect.

Runtime: running (pid 34418)
RPC probe: ok

Listening: 127.0.0.1:18789
Troubles: run openclaw status
Troubleshooting: https://docs.openclaw.ai/troubleshooting
[2026-03-16 22:24:22] ✅ Gateway OK (RPC probe passed)
[2026-03-16 22:29:31] Watchdog check...
Probe note: Loopback-only gateway; only local clients can connect.

Runtime: running (pid 34418)
RPC probe: ok

Listening: 127.0.0.1:18789
Troubles: run openclaw status
Troubleshooting: https://docs.openclaw.ai/troubleshooting
[2026-03-16 22:29:31] ✅ Gateway OK (RPC probe passed)
[2026-03-16 22:34:39] Watchdog check...
Probe note: Loopback-only gateway; only local clients can connect.

Runtime: running (pid 34418)
RPC probe: ok

Listening: 127.0.0.1:18789
Troubles: run openclaw status
Troubleshooting: https://docs.openclaw.ai/troubleshooting
[2026-03-16 22:34:39] ✅ Gateway OK (RPC probe passed)
[2026-03-16 22:39:54] Watchdog check...
Probe note: Loopback-only gateway; only local clients can connect.

Runtime: running (pid 34418)
RPC probe: ok

Listening: 127.0.0.1:18789
Troubles: run openclaw status
Troubleshooting: https://docs.openclaw.ai/troubleshooting
[2026-03-16 22:39:54] ✅ Gateway OK (RPC probe passed)
[2026-03-16 22:45:07] Watchdog check...
Probe note: Loopback-only gateway; only local clients can connect.

Runtime: running (pid 34418)
RPC probe: ok

Listening: 127.0.0.1:18789
Troubles: run openclaw status
Troubleshooting: https://docs.openclaw.ai/troubleshooting
[2026-03-16 22:45:07] ✅ Gateway OK (RPC probe passed)
[2026-03-16 22:50:19] Watchdog check...
Probe note: Loopback-only gateway; only local clients can connect.

Runtime: running (pid 34418)
RPC probe: ok

Listening: 127.0.0.1:18789
Troubles: run openclaw status
Troubleshooting: https://docs.openclaw.ai/troubleshooting
[2026-03-16 22:50:19] ✅ Gateway OK (RPC probe passed)
[2026-03-16 22:55:31] Watchdog check...
Probe note: Loopback-only gateway; only local clients can connect.

Runtime: running (pid 34418)
RPC probe: ok

Listening: 127.0.0.1:18789
Troubles: run openclaw status
Troubleshooting: https://docs.openclaw.ai/troubleshooting
[2026-03-16 22:55:31] ✅ Gateway OK (RPC probe passed)
[2026-03-16 23:00:42] Watchdog check...
Probe note: Loopback-only gateway; only local clients can connect.

Runtime: running (pid 34418)
RPC probe: ok

Listening: 127.0.0.1:18789
Troubles: run openclaw status
Troubleshooting: https://docs.openclaw.ai/troubleshooting
[2026-03-16 23:00:42] ✅ Gateway OK (RPC probe passed)
[2026-03-16 23:05:53] Watchdog check...
Probe note: Loopback-only gateway; only local clients can connect.

Runtime: running (pid 34418)
RPC probe: ok

Listening: 127.0.0.1:18789
Troubles: run openclaw status
Troubleshooting: https://docs.openclaw.ai/troubleshooting
[2026-03-16 23:05:53] ✅ Gateway OK (RPC probe passed)
[2026-03-16 23:11:05] Watchdog check...
Probe note: Loopback-only gateway; only local clients can connect.

Runtime: running (pid 34418)
RPC probe: ok

Listening: 127.0.0.1:18789
Troubles: run openclaw status
Troubleshooting: https://docs.openclaw.ai/troubleshooting
[2026-03-16 23:11:05] ✅ Gateway OK (RPC probe passed)
[2026-03-16 23:16:16] Watchdog check...
Probe note: Loopback-only gateway; only local clients can connect.

Runtime: running (pid 34418)
RPC probe: ok

Listening: 127.0.0.1:18789
Troubles: run openclaw status
Troubleshooting: https://docs.openclaw.ai/troubleshooting
[2026-03-16 23:16:16] ✅ Gateway OK (RPC probe passed)
[2026-03-16 23:21:27] Watchdog check...
Probe note: Loopback-only gateway; only local clients can connect.

Runtime: running (pid 34418)
RPC probe: ok

Listening: 127.0.0.1:18789
Troubles: run openclaw status
Troubleshooting: https://docs.openclaw.ai/troubleshooting
[2026-03-16 23:21:27] ✅ Gateway OK (RPC probe passed)
[2026-03-16 23:26:38] Watchdog check...
Probe note: Loopback-only gateway; only local clients can connect.

Runtime: running (pid 34418)
RPC probe: ok

Listening: 127.0.0.1:18789
Troubles: run openclaw status
Troubleshooting: https://docs.openclaw.ai/troubleshooting
[2026-03-16 23:26:38] ✅ Gateway OK (RPC probe passed)
[2026-03-16 23:31:49] Watchdog check...
Probe note: Loopback-only gateway; only local clients can connect.

Runtime: running (pid 34418)
RPC probe: ok

Listening: 127.0.0.1:18789
Troubles: run openclaw status
Troubleshooting: https://docs.openclaw.ai/troubleshooting
[2026-03-16 23:31:49] ✅ Gateway OK (RPC probe passed)
[2026-03-16 23:37:00] Watchdog check...
Probe note: Loopback-only gateway; only local clients can connect.

Runtime: running (pid 34418)
RPC probe: ok

Listening: 127.0.0.1:18789
Troubles: run openclaw status
Troubleshooting: https://docs.openclaw.ai/troubleshooting
[2026-03-16 23:37:00] ✅ Gateway OK (RPC probe passed)
[2026-03-16 23:42:11] Watchdog check...
Probe note: Loopback-only gateway; only local clients can connect.

Runtime: running (pid 34418)
RPC probe: ok

Listening: 127.0.0.1:18789
Troubles: run openclaw status
Troubleshooting: https://docs.openclaw.ai/troubleshooting
[2026-03-16 23:42:11] ✅ Gateway OK (RPC probe passed)
[2026-03-16 23:47:24] Watchdog check...
Probe note: Loopback-only gateway; only local clients can connect.

Runtime: running (pid 34418)
RPC probe: ok

Listening: 127.0.0.1:18789
Troubles: run openclaw status
Troubleshooting: https://docs.openclaw.ai/troubleshooting
[2026-03-16 23:47:24] ✅ Gateway OK (RPC probe passed)
[2026-03-16 23:52:35] Watchdog check...
Probe note: Loopback-only gateway; only local clients can connect.

Runtime: running (pid 34418)
RPC probe: ok

Listening: 127.0.0.1:18789
Troubles: run openclaw status
Troubleshooting: https://docs.openclaw.ai/troubleshooting
[2026-03-16 23:52:35] ✅ Gateway OK (RPC probe passed)
[2026-03-16 23:57:48] Watchdog check...
Probe note: Loopback-only gateway; only local clients can connect.

Runtime: running (pid 34418)
RPC probe: ok

Listening: 127.0.0.1:18789
Troubles: run openclaw status
Troubleshooting: https://docs.openclaw.ai/troubleshooting
[2026-03-16 23:57:48] ✅ Gateway OK (RPC probe passed)
[2026-03-17 00:02:59] Watchdog check...
Probe note: Loopback-only gateway; only local clients can connect.

Runtime: running (pid 34418)
RPC probe: ok

Listening: 127.0.0.1:18789
Troubles: run openclaw status
Troubleshooting: https://docs.openclaw.ai/troubleshooting
[2026-03-17 00:02:59] ✅ Gateway OK (RPC probe passed)
[2026-03-17 00:08:18] Watchdog check...
Probe note: Loopback-only gateway; only local clients can connect.

Runtime: running (pid 34418)
RPC probe: ok

Listening: 127.0.0.1:18789
Troubles: run openclaw status
Troubleshooting: https://docs.openclaw.ai/troubleshooting
[2026-03-17 00:08:18] ✅ Gateway OK (RPC probe passed)
[2026-03-17 00:13:29] Watchdog check...
Probe note: Loopback-only gateway; only local clients can connect.

Runtime: running (pid 34418)
RPC probe: ok

Listening: 127.0.0.1:18789
Troubles: run openclaw status
Troubleshooting: https://docs.openclaw.ai/troubleshooting
[2026-03-17 00:13:29] ✅ Gateway OK (RPC probe passed)
[2026-03-17 00:18:43] Watchdog check...
Probe note: Loopback-only gateway; only local clients can connect.

Runtime: running (pid 34418)
RPC probe: ok

Listening: 127.0.0.1:18789
Troubles: run openclaw status
Troubleshooting: https://docs.openclaw.ai/troubleshooting
[2026-03-17 00:18:43] ✅ Gateway OK (RPC probe passed)
[2026-03-17 00:23:53] Watchdog check...
Probe note: Loopback-only gateway; only local clients can connect.

Runtime: running (pid 34418)
RPC probe: ok

Listening: 127.0.0.1:18789
Troubles: run openclaw status
Troubleshooting: https://docs.openclaw.ai/troubleshooting
[2026-03-17 00:23:53] ✅ Gateway OK (RPC probe passed)
[2026-03-17 00:29:04] Watchdog check...
Probe note: Loopback-only gateway; only local clients can connect.

Runtime: running (pid 34418)
RPC probe: ok

Listening: 127.0.0.1:18789
Troubles: run openclaw status
Troubleshooting: https://docs.openclaw.ai/troubleshooting
[2026-03-17 00:29:04] ✅ Gateway OK (RPC probe passed)
[2026-03-17 00:34:14] Watchdog check...
Probe note: Loopback-only gateway; only local clients can connect.

Runtime: running (pid 34418)
RPC probe: ok

Listening: 127.0.0.1:18789
Troubles: run openclaw status
Troubleshooting: https://docs.openclaw.ai/troubleshooting
[2026-03-17 00:34:14] ✅ Gateway OK (RPC probe passed)
[2026-03-17 00:39:23] Watchdog check...
Probe note: Loopback-only gateway; only local clients can connect.

Runtime: running (pid 34418)
RPC probe: ok

Listening: 127.0.0.1:18789
Troubles: run openclaw status
Troubleshooting: https://docs.openclaw.ai/troubleshooting
[2026-03-17 00:39:23] ✅ Gateway OK (RPC probe passed)
[2026-03-17 00:44:31] Watchdog check...
Probe note: Loopback-only gateway; only local clients can connect.

Runtime: running (pid 34418)
RPC probe: ok

Listening: 127.0.0.1:18789
Troubles: run openclaw status
Troubleshooting: https://docs.openclaw.ai/troubleshooting
[2026-03-17 00:44:31] ✅ Gateway OK (RPC probe passed)
[2026-03-17 00:49:39] Watchdog check...
Probe note: Loopback-only gateway; only local clients can connect.

Runtime: running (pid 34418)
RPC probe: ok

Listening: 127.0.0.1:18789
Troubles: run openclaw status
Troubleshooting: https://docs.openclaw.ai/troubleshooting
[2026-03-17 00:49:39] ✅ Gateway OK (RPC probe passed)
[2026-03-17 00:54:46] Watchdog check...
Probe note: Loopback-only gateway; only local clients can connect.

Runtime: running (pid 34418)
RPC probe: ok

Listening: 127.0.0.1:18789
Troubles: run openclaw status
Troubleshooting: https://docs.openclaw.ai/troubleshooting
[2026-03-17 00:54:46] ✅ Gateway OK (RPC probe passed)
[2026-03-17 00:59:53] Watchdog check...
Probe note: Loopback-only gateway; only local clients can connect.

Runtime: running (pid 34418)
RPC probe: ok

Listening: 127.0.0.1:18789
Troubles: run openclaw status
Troubleshooting: https://docs.openclaw.ai/troubleshooting
[2026-03-17 00:59:53] ✅ Gateway OK (RPC probe passed)
[2026-03-17 01:05:00] Watchdog check...
Probe note: Loopback-only gateway; only local clients can connect.

Runtime: running (pid 34418)
RPC probe: ok

Listening: 127.0.0.1:18789
Troubles: run openclaw status
Troubleshooting: https://docs.openclaw.ai/troubleshooting
[2026-03-17 01:05:00] ✅ Gateway OK (RPC probe passed)
[2026-03-17 01:10:07] Watchdog check...
Probe note: Loopback-only gateway; only local clients can connect.

Runtime: running (pid 34418)
RPC probe: ok

Listening: 127.0.0.1:18789
Troubles: run openclaw status
Troubleshooting: https://docs.openclaw.ai/troubleshooting
[2026-03-17 01:10:07] ✅ Gateway OK (RPC probe passed)
[2026-03-17 01:15:14] Watchdog check...
Probe note: Loopback-only gateway; only local clients can connect.

Runtime: running (pid 34418)
RPC probe: ok

Listening: 127.0.0.1:18789
Troubles: run openclaw status
Troubleshooting: https://docs.openclaw.ai/troubleshooting
[2026-03-17 01:15:14] ✅ Gateway OK (RPC probe passed)
[2026-03-17 01:20:22] Watchdog check...
Probe note: Loopback-only gateway; only local clients can connect.

Runtime: running (pid 34418)
RPC probe: ok

Listening: 127.0.0.1:18789
Troubles: run openclaw status
Troubleshooting: https://docs.openclaw.ai/troubleshooting
[2026-03-17 01:20:22] ✅ Gateway OK (RPC probe passed)
[2026-03-17 01:25:32] Watchdog check...
Probe note: Loopback-only gateway; only local clients can connect.

Runtime: running (pid 34418)
RPC probe: ok

Listening: 127.0.0.1:18789
Troubles: run openclaw status
Troubleshooting: https://docs.openclaw.ai/troubleshooting
[2026-03-17 01:25:32] ✅ Gateway OK (RPC probe passed)
[2026-03-17 01:30:42] Watchdog check...
Probe note: Loopback-only gateway; only local clients can connect.

Runtime: running (pid 34418)
RPC probe: ok

Listening: 127.0.0.1:18789
Troubles: run openclaw status
Troubleshooting: https://docs.openclaw.ai/troubleshooting
[2026-03-17 01:30:42] ✅ Gateway OK (RPC probe passed)
[2026-03-17 01:35:51] Watchdog check...
Probe note: Loopback-only gateway; only local clients can connect.

Runtime: running (pid 34418)
RPC probe: ok

Listening: 127.0.0.1:18789
Troubles: run openclaw status
Troubleshooting: https://docs.openclaw.ai/troubleshooting
[2026-03-17 01:35:51] ✅ Gateway OK (RPC probe passed)
[2026-03-17 01:41:01] Watchdog check...
Probe note: Loopback-only gateway; only local clients can connect.

Runtime: running (pid 34418)
RPC probe: ok

Listening: 127.0.0.1:18789
Troubles: run openclaw status
Troubleshooting: https://docs.openclaw.ai/troubleshooting
[2026-03-17 01:41:01] ✅ Gateway OK (RPC probe passed)
[2026-03-17 01:46:11] Watchdog check...
Probe note: Loopback-only gateway; only local clients can connect.

Runtime: running (pid 34418)
RPC probe: ok

Listening: 127.0.0.1:18789
Troubles: run openclaw status
Troubleshooting: https://docs.openclaw.ai/troubleshooting
[2026-03-17 01:46:11] ✅ Gateway OK (RPC probe passed)
[2026-03-17 01:51:19] Watchdog check...
Probe note: Loopback-only gateway; only local clients can connect.

Runtime: running (pid 34418)
RPC probe: ok

Listening: 127.0.0.1:18789
Troubles: run openclaw status
Troubleshooting: https://docs.openclaw.ai/troubleshooting
[2026-03-17 01:51:19] ✅ Gateway OK (RPC probe passed)
[2026-03-17 01:56:28] Watchdog check...
Probe note: Loopback-only gateway; only local clients can connect.

Runtime: running (pid 34418)
RPC probe: ok

Listening: 127.0.0.1:18789
Troubles: run openclaw status
Troubleshooting: https://docs.openclaw.ai/troubleshooting
[2026-03-17 01:56:28] ✅ Gateway OK (RPC probe passed)
[2026-03-17 02:01:37] Watchdog check...
Probe note: Loopback-only gateway; only local clients can connect.

Runtime: running (pid 34418)
RPC probe: ok

Listening: 127.0.0.1:18789
Troubles: run openclaw status
Troubleshooting: https://docs.openclaw.ai/troubleshooting
[2026-03-17 02:01:37] ✅ Gateway OK (RPC probe passed)
[2026-03-17 02:06:46] Watchdog check...
Probe note: Loopback-only gateway; only local clients can connect.

Runtime: running (pid 34418)
RPC probe: ok

Listening: 127.0.0.1:18789
Troubles: run openclaw status
Troubleshooting: https://docs.openclaw.ai/troubleshooting
[2026-03-17 02:06:46] ✅ Gateway OK (RPC probe passed)
[2026-03-17 02:11:55] Watchdog check...
Probe note: Loopback-only gateway; only local clients can connect.

Runtime: running (pid 34418)
RPC probe: ok

Listening: 127.0.0.1:18789
Troubles: run openclaw status
Troubleshooting: https://docs.openclaw.ai/troubleshooting
[2026-03-17 02:11:55] ✅ Gateway OK (RPC probe passed)
[2026-03-17 02:17:06] Watchdog check...
Probe note: Loopback-only gateway; only local clients can connect.

Runtime: running (pid 34418)
RPC probe: ok

Listening: 127.0.0.1:18789
Troubles: run openclaw status
Troubleshooting: https://docs.openclaw.ai/troubleshooting
[2026-03-17 02:17:06] ✅ Gateway OK (RPC probe passed)
[2026-03-17 02:22:15] Watchdog check...
Probe note: Loopback-only gateway; only local clients can connect.

Runtime: running (pid 34418)
RPC probe: ok

Listening: 127.0.0.1:18789
Troubles: run openclaw status
Troubleshooting: https://docs.openclaw.ai/troubleshooting
[2026-03-17 02:22:15] ✅ Gateway OK (RPC probe passed)
[2026-03-17 02:27:25] Watchdog check...
Probe note: Loopback-only gateway; only local clients can connect.

Runtime: running (pid 34418)
RPC probe: ok

Listening: 127.0.0.1:18789
Troubles: run openclaw status
Troubleshooting: https://docs.openclaw.ai/troubleshooting
[2026-03-17 02:27:25] ✅ Gateway OK (RPC probe passed)
[2026-03-17 02:32:36] Watchdog check...
Probe note: Loopback-only gateway; only local clients can connect.

Runtime: running (pid 34418)
RPC probe: ok

Listening: 127.0.0.1:18789
Troubles: run openclaw status
Troubleshooting: https://docs.openclaw.ai/troubleshooting
[2026-03-17 02:32:36] ✅ Gateway OK (RPC probe passed)
[2026-03-17 02:37:45] Watchdog check...
Probe note: Loopback-only gateway; only local clients can connect.

Runtime: running (pid 34418)
RPC probe: ok

Listening: 127.0.0.1:18789
Troubles: run openclaw status
Troubleshooting: https://docs.openclaw.ai/troubleshooting
[2026-03-17 02:37:45] ✅ Gateway OK (RPC probe passed)
[2026-03-17 02:42:54] Watchdog check...
Probe note: Loopback-only gateway; only local clients can connect.

Runtime: running (pid 34418)
RPC probe: ok

Listening: 127.0.0.1:18789
Troubles: run openclaw status
Troubleshooting: https://docs.openclaw.ai/troubleshooting
[2026-03-17 02:42:54] ✅ Gateway OK (RPC probe passed)
[2026-03-17 02:48:04] Watchdog check...
Probe note: Loopback-only gateway; only local clients can connect.

Runtime: running (pid 34418)
RPC probe: ok

Listening: 127.0.0.1:18789
Troubles: run openclaw status
Troubleshooting: https://docs.openclaw.ai/troubleshooting
[2026-03-17 02:48:04] ✅ Gateway OK (RPC probe passed)
[2026-03-17 02:53:17] Watchdog check...
Probe note: Loopback-only gateway; only local clients can connect.

Runtime: running (pid 34418)
RPC probe: ok

Listening: 127.0.0.1:18789
Troubles: run openclaw status
Troubleshooting: https://docs.openclaw.ai/troubleshooting
[2026-03-17 02:53:17] ✅ Gateway OK (RPC probe passed)
[2026-03-17 02:58:29] Watchdog check...
Probe note: Loopback-only gateway; only local clients can connect.

Runtime: running (pid 34418)
RPC probe: ok

Listening: 127.0.0.1:18789
Troubles: run openclaw status
Troubleshooting: https://docs.openclaw.ai/troubleshooting
[2026-03-17 02:58:29] ✅ Gateway OK (RPC probe passed)
[2026-03-17 03:03:41] Watchdog check...
Probe note: Loopback-only gateway; only local clients can connect.

Runtime: running (pid 34418)
RPC probe: ok

Listening: 127.0.0.1:18789
Troubles: run openclaw status
Troubleshooting: https://docs.openclaw.ai/troubleshooting
[2026-03-17 03:03:41] ✅ Gateway OK (RPC probe passed)
[2026-03-17 03:08:53] Watchdog check...
Probe note: Loopback-only gateway; only local clients can connect.

Runtime: running (pid 34418)
RPC probe: ok

Listening: 127.0.0.1:18789
Troubles: run openclaw status
Troubleshooting: https://docs.openclaw.ai/troubleshooting
[2026-03-17 03:08:53] ✅ Gateway OK (RPC probe passed)
[2026-03-17 03:14:05] Watchdog check...
Probe note: Loopback-only gateway; only local clients can connect.

Runtime: running (pid 34418)
RPC probe: ok

Listening: 127.0.0.1:18789
Troubles: run openclaw status
Troubleshooting: https://docs.openclaw.ai/troubleshooting
[2026-03-17 03:14:05] ✅ Gateway OK (RPC probe passed)
[2026-03-17 03:19:17] Watchdog check...
Probe note: Loopback-only gateway; only local clients can connect.

Runtime: running (pid 34418)
RPC probe: ok

Listening: 127.0.0.1:18789
Troubles: run openclaw status
Troubleshooting: https://docs.openclaw.ai/troubleshooting
[2026-03-17 03:19:17] ✅ Gateway OK (RPC probe passed)
[2026-03-17 03:24:29] Watchdog check...
Probe note: Loopback-only gateway; only local clients can connect.

Runtime: running (pid 34418)
RPC probe: ok

Listening: 127.0.0.1:18789
Troubles: run openclaw status
Troubleshooting: https://docs.openclaw.ai/troubleshooting
[2026-03-17 03:24:29] ✅ Gateway OK (RPC probe passed)
[2026-03-17 03:29:41] Watchdog check...
Probe note: Loopback-only gateway; only local clients can connect.

Runtime: running (pid 34418)
RPC probe: ok

Listening: 127.0.0.1:18789
Troubles: run openclaw status
Troubleshooting: https://docs.openclaw.ai/troubleshooting
[2026-03-17 03:29:41] ✅ Gateway OK (RPC probe passed)
[2026-03-17 03:34:53] Watchdog check...
Probe note: Loopback-only gateway; only local clients can connect.

Runtime: running (pid 34418)
RPC probe: ok

Listening: 127.0.0.1:18789
Troubles: run openclaw status
Troubleshooting: https://docs.openclaw.ai/troubleshooting
[2026-03-17 03:34:53] ✅ Gateway OK (RPC probe passed)
[2026-03-17 03:40:05] Watchdog check...
Probe note: Loopback-only gateway; only local clients can connect.

Runtime: running (pid 34418)
RPC probe: ok

Listening: 127.0.0.1:18789
Troubles: run openclaw status
Troubleshooting: https://docs.openclaw.ai/troubleshooting
[2026-03-17 03:40:05] ✅ Gateway OK (RPC probe passed)
[2026-03-17 03:45:16] Watchdog check...
Probe note: Loopback-only gateway; only local clients can connect.

Runtime: running (pid 34418)
RPC probe: ok

Listening: 127.0.0.1:18789
Troubles: run openclaw status
Troubleshooting: https://docs.openclaw.ai/troubleshooting
[2026-03-17 03:45:16] ✅ Gateway OK (RPC probe passed)
[2026-03-17 03:50:29] Watchdog check...
Probe note: Loopback-only gateway; only local clients can connect.

Runtime: running (pid 34418)
RPC probe: ok

Listening: 127.0.0.1:18789
Troubles: run openclaw status
Troubleshooting: https://docs.openclaw.ai/troubleshooting
[2026-03-17 03:50:29] ✅ Gateway OK (RPC probe passed)
[2026-03-17 03:55:40] Watchdog check...
Probe note: Loopback-only gateway; only local clients can connect.

Runtime: running (pid 34418)
RPC probe: ok

Listening: 127.0.0.1:18789
Troubles: run openclaw status
Troubleshooting: https://docs.openclaw.ai/troubleshooting
[2026-03-17 03:55:40] ✅ Gateway OK (RPC probe passed)
[2026-03-17 04:00:50] Watchdog check...
Probe note: Loopback-only gateway; only local clients can connect.

Runtime: running (pid 34418)
RPC probe: ok

Listening: 127.0.0.1:18789
Troubles: run openclaw status
Troubleshooting: https://docs.openclaw.ai/troubleshooting
[2026-03-17 04:00:50] ✅ Gateway OK (RPC probe passed)
[2026-03-17 04:06:00] Watchdog check...
Probe note: Loopback-only gateway; only local clients can connect.

Runtime: running (pid 34418)
RPC probe: ok

Listening: 127.0.0.1:18789
Troubles: run openclaw status
Troubleshooting: https://docs.openclaw.ai/troubleshooting
[2026-03-17 04:06:00] ✅ Gateway OK (RPC probe passed)
[2026-03-17 04:11:10] Watchdog check...
Probe note: Loopback-only gateway; only local clients can connect.

Runtime: running (pid 34418)
RPC probe: ok

Listening: 127.0.0.1:18789
Troubles: run openclaw status
Troubleshooting: https://docs.openclaw.ai/troubleshooting
[2026-03-17 04:11:10] ✅ Gateway OK (RPC probe passed)
[2026-03-17 04:16:21] Watchdog check...
Probe note: Loopback-only gateway; only local clients can connect.

Runtime: running (pid 34418)
RPC probe: ok

Listening: 127.0.0.1:18789
Troubles: run openclaw status
Troubleshooting: https://docs.openclaw.ai/troubleshooting
[2026-03-17 04:16:21] ✅ Gateway OK (RPC probe passed)
[2026-03-17 04:21:31] Watchdog check...
Probe note: Loopback-only gateway; only local clients can connect.

Runtime: running (pid 34418)
RPC probe: ok

Listening: 127.0.0.1:18789
Troubles: run openclaw status
Troubleshooting: https://docs.openclaw.ai/troubleshooting
[2026-03-17 04:21:31] ✅ Gateway OK (RPC probe passed)
[2026-03-17 04:26:41] Watchdog check...
Probe note: Loopback-only gateway; only local clients can connect.

Runtime: running (pid 34418)
RPC probe: ok

Listening: 127.0.0.1:18789
Troubles: run openclaw status
Troubleshooting: https://docs.openclaw.ai/troubleshooting
[2026-03-17 04:26:41] ✅ Gateway OK (RPC probe passed)
[2026-03-17 04:32:03] Watchdog check...
Probe note: Loopback-only gateway; only local clients can connect.

Runtime: running (pid 34418)
RPC probe: ok

Listening: 127.0.0.1:18789
Troubles: run openclaw status
Troubleshooting: https://docs.openclaw.ai/troubleshooting
[2026-03-17 04:32:03] ✅ Gateway OK (RPC probe passed)
[2026-03-17 04:37:14] Watchdog check...
Probe note: Loopback-only gateway; only local clients can connect.

Runtime: running (pid 34418)
RPC probe: ok

Listening: 127.0.0.1:18789
Troubles: run openclaw status
Troubleshooting: https://docs.openclaw.ai/troubleshooting
[2026-03-17 04:37:14] ✅ Gateway OK (RPC probe passed)
[2026-03-17 04:42:26] Watchdog check...
Probe note: Loopback-only gateway; only local clients can connect.

Runtime: running (pid 34418)
RPC probe: ok

Listening: 127.0.0.1:18789
Troubles: run openclaw status
Troubleshooting: https://docs.openclaw.ai/troubleshooting
[2026-03-17 04:42:26] ✅ Gateway OK (RPC probe passed)
[2026-03-17 04:47:34] Watchdog check...
Probe note: Loopback-only gateway; only local clients can connect.

Runtime: running (pid 34418)
RPC probe: ok

Listening: 127.0.0.1:18789
Troubles: run openclaw status
Troubleshooting: https://docs.openclaw.ai/troubleshooting
[2026-03-17 04:47:34] ✅ Gateway OK (RPC probe passed)
[2026-03-17 04:52:43] Watchdog check...
Probe note: Loopback-only gateway; only local clients can connect.

Runtime: running (pid 34418)
RPC probe: ok

Listening: 127.0.0.1:18789
Troubles: run openclaw status
Troubleshooting: https://docs.openclaw.ai/troubleshooting
[2026-03-17 04:52:43] ✅ Gateway OK (RPC probe passed)
[2026-03-17 04:57:52] Watchdog check...
Probe note: Loopback-only gateway; only local clients can connect.

Runtime: running (pid 34418)
RPC probe: ok

Listening: 127.0.0.1:18789
Troubles: run openclaw status
Troubleshooting: https://docs.openclaw.ai/troubleshooting
[2026-03-17 04:57:52] ✅ Gateway OK (RPC probe passed)
[2026-03-17 05:03:00] Watchdog check...
Probe note: Loopback-only gateway; only local clients can connect.

Runtime: running (pid 34418)
RPC probe: ok

Listening: 127.0.0.1:18789
Troubles: run openclaw status
Troubleshooting: https://docs.openclaw.ai/troubleshooting
[2026-03-17 05:03:00] ✅ Gateway OK (RPC probe passed)
[2026-03-17 05:08:09] Watchdog check...
Probe note: Loopback-only gateway; only local clients can connect.

Runtime: running (pid 34418)
RPC probe: ok

Listening: 127.0.0.1:18789
Troubles: run openclaw status
Troubleshooting: https://docs.openclaw.ai/troubleshooting
[2026-03-17 05:08:09] ✅ Gateway OK (RPC probe passed)
[2026-03-17 05:13:18] Watchdog check...
Probe note: Loopback-only gateway; only local clients can connect.

Runtime: running (pid 34418)
RPC probe: ok

Listening: 127.0.0.1:18789
Troubles: run openclaw status
Troubleshooting: https://docs.openclaw.ai/troubleshooting
[2026-03-17 05:13:18] ✅ Gateway OK (RPC probe passed)
[2026-03-17 05:18:27] Watchdog check...
Probe note: Loopback-only gateway; only local clients can connect.

Runtime: running (pid 34418)
RPC probe: ok

Listening: 127.0.0.1:18789
Troubles: run openclaw status
Troubleshooting: https://docs.openclaw.ai/troubleshooting
[2026-03-17 05:18:27] ✅ Gateway OK (RPC probe passed)
[2026-03-17 05:23:36] Watchdog check...
Probe note: Loopback-only gateway; only local clients can connect.

Runtime: running (pid 34418)
RPC probe: ok

Listening: 127.0.0.1:18789
Troubles: run openclaw status
Troubleshooting: https://docs.openclaw.ai/troubleshooting
[2026-03-17 05:23:36] ✅ Gateway OK (RPC probe passed)
[2026-03-17 05:28:44] Watchdog check...
Probe note: Loopback-only gateway; only local clients can connect.

Runtime: running (pid 34418)
RPC probe: ok

Listening: 127.0.0.1:18789
Troubles: run openclaw status
Troubleshooting: https://docs.openclaw.ai/troubleshooting
[2026-03-17 05:28:44] ✅ Gateway OK (RPC probe passed)
[2026-03-17 05:33:54] Watchdog check...
Probe note: Loopback-only gateway; only local clients can connect.

Runtime: running (pid 34418)
RPC probe: ok

Listening: 127.0.0.1:18789
Troubles: run openclaw status
Troubleshooting: https://docs.openclaw.ai/troubleshooting
[2026-03-17 05:33:54] ✅ Gateway OK (RPC probe passed)
[2026-03-17 05:39:03] Watchdog check...
Probe note: Loopback-only gateway; only local clients can connect.

Runtime: running (pid 34418)
RPC probe: ok

Listening: 127.0.0.1:18789
Troubles: run openclaw status
Troubleshooting: https://docs.openclaw.ai/troubleshooting
[2026-03-17 05:39:03] ✅ Gateway OK (RPC probe passed)
[2026-03-17 05:44:12] Watchdog check...
Probe note: Loopback-only gateway; only local clients can connect.

Runtime: running (pid 34418)
RPC probe: ok

Listening: 127.0.0.1:18789
Troubles: run openclaw status
Troubleshooting: https://docs.openclaw.ai/troubleshooting
[2026-03-17 05:44:12] ✅ Gateway OK (RPC probe passed)
[2026-03-17 05:49:21] Watchdog check...
Probe note: Loopback-only gateway; only local clients can connect.

Runtime: running (pid 34418)
RPC probe: ok

Listening: 127.0.0.1:18789
Troubles: run openclaw status
Troubleshooting: https://docs.openclaw.ai/troubleshooting
[2026-03-17 05:49:21] ✅ Gateway OK (RPC probe passed)
[2026-03-17 05:54:30] Watchdog check...
Probe note: Loopback-only gateway; only local clients can connect.

Runtime: running (pid 34418)
RPC probe: ok

Listening: 127.0.0.1:18789
Troubles: run openclaw status
Troubleshooting: https://docs.openclaw.ai/troubleshooting
[2026-03-17 05:54:30] ✅ Gateway OK (RPC probe passed)
[2026-03-17 05:59:38] Watchdog check...
Probe note: Loopback-only gateway; only local clients can connect.

Runtime: running (pid 34418)
RPC probe: ok

Listening: 127.0.0.1:18789
Troubles: run openclaw status
Troubleshooting: https://docs.openclaw.ai/troubleshooting
[2026-03-17 05:59:38] ✅ Gateway OK (RPC probe passed)
[2026-03-17 06:04:47] Watchdog check...
Probe note: Loopback-only gateway; only local clients can connect.

Runtime: running (pid 34418)
RPC probe: ok

Listening: 127.0.0.1:18789
Troubles: run openclaw status
Troubleshooting: https://docs.openclaw.ai/troubleshooting
[2026-03-17 06:04:47] ✅ Gateway OK (RPC probe passed)
[2026-03-17 06:09:56] Watchdog check...
Probe note: Loopback-only gateway; only local clients can connect.

Runtime: running (pid 34418)
RPC probe: ok

Listening: 127.0.0.1:18789
Troubles: run openclaw status
Troubleshooting: https://docs.openclaw.ai/troubleshooting
[2026-03-17 06:09:56] ✅ Gateway OK (RPC probe passed)
[2026-03-17 06:15:05] Watchdog check...
Probe note: Loopback-only gateway; only local clients can connect.

Runtime: running (pid 34418)
RPC probe: ok

Listening: 127.0.0.1:18789
Troubles: run openclaw status
Troubleshooting: https://docs.openclaw.ai/troubleshooting
[2026-03-17 06:15:05] ✅ Gateway OK (RPC probe passed)
[2026-03-17 06:20:14] Watchdog check...
Probe note: Loopback-only gateway; only local clients can connect.

Runtime: running (pid 34418)
RPC probe: ok

Listening: 127.0.0.1:18789
Troubles: run openclaw status
Troubleshooting: https://docs.openclaw.ai/troubleshooting
[2026-03-17 06:20:14] ✅ Gateway OK (RPC probe passed)
[2026-03-17 06:25:23] Watchdog check...
Probe note: Loopback-only gateway; only local clients can connect.

Runtime: running (pid 34418)
RPC probe: ok

Listening: 127.0.0.1:18789
Troubles: run openclaw status
Troubleshooting: https://docs.openclaw.ai/troubleshooting
[2026-03-17 06:25:23] ✅ Gateway OK (RPC probe passed)
[2026-03-17 06:30:32] Watchdog check...
Probe note: Loopback-only gateway; only local clients can connect.

Runtime: running (pid 34418)
RPC probe: ok

Listening: 127.0.0.1:18789
Troubles: run openclaw status
Troubleshooting: https://docs.openclaw.ai/troubleshooting
[2026-03-17 06:30:32] ✅ Gateway OK (RPC probe passed)
